payment_id,customer_id,payment_date,amount,status
PAY-000001,CUST-0001,2024-11-23,99,Success
PAY-000002,CUST-0001,2024-12-23,99,Success
PAY-000003,CUST-0001,2025-01-22,99,Success
PAY-000004,CUST-0001,2025-02-21,99,Success
PAY-000005,CUST-0001,2025-03-23,99,Success
PAY-000006,CUST-0001,2025-04-22,99,Success
PAY-000007,CUST-0001,2025-05-22,99,Success
PAY-000008,CUST-0001,2025-06-21,99,Success
PAY-000009,CUST-0001,2025-07-21,99,Success
PAY-000010,CUST-0001,2025-08-20,99,Success
PAY-000011,CUST-0001,2025-09-19,99,Success
PAY-000012,CUST-0001,2025-10-19,99,Success
PAY-000013,CUST-0001,2025-11-18,99,Success
PAY-000014,CUST-0001,2025-12-18,99,Success
PAY-000015,CUST-0001,2026-01-17,99,Success
PAY-000016,CUST-0001,2026-02-16,99,Success
PAY-000017,CUST-0001,2026-03-18,99,Success
PAY-000018,CUST-0001,2026-04-17,99,Success
PAY-000019,CUST-0001,2026-05-17,99,Success
PAY-000020,CUST-0001,2026-06-16,99,Success
PAY-000021,CUST-0002,2025-01-14,299,Failed
PAY-000022,CUST-0002,2025-02-13,299,Success
PAY-000023,CUST-0002,2025-03-15,299,Success
PAY-000024,CUST-0002,2025-04-14,299,Success
PAY-000025,CUST-0002,2025-05-14,299,Success
PAY-000026,CUST-0002,2025-06-13,299,Success
PAY-000027,CUST-0002,2025-07-13,299,Success
PAY-000028,CUST-0002,2025-08-12,299,Success
PAY-000029,CUST-0002,2025-09-11,299,Success
PAY-000030,CUST-0002,2025-10-11,299,Success
PAY-000031,CUST-0002,2025-11-10,299,Success
PAY-000032,CUST-0002,2025-12-10,299,Success
PAY-000033,CUST-0002,2026-01-09,299,Success
PAY-000034,CUST-0002,2026-02-08,299,Success
PAY-000035,CUST-0002,2026-03-10,299,Success
PAY-000036,CUST-0002,2026-04-09,299,Success
PAY-000037,CUST-0002,2026-05-09,299,Success
PAY-000038,CUST-0002,2026-06-08,299,Success
PAY-000039,CUST-0003,2024-04-24,99,Failed
PAY-000040,CUST-0003,2024-05-24,99,Success
PAY-000041,CUST-0003,2024-06-23,99,Success
PAY-000042,CUST-0003,2024-07-23,99,Success
PAY-000043,CUST-0003,2024-08-22,99,Success
PAY-000044,CUST-0003,2024-09-21,99,Failed
PAY-000045,CUST-0003,2024-10-21,99,Success
PAY-000046,CUST-0003,2024-11-20,99,Success
PAY-000047,CUST-0003,2024-12-20,99,Success
PAY-000048,CUST-0003,2025-01-19,99,Success
PAY-000049,CUST-0003,2025-02-18,99,Success
PAY-000050,CUST-0003,2025-03-20,99,Success
PAY-000051,CUST-0003,2025-04-19,99,Success
PAY-000052,CUST-0003,2025-05-19,99,Success
PAY-000053,CUST-0003,2025-06-18,99,Success
PAY-000054,CUST-0003,2025-07-18,99,Success
PAY-000055,CUST-0003,2025-08-17,99,Success
PAY-000056,CUST-0003,2025-09-16,99,Success
PAY-000057,CUST-0003,2025-10-16,99,Success
PAY-000058,CUST-0003,2025-11-15,99,Success
PAY-000059,CUST-0003,2025-12-15,99,Success
PAY-000060,CUST-0003,2026-01-14,99,Success
PAY-000061,CUST-0003,2026-02-13,99,Success
PAY-000062,CUST-0003,2026-03-15,99,Success
PAY-000063,CUST-0003,2026-04-14,99,Failed
PAY-000064,CUST-0003,2026-05-14,99,Success
PAY-000065,CUST-0003,2026-06-13,99,Success
PAY-000066,CUST-0004,2024-12-12,99,Success
PAY-000067,CUST-0004,2025-01-11,99,Success
PAY-000068,CUST-0004,2025-02-10,99,Success
PAY-000069,CUST-0004,2025-03-12,99,Success
PAY-000070,CUST-0004,2025-04-11,99,Success
PAY-000071,CUST-0004,2025-05-11,99,Success
PAY-000072,CUST-0004,2025-06-10,99,Success
PAY-000073,CUST-0004,2025-07-10,99,Success
PAY-000074,CUST-0004,2025-08-09,99,Success
PAY-000075,CUST-0004,2025-09-08,99,Success
PAY-000076,CUST-0004,2025-10-08,99,Success
PAY-000077,CUST-0004,2025-11-07,99,Success
PAY-000078,CUST-0004,2025-12-07,99,Success
PAY-000079,CUST-0004,2026-01-06,99,Success
PAY-000080,CUST-0004,2026-02-05,99,Success
PAY-000081,CUST-0004,2026-03-07,99,Success
PAY-000082,CUST-0004,2026-04-06,99,Success
PAY-000083,CUST-0004,2026-05-06,99,Success
PAY-000084,CUST-0004,2026-06-05,99,Success
PAY-000085,CUST-0005,2024-01-17,99,Success
PAY-000086,CUST-0005,2024-02-16,99,Success
PAY-000087,CUST-0005,2024-03-17,99,Success
PAY-000088,CUST-0005,2024-04-16,99,Success
PAY-000089,CUST-0005,2024-05-16,99,Success
PAY-000090,CUST-0005,2024-06-15,99,Success
PAY-000091,CUST-0005,2024-07-15,99,Success
PAY-000092,CUST-0005,2024-08-14,99,Success
PAY-000093,CUST-0005,2024-09-13,99,Success
PAY-000094,CUST-0005,2024-10-13,99,Success
PAY-000095,CUST-0005,2024-11-12,99,Success
PAY-000096,CUST-0005,2024-12-12,99,Success
PAY-000097,CUST-0005,2025-01-11,99,Success
PAY-000098,CUST-0005,2025-02-10,99,Success
PAY-000099,CUST-0005,2025-03-12,99,Success
PAY-000100,CUST-0005,2025-04-11,99,Success
PAY-000101,CUST-0005,2025-05-11,99,Success
PAY-000102,CUST-0005,2025-06-10,99,Success
PAY-000103,CUST-0005,2025-07-10,99,Success
PAY-000104,CUST-0005,2025-08-09,99,Success
PAY-000105,CUST-0005,2025-09-08,99,Success
PAY-000106,CUST-0005,2025-10-08,99,Success
PAY-000107,CUST-0005,2025-11-07,99,Success
PAY-000108,CUST-0005,2025-12-07,99,Success
PAY-000109,CUST-0005,2026-01-06,99,Failed
PAY-000110,CUST-0005,2026-02-05,99,Success
PAY-000111,CUST-0005,2026-03-07,99,Success
PAY-000112,CUST-0005,2026-04-06,99,Success
PAY-000113,CUST-0005,2026-05-06,99,Success
PAY-000114,CUST-0005,2026-06-05,99,Success
PAY-000115,CUST-0006,2024-04-21,99,Success
PAY-000116,CUST-0006,2024-05-21,99,Success
PAY-000117,CUST-0006,2024-06-20,99,Success
PAY-000118,CUST-0006,2024-07-20,99,Success
PAY-000119,CUST-0006,2024-08-19,99,Success
PAY-000120,CUST-0006,2024-09-18,99,Success
PAY-000121,CUST-0006,2024-10-18,99,Success
PAY-000122,CUST-0006,2024-11-17,99,Success
PAY-000123,CUST-0006,2024-12-17,99,Success
PAY-000124,CUST-0006,2025-01-16,99,Success
PAY-000125,CUST-0006,2025-02-15,99,Success
PAY-000126,CUST-0006,2025-03-17,99,Success
PAY-000127,CUST-0006,2025-04-16,99,Success
PAY-000128,CUST-0006,2025-05-16,99,Success
PAY-000129,CUST-0006,2025-06-15,99,Success
PAY-000130,CUST-0006,2025-07-15,99,Success
PAY-000131,CUST-0006,2025-08-14,99,Success
PAY-000132,CUST-0006,2025-09-13,99,Success
PAY-000133,CUST-0006,2025-10-13,99,Success
PAY-000134,CUST-0006,2025-11-12,99,Success
PAY-000135,CUST-0006,2025-12-12,99,Success
PAY-000136,CUST-0006,2026-01-11,99,Success
PAY-000137,CUST-0006,2026-02-10,99,Success
PAY-000138,CUST-0006,2026-03-12,99,Success
PAY-000139,CUST-0006,2026-04-11,99,Success
PAY-000140,CUST-0006,2026-05-11,99,Success
PAY-000141,CUST-0006,2026-06-10,99,Success
PAY-000142,CUST-0007,2024-10-14,99,Success
PAY-000143,CUST-0007,2024-11-13,99,Failed
PAY-000144,CUST-0007,2024-12-13,99,Success
PAY-000145,CUST-0007,2025-01-12,99,Success
PAY-000146,CUST-0007,2025-02-11,99,Success
PAY-000147,CUST-0007,2025-03-13,99,Success
PAY-000148,CUST-0007,2025-04-12,99,Success
PAY-000149,CUST-0007,2025-05-12,99,Success
PAY-000150,CUST-0007,2025-06-11,99,Success
PAY-000151,CUST-0007,2025-07-11,99,Success
PAY-000152,CUST-0007,2025-08-10,99,Success
PAY-000153,CUST-0007,2025-09-09,99,Success
PAY-000154,CUST-0007,2025-10-09,99,Success
PAY-000155,CUST-0008,2024-04-22,29,Success
PAY-000156,CUST-0008,2024-05-22,29,Success
PAY-000157,CUST-0008,2024-06-21,29,Success
PAY-000158,CUST-0008,2024-07-21,29,Success
PAY-000159,CUST-0008,2024-08-20,29,Success
PAY-000160,CUST-0008,2024-09-19,29,Success
PAY-000161,CUST-0008,2024-10-19,29,Success
PAY-000162,CUST-0008,2024-11-18,29,Success
PAY-000163,CUST-0008,2024-12-18,29,Success
PAY-000164,CUST-0008,2025-01-17,29,Success
PAY-000165,CUST-0008,2025-02-16,29,Success
PAY-000166,CUST-0008,2025-03-18,29,Success
PAY-000167,CUST-0008,2025-04-17,29,Success
PAY-000168,CUST-0008,2025-05-17,29,Success
PAY-000169,CUST-0008,2025-06-16,29,Success
PAY-000170,CUST-0008,2025-07-16,29,Failed
PAY-000171,CUST-0008,2025-08-15,29,Success
PAY-000172,CUST-0008,2025-09-14,29,Failed
PAY-000173,CUST-0008,2025-10-14,29,Success
PAY-000174,CUST-0008,2025-11-13,29,Success
PAY-000175,CUST-0008,2025-12-13,29,Success
PAY-000176,CUST-0008,2026-01-12,29,Success
PAY-000177,CUST-0008,2026-02-11,29,Success
PAY-000178,CUST-0008,2026-03-13,29,Success
PAY-000179,CUST-0008,2026-04-12,29,Success
PAY-000180,CUST-0008,2026-05-12,29,Success
PAY-000181,CUST-0008,2026-06-11,29,Success
PAY-000182,CUST-0009,2025-02-18,29,Success
PAY-000183,CUST-0009,2025-03-20,29,Success
PAY-000184,CUST-0009,2025-04-19,29,Success
PAY-000185,CUST-0009,2025-05-19,29,Success
PAY-000186,CUST-0009,2025-06-18,29,Success
PAY-000187,CUST-0009,2025-07-18,29,Success
PAY-000188,CUST-0009,2025-08-17,29,Success
PAY-000189,CUST-0009,2025-09-16,29,Success
PAY-000190,CUST-0009,2025-10-16,29,Success
PAY-000191,CUST-0009,2025-11-15,29,Success
PAY-000192,CUST-0009,2025-12-15,29,Success
PAY-000193,CUST-0009,2026-01-14,29,Success
PAY-000194,CUST-0009,2026-02-13,29,Success
PAY-000195,CUST-0010,2024-12-23,29,Failed
PAY-000196,CUST-0010,2025-01-22,29,Success
PAY-000197,CUST-0010,2025-02-21,29,Success
PAY-000198,CUST-0010,2025-03-23,29,Success
PAY-000199,CUST-0010,2025-04-22,29,Success
PAY-000200,CUST-0010,2025-05-22,29,Success
PAY-000201,CUST-0010,2025-06-21,29,Success
PAY-000202,CUST-0010,2025-07-21,29,Success
PAY-000203,CUST-0010,2025-08-20,29,Success
PAY-000204,CUST-0011,2024-05-22,29,Success
PAY-000205,CUST-0011,2024-06-21,29,Success
PAY-000206,CUST-0011,2024-07-21,29,Failed
PAY-000207,CUST-0011,2024-08-20,29,Success
PAY-000208,CUST-0011,2024-09-19,29,Success
PAY-000209,CUST-0011,2024-10-19,29,Success
PAY-000210,CUST-0011,2024-11-18,29,Success
PAY-000211,CUST-0011,2024-12-18,29,Success
PAY-000212,CUST-0011,2025-01-17,29,Success
PAY-000213,CUST-0011,2025-02-16,29,Failed
PAY-000214,CUST-0011,2025-03-18,29,Success
PAY-000215,CUST-0011,2025-04-17,29,Success
PAY-000216,CUST-0011,2025-05-17,29,Success
PAY-000217,CUST-0011,2025-06-16,29,Success
PAY-000218,CUST-0011,2025-07-16,29,Success
PAY-000219,CUST-0011,2025-08-15,29,Success
PAY-000220,CUST-0011,2025-09-14,29,Success
PAY-000221,CUST-0011,2025-10-14,29,Success
PAY-000222,CUST-0011,2025-11-13,29,Success
PAY-000223,CUST-0011,2025-12-13,29,Success
PAY-000224,CUST-0011,2026-01-12,29,Success
PAY-000225,CUST-0011,2026-02-11,29,Success
PAY-000226,CUST-0011,2026-03-13,29,Success
PAY-000227,CUST-0011,2026-04-12,29,Success
PAY-000228,CUST-0011,2026-05-12,29,Success
PAY-000229,CUST-0011,2026-06-11,29,Success
PAY-000230,CUST-0012,2025-05-05,299,Success
PAY-000231,CUST-0012,2025-06-04,299,Success
PAY-000232,CUST-0012,2025-07-04,299,Success
PAY-000233,CUST-0013,2024-02-17,99,Success
PAY-000234,CUST-0013,2024-03-18,99,Success
PAY-000235,CUST-0013,2024-04-17,99,Success
PAY-000236,CUST-0013,2024-05-17,99,Success
PAY-000237,CUST-0013,2024-06-16,99,Success
PAY-000238,CUST-0013,2024-07-16,99,Success
PAY-000239,CUST-0013,2024-08-15,99,Success
PAY-000240,CUST-0013,2024-09-14,99,Success
PAY-000241,CUST-0013,2024-10-14,99,Success
PAY-000242,CUST-0013,2024-11-13,99,Success
PAY-000243,CUST-0013,2024-12-13,99,Success
PAY-000244,CUST-0013,2025-01-12,99,Success
PAY-000245,CUST-0014,2024-07-02,99,Success
PAY-000246,CUST-0014,2024-08-01,99,Success
PAY-000247,CUST-0014,2024-08-31,99,Success
PAY-000248,CUST-0014,2024-09-30,99,Success
PAY-000249,CUST-0015,2025-02-17,99,Success
PAY-000250,CUST-0015,2025-03-19,99,Success
PAY-000251,CUST-0015,2025-04-18,99,Success
PAY-000252,CUST-0015,2025-05-18,99,Success
PAY-000253,CUST-0015,2025-06-17,99,Success
PAY-000254,CUST-0015,2025-07-17,99,Success
PAY-000255,CUST-0015,2025-08-16,99,Success
PAY-000256,CUST-0015,2025-09-15,99,Success
PAY-000257,CUST-0015,2025-10-15,99,Success
PAY-000258,CUST-0015,2025-11-14,99,Success
PAY-000259,CUST-0015,2025-12-14,99,Success
PAY-000260,CUST-0015,2026-01-13,99,Success
PAY-000261,CUST-0015,2026-02-12,99,Success
PAY-000262,CUST-0015,2026-03-14,99,Success
PAY-000263,CUST-0015,2026-04-13,99,Success
PAY-000264,CUST-0015,2026-05-13,99,Success
PAY-000265,CUST-0015,2026-06-12,99,Success
PAY-000266,CUST-0016,2024-10-01,299,Success
PAY-000267,CUST-0016,2024-10-31,299,Success
PAY-000268,CUST-0016,2024-11-30,299,Success
PAY-000269,CUST-0016,2024-12-30,299,Success
PAY-000270,CUST-0016,2025-01-29,299,Success
PAY-000271,CUST-0016,2025-02-28,299,Success
PAY-000272,CUST-0016,2025-03-30,299,Success
PAY-000273,CUST-0016,2025-04-29,299,Success
PAY-000274,CUST-0016,2025-05-29,299,Success
PAY-000275,CUST-0016,2025-06-28,299,Success
PAY-000276,CUST-0016,2025-07-28,299,Success
PAY-000277,CUST-0016,2025-08-27,299,Success
PAY-000278,CUST-0016,2025-09-26,299,Success
PAY-000279,CUST-0016,2025-10-26,299,Success
PAY-000280,CUST-0016,2025-11-25,299,Success
PAY-000281,CUST-0016,2025-12-25,299,Success
PAY-000282,CUST-0016,2026-01-24,299,Success
PAY-000283,CUST-0016,2026-02-23,299,Success
PAY-000284,CUST-0016,2026-03-25,299,Success
PAY-000285,CUST-0016,2026-04-24,299,Success
PAY-000286,CUST-0016,2026-05-24,299,Success
PAY-000287,CUST-0016,2026-06-23,299,Success
PAY-000288,CUST-0017,2024-02-10,99,Success
PAY-000289,CUST-0017,2024-03-11,99,Success
PAY-000290,CUST-0017,2024-04-10,99,Success
PAY-000291,CUST-0017,2024-05-10,99,Success
PAY-000292,CUST-0017,2024-06-09,99,Success
PAY-000293,CUST-0017,2024-07-09,99,Success
PAY-000294,CUST-0017,2024-08-08,99,Success
PAY-000295,CUST-0017,2024-09-07,99,Success
PAY-000296,CUST-0017,2024-10-07,99,Success
PAY-000297,CUST-0017,2024-11-06,99,Success
PAY-000298,CUST-0017,2024-12-06,99,Success
PAY-000299,CUST-0017,2025-01-05,99,Success
PAY-000300,CUST-0017,2025-02-04,99,Success
PAY-000301,CUST-0017,2025-03-06,99,Success
PAY-000302,CUST-0017,2025-04-05,99,Success
PAY-000303,CUST-0017,2025-05-05,99,Success
PAY-000304,CUST-0017,2025-06-04,99,Success
PAY-000305,CUST-0017,2025-07-04,99,Success
PAY-000306,CUST-0017,2025-08-03,99,Success
PAY-000307,CUST-0017,2025-09-02,99,Success
PAY-000308,CUST-0017,2025-10-02,99,Success
PAY-000309,CUST-0017,2025-11-01,99,Success
PAY-000310,CUST-0017,2025-12-01,99,Success
PAY-000311,CUST-0017,2025-12-31,99,Success
PAY-000312,CUST-0017,2026-01-30,99,Success
PAY-000313,CUST-0017,2026-03-01,99,Success
PAY-000314,CUST-0017,2026-03-31,99,Success
PAY-000315,CUST-0017,2026-04-30,99,Success
PAY-000316,CUST-0017,2026-05-30,99,Failed
PAY-000317,CUST-0017,2026-06-29,99,Success
PAY-000318,CUST-0018,2024-10-22,99,Success
PAY-000319,CUST-0018,2024-11-21,99,Success
PAY-000320,CUST-0018,2024-12-21,99,Success
PAY-000321,CUST-0018,2025-01-20,99,Success
PAY-000322,CUST-0018,2025-02-19,99,Success
PAY-000323,CUST-0018,2025-03-21,99,Failed
PAY-000324,CUST-0018,2025-04-20,99,Success
PAY-000325,CUST-0018,2025-05-20,99,Failed
PAY-000326,CUST-0018,2025-06-19,99,Success
PAY-000327,CUST-0018,2025-07-19,99,Success
PAY-000328,CUST-0018,2025-08-18,99,Success
PAY-000329,CUST-0018,2025-09-17,99,Success
PAY-000330,CUST-0018,2025-10-17,99,Success
PAY-000331,CUST-0018,2025-11-16,99,Success
PAY-000332,CUST-0018,2025-12-16,99,Success
PAY-000333,CUST-0018,2026-01-15,99,Success
PAY-000334,CUST-0018,2026-02-14,99,Success
PAY-000335,CUST-0018,2026-03-16,99,Success
PAY-000336,CUST-0018,2026-04-15,99,Success
PAY-000337,CUST-0018,2026-05-15,99,Success
PAY-000338,CUST-0018,2026-06-14,99,Success
PAY-000339,CUST-0019,2024-01-24,99,Success
PAY-000340,CUST-0019,2024-02-23,99,Success
PAY-000341,CUST-0019,2024-03-24,99,Success
PAY-000342,CUST-0019,2024-04-23,99,Success
PAY-000343,CUST-0019,2024-05-23,99,Success
PAY-000344,CUST-0019,2024-06-22,99,Success
PAY-000345,CUST-0019,2024-07-22,99,Success
PAY-000346,CUST-0019,2024-08-21,99,Success
PAY-000347,CUST-0019,2024-09-20,99,Success
PAY-000348,CUST-0019,2024-10-20,99,Success
PAY-000349,CUST-0019,2024-11-19,99,Success
PAY-000350,CUST-0019,2024-12-19,99,Success
PAY-000351,CUST-0019,2025-01-18,99,Success
PAY-000352,CUST-0019,2025-02-17,99,Success
PAY-000353,CUST-0019,2025-03-19,99,Success
PAY-000354,CUST-0019,2025-04-18,99,Success
PAY-000355,CUST-0019,2025-05-18,99,Success
PAY-000356,CUST-0019,2025-06-17,99,Success
PAY-000357,CUST-0019,2025-07-17,99,Success
PAY-000358,CUST-0019,2025-08-16,99,Success
PAY-000359,CUST-0019,2025-09-15,99,Success
PAY-000360,CUST-0019,2025-10-15,99,Success
PAY-000361,CUST-0019,2025-11-14,99,Success
PAY-000362,CUST-0019,2025-12-14,99,Success
PAY-000363,CUST-0019,2026-01-13,99,Failed
PAY-000364,CUST-0019,2026-02-12,99,Success
PAY-000365,CUST-0019,2026-03-14,99,Success
PAY-000366,CUST-0019,2026-04-13,99,Success
PAY-000367,CUST-0019,2026-05-13,99,Success
PAY-000368,CUST-0019,2026-06-12,99,Success
PAY-000369,CUST-0020,2024-02-10,29,Success
PAY-000370,CUST-0020,2024-03-11,29,Success
PAY-000371,CUST-0020,2024-04-10,29,Success
PAY-000372,CUST-0020,2024-05-10,29,Success
PAY-000373,CUST-0020,2024-06-09,29,Success
PAY-000374,CUST-0020,2024-07-09,29,Success
PAY-000375,CUST-0020,2024-08-08,29,Success
PAY-000376,CUST-0020,2024-09-07,29,Success
PAY-000377,CUST-0020,2024-10-07,29,Success
PAY-000378,CUST-0020,2024-11-06,29,Success
PAY-000379,CUST-0020,2024-12-06,29,Success
PAY-000380,CUST-0020,2025-01-05,29,Success
PAY-000381,CUST-0020,2025-02-04,29,Success
PAY-000382,CUST-0020,2025-03-06,29,Success
PAY-000383,CUST-0020,2025-04-05,29,Success
PAY-000384,CUST-0020,2025-05-05,29,Success
PAY-000385,CUST-0020,2025-06-04,29,Success
PAY-000386,CUST-0020,2025-07-04,29,Success
PAY-000387,CUST-0020,2025-08-03,29,Success
PAY-000388,CUST-0020,2025-09-02,29,Success
PAY-000389,CUST-0020,2025-10-02,29,Success
PAY-000390,CUST-0020,2025-11-01,29,Success
PAY-000391,CUST-0020,2025-12-01,29,Success
PAY-000392,CUST-0020,2025-12-31,29,Success
PAY-000393,CUST-0020,2026-01-30,29,Success
PAY-000394,CUST-0020,2026-03-01,29,Success
PAY-000395,CUST-0020,2026-03-31,29,Success
PAY-000396,CUST-0020,2026-04-30,29,Success
PAY-000397,CUST-0020,2026-05-30,29,Success
PAY-000398,CUST-0020,2026-06-29,29,Success
PAY-000399,CUST-0021,2024-07-13,29,Success
PAY-000400,CUST-0021,2024-08-12,29,Success
PAY-000401,CUST-0021,2024-09-11,29,Success
PAY-000402,CUST-0021,2024-10-11,29,Success
PAY-000403,CUST-0021,2024-11-10,29,Success
PAY-000404,CUST-0021,2024-12-10,29,Success
PAY-000405,CUST-0021,2025-01-09,29,Success
PAY-000406,CUST-0021,2025-02-08,29,Success
PAY-000407,CUST-0021,2025-03-10,29,Success
PAY-000408,CUST-0021,2025-04-09,29,Success
PAY-000409,CUST-0021,2025-05-09,29,Success
PAY-000410,CUST-0021,2025-06-08,29,Success
PAY-000411,CUST-0021,2025-07-08,29,Success
PAY-000412,CUST-0022,2024-11-21,29,Success
PAY-000413,CUST-0022,2024-12-21,29,Success
PAY-000414,CUST-0022,2025-01-20,29,Success
PAY-000415,CUST-0022,2025-02-19,29,Success
PAY-000416,CUST-0022,2025-03-21,29,Success
PAY-000417,CUST-0022,2025-04-20,29,Success
PAY-000418,CUST-0022,2025-05-20,29,Success
PAY-000419,CUST-0022,2025-06-19,29,Success
PAY-000420,CUST-0022,2025-07-19,29,Success
PAY-000421,CUST-0022,2025-08-18,29,Success
PAY-000422,CUST-0022,2025-09-17,29,Success
PAY-000423,CUST-0022,2025-10-17,29,Success
PAY-000424,CUST-0022,2025-11-16,29,Failed
PAY-000425,CUST-0022,2025-12-16,29,Success
PAY-000426,CUST-0022,2026-01-15,29,Success
PAY-000427,CUST-0022,2026-02-14,29,Success
PAY-000428,CUST-0022,2026-03-16,29,Success
PAY-000429,CUST-0022,2026-04-15,29,Success
PAY-000430,CUST-0022,2026-05-15,29,Success
PAY-000431,CUST-0022,2026-06-14,29,Success
PAY-000432,CUST-0023,2024-07-08,29,Success
PAY-000433,CUST-0023,2024-08-07,29,Success
PAY-000434,CUST-0023,2024-09-06,29,Success
PAY-000435,CUST-0023,2024-10-06,29,Success
PAY-000436,CUST-0023,2024-11-05,29,Success
PAY-000437,CUST-0023,2024-12-05,29,Success
PAY-000438,CUST-0023,2025-01-04,29,Success
PAY-000439,CUST-0023,2025-02-03,29,Success
PAY-000440,CUST-0023,2025-03-05,29,Success
PAY-000441,CUST-0023,2025-04-04,29,Success
PAY-000442,CUST-0023,2025-05-04,29,Success
PAY-000443,CUST-0023,2025-06-03,29,Success
PAY-000444,CUST-0023,2025-07-03,29,Success
PAY-000445,CUST-0023,2025-08-02,29,Success
PAY-000446,CUST-0023,2025-09-01,29,Success
PAY-000447,CUST-0023,2025-10-01,29,Success
PAY-000448,CUST-0023,2025-10-31,29,Success
PAY-000449,CUST-0023,2025-11-30,29,Success
PAY-000450,CUST-0023,2025-12-30,29,Success
PAY-000451,CUST-0023,2026-01-29,29,Success
PAY-000452,CUST-0023,2026-02-28,29,Success
PAY-000453,CUST-0023,2026-03-30,29,Success
PAY-000454,CUST-0023,2026-04-29,29,Success
PAY-000455,CUST-0023,2026-05-29,29,Success
PAY-000456,CUST-0023,2026-06-28,29,Success
PAY-000457,CUST-0024,2024-12-09,29,Success
PAY-000458,CUST-0024,2025-01-08,29,Success
PAY-000459,CUST-0024,2025-02-07,29,Success
PAY-000460,CUST-0024,2025-03-09,29,Success
PAY-000461,CUST-0024,2025-04-08,29,Success
PAY-000462,CUST-0024,2025-05-08,29,Success
PAY-000463,CUST-0024,2025-06-07,29,Success
PAY-000464,CUST-0024,2025-07-07,29,Success
PAY-000465,CUST-0024,2025-08-06,29,Success
PAY-000466,CUST-0024,2025-09-05,29,Success
PAY-000467,CUST-0024,2025-10-05,29,Failed
PAY-000468,CUST-0024,2025-11-04,29,Success
PAY-000469,CUST-0024,2025-12-04,29,Success
PAY-000470,CUST-0025,2024-11-07,99,Success
PAY-000471,CUST-0025,2024-12-07,99,Success
PAY-000472,CUST-0025,2025-01-06,99,Success
PAY-000473,CUST-0025,2025-02-05,99,Success
PAY-000474,CUST-0025,2025-03-07,99,Success
PAY-000475,CUST-0025,2025-04-06,99,Success
PAY-000476,CUST-0025,2025-05-06,99,Success
PAY-000477,CUST-0025,2025-06-05,99,Success
PAY-000478,CUST-0025,2025-07-05,99,Success
PAY-000479,CUST-0025,2025-08-04,99,Success
PAY-000480,CUST-0025,2025-09-03,99,Success
PAY-000481,CUST-0025,2025-10-03,99,Success
PAY-000482,CUST-0025,2025-11-02,99,Success
PAY-000483,CUST-0025,2025-12-02,99,Success
PAY-000484,CUST-0025,2026-01-01,99,Success
PAY-000485,CUST-0025,2026-01-31,99,Success
PAY-000486,CUST-0025,2026-03-02,99,Success
PAY-000487,CUST-0025,2026-04-01,99,Success
PAY-000488,CUST-0025,2026-05-01,99,Success
PAY-000489,CUST-0025,2026-05-31,99,Success
PAY-000490,CUST-0025,2026-06-30,99,Success
PAY-000491,CUST-0026,2024-03-24,99,Success
PAY-000492,CUST-0026,2024-04-23,99,Success
PAY-000493,CUST-0026,2024-05-23,99,Success
PAY-000494,CUST-0026,2024-06-22,99,Success
PAY-000495,CUST-0026,2024-07-22,99,Success
PAY-000496,CUST-0026,2024-08-21,99,Success
PAY-000497,CUST-0026,2024-09-20,99,Success
PAY-000498,CUST-0026,2024-10-20,99,Success
PAY-000499,CUST-0026,2024-11-19,99,Success
PAY-000500,CUST-0026,2024-12-19,99,Success
PAY-000501,CUST-0026,2025-01-18,99,Success
PAY-000502,CUST-0026,2025-02-17,99,Success
PAY-000503,CUST-0027,2024-05-18,29,Success
PAY-000504,CUST-0027,2024-06-17,29,Success
PAY-000505,CUST-0027,2024-07-17,29,Success
PAY-000506,CUST-0027,2024-08-16,29,Success
PAY-000507,CUST-0027,2024-09-15,29,Success
PAY-000508,CUST-0027,2024-10-15,29,Success
PAY-000509,CUST-0027,2024-11-14,29,Success
PAY-000510,CUST-0027,2024-12-14,29,Success
PAY-000511,CUST-0027,2025-01-13,29,Success
PAY-000512,CUST-0027,2025-02-12,29,Success
PAY-000513,CUST-0027,2025-03-14,29,Success
PAY-000514,CUST-0027,2025-04-13,29,Success
PAY-000515,CUST-0027,2025-05-13,29,Success
PAY-000516,CUST-0028,2025-03-07,29,Success
PAY-000517,CUST-0028,2025-04-06,29,Success
PAY-000518,CUST-0028,2025-05-06,29,Success
PAY-000519,CUST-0028,2025-06-05,29,Success
PAY-000520,CUST-0028,2025-07-05,29,Success
PAY-000521,CUST-0028,2025-08-04,29,Success
PAY-000522,CUST-0028,2025-09-03,29,Success
PAY-000523,CUST-0028,2025-10-03,29,Success
PAY-000524,CUST-0028,2025-11-02,29,Success
PAY-000525,CUST-0028,2025-12-02,29,Success
PAY-000526,CUST-0028,2026-01-01,29,Success
PAY-000527,CUST-0028,2026-01-31,29,Success
PAY-000528,CUST-0028,2026-03-02,29,Success
PAY-000529,CUST-0028,2026-04-01,29,Failed
PAY-000530,CUST-0028,2026-05-01,29,Success
PAY-000531,CUST-0028,2026-05-31,29,Success
PAY-000532,CUST-0028,2026-06-30,29,Success
PAY-000533,CUST-0029,2025-02-24,29,Success
PAY-000534,CUST-0029,2025-03-26,29,Success
PAY-000535,CUST-0029,2025-04-25,29,Success
PAY-000536,CUST-0029,2025-05-25,29,Success
PAY-000537,CUST-0029,2025-06-24,29,Success
PAY-000538,CUST-0029,2025-07-24,29,Success
PAY-000539,CUST-0029,2025-08-23,29,Success
PAY-000540,CUST-0029,2025-09-22,29,Success
PAY-000541,CUST-0029,2025-10-22,29,Success
PAY-000542,CUST-0029,2025-11-21,29,Success
PAY-000543,CUST-0029,2025-12-21,29,Success
PAY-000544,CUST-0030,2024-07-24,29,Success
PAY-000545,CUST-0030,2024-08-23,29,Success
PAY-000546,CUST-0030,2024-09-22,29,Success
PAY-000547,CUST-0030,2024-10-22,29,Success
PAY-000548,CUST-0030,2024-11-21,29,Success
PAY-000549,CUST-0030,2024-12-21,29,Success
PAY-000550,CUST-0030,2025-01-20,29,Success
PAY-000551,CUST-0030,2025-02-19,29,Success
PAY-000552,CUST-0030,2025-03-21,29,Success
PAY-000553,CUST-0030,2025-04-20,29,Success
PAY-000554,CUST-0030,2025-05-20,29,Success
PAY-000555,CUST-0030,2025-06-19,29,Success
PAY-000556,CUST-0030,2025-07-19,29,Failed
PAY-000557,CUST-0030,2025-08-18,29,Success
PAY-000558,CUST-0030,2025-09-17,29,Success
PAY-000559,CUST-0030,2025-10-17,29,Success
PAY-000560,CUST-0030,2025-11-16,29,Success
PAY-000561,CUST-0030,2025-12-16,29,Success
PAY-000562,CUST-0030,2026-01-15,29,Success
PAY-000563,CUST-0030,2026-02-14,29,Success
PAY-000564,CUST-0030,2026-03-16,29,Success
PAY-000565,CUST-0030,2026-04-15,29,Success
PAY-000566,CUST-0030,2026-05-15,29,Success
PAY-000567,CUST-0030,2026-06-14,29,Success
PAY-000568,CUST-0031,2024-04-18,29,Success
PAY-000569,CUST-0031,2024-05-18,29,Success
PAY-000570,CUST-0031,2024-06-17,29,Success
PAY-000571,CUST-0031,2024-07-17,29,Success
PAY-000572,CUST-0031,2024-08-16,29,Success
PAY-000573,CUST-0031,2024-09-15,29,Success
PAY-000574,CUST-0031,2024-10-15,29,Success
PAY-000575,CUST-0031,2024-11-14,29,Success
PAY-000576,CUST-0031,2024-12-14,29,Success
PAY-000577,CUST-0031,2025-01-13,29,Success
PAY-000578,CUST-0031,2025-02-12,29,Success
PAY-000579,CUST-0031,2025-03-14,29,Success
PAY-000580,CUST-0031,2025-04-13,29,Success
PAY-000581,CUST-0031,2025-05-13,29,Success
PAY-000582,CUST-0031,2025-06-12,29,Success
PAY-000583,CUST-0031,2025-07-12,29,Failed
PAY-000584,CUST-0031,2025-08-11,29,Success
PAY-000585,CUST-0031,2025-09-10,29,Success
PAY-000586,CUST-0031,2025-10-10,29,Success
PAY-000587,CUST-0031,2025-11-09,29,Success
PAY-000588,CUST-0031,2025-12-09,29,Success
PAY-000589,CUST-0031,2026-01-08,29,Success
PAY-000590,CUST-0031,2026-02-07,29,Success
PAY-000591,CUST-0031,2026-03-09,29,Success
PAY-000592,CUST-0031,2026-04-08,29,Success
PAY-000593,CUST-0031,2026-05-08,29,Success
PAY-000594,CUST-0031,2026-06-07,29,Success
PAY-000595,CUST-0032,2024-12-01,29,Success
PAY-000596,CUST-0032,2024-12-31,29,Success
PAY-000597,CUST-0032,2025-01-30,29,Success
PAY-000598,CUST-0032,2025-03-01,29,Success
PAY-000599,CUST-0032,2025-03-31,29,Success
PAY-000600,CUST-0032,2025-04-30,29,Success
PAY-000601,CUST-0032,2025-05-30,29,Success
PAY-000602,CUST-0033,2025-03-28,29,Success
PAY-000603,CUST-0033,2025-04-27,29,Failed
PAY-000604,CUST-0033,2025-05-27,29,Success
PAY-000605,CUST-0033,2025-06-26,29,Success
PAY-000606,CUST-0033,2025-07-26,29,Success
PAY-000607,CUST-0033,2025-08-25,29,Success
PAY-000608,CUST-0033,2025-09-24,29,Success
PAY-000609,CUST-0033,2025-10-24,29,Success
PAY-000610,CUST-0033,2025-11-23,29,Success
PAY-000611,CUST-0033,2025-12-23,29,Success
PAY-000612,CUST-0033,2026-01-22,29,Success
PAY-000613,CUST-0033,2026-02-21,29,Success
PAY-000614,CUST-0033,2026-03-23,29,Success
PAY-000615,CUST-0033,2026-04-22,29,Success
PAY-000616,CUST-0033,2026-05-22,29,Success
PAY-000617,CUST-0033,2026-06-21,29,Success
PAY-000618,CUST-0034,2024-05-15,29,Success
PAY-000619,CUST-0034,2024-06-14,29,Success
PAY-000620,CUST-0034,2024-07-14,29,Success
PAY-000621,CUST-0034,2024-08-13,29,Success
PAY-000622,CUST-0034,2024-09-12,29,Success
PAY-000623,CUST-0034,2024-10-12,29,Success
PAY-000624,CUST-0034,2024-11-11,29,Success
PAY-000625,CUST-0034,2024-12-11,29,Success
PAY-000626,CUST-0034,2025-01-10,29,Success
PAY-000627,CUST-0034,2025-02-09,29,Success
PAY-000628,CUST-0034,2025-03-11,29,Success
PAY-000629,CUST-0034,2025-04-10,29,Success
PAY-000630,CUST-0034,2025-05-10,29,Success
PAY-000631,CUST-0034,2025-06-09,29,Success
PAY-000632,CUST-0034,2025-07-09,29,Failed
PAY-000633,CUST-0034,2025-08-08,29,Success
PAY-000634,CUST-0034,2025-09-07,29,Success
PAY-000635,CUST-0034,2025-10-07,29,Success
PAY-000636,CUST-0034,2025-11-06,29,Success
PAY-000637,CUST-0034,2025-12-06,29,Success
PAY-000638,CUST-0034,2026-01-05,29,Success
PAY-000639,CUST-0034,2026-02-04,29,Success
PAY-000640,CUST-0034,2026-03-06,29,Success
PAY-000641,CUST-0034,2026-04-05,29,Success
PAY-000642,CUST-0034,2026-05-05,29,Success
PAY-000643,CUST-0034,2026-06-04,29,Success
PAY-000644,CUST-0035,2025-01-16,29,Success
PAY-000645,CUST-0035,2025-02-15,29,Success
PAY-000646,CUST-0035,2025-03-17,29,Success
PAY-000647,CUST-0035,2025-04-16,29,Success
PAY-000648,CUST-0035,2025-05-16,29,Success
PAY-000649,CUST-0035,2025-06-15,29,Success
PAY-000650,CUST-0035,2025-07-15,29,Success
PAY-000651,CUST-0035,2025-08-14,29,Success
PAY-000652,CUST-0035,2025-09-13,29,Success
PAY-000653,CUST-0035,2025-10-13,29,Success
PAY-000654,CUST-0035,2025-11-12,29,Success
PAY-000655,CUST-0035,2025-12-12,29,Failed
PAY-000656,CUST-0035,2026-01-11,29,Success
PAY-000657,CUST-0035,2026-02-10,29,Success
PAY-000658,CUST-0035,2026-03-12,29,Success
PAY-000659,CUST-0035,2026-04-11,29,Success
PAY-000660,CUST-0035,2026-05-11,29,Success
PAY-000661,CUST-0035,2026-06-10,29,Success
PAY-000662,CUST-0036,2025-04-04,299,Success
PAY-000663,CUST-0036,2025-05-04,299,Success
PAY-000664,CUST-0036,2025-06-03,299,Success
PAY-000665,CUST-0036,2025-07-03,299,Success
PAY-000666,CUST-0036,2025-08-02,299,Success
PAY-000667,CUST-0036,2025-09-01,299,Success
PAY-000668,CUST-0036,2025-10-01,299,Success
PAY-000669,CUST-0036,2025-10-31,299,Success
PAY-000670,CUST-0036,2025-11-30,299,Success
PAY-000671,CUST-0036,2025-12-30,299,Success
PAY-000672,CUST-0036,2026-01-29,299,Success
PAY-000673,CUST-0036,2026-02-28,299,Success
PAY-000674,CUST-0036,2026-03-30,299,Success
PAY-000675,CUST-0036,2026-04-29,299,Success
PAY-000676,CUST-0036,2026-05-29,299,Success
PAY-000677,CUST-0036,2026-06-28,299,Success
PAY-000678,CUST-0037,2024-04-22,299,Success
PAY-000679,CUST-0037,2024-05-22,299,Success
PAY-000680,CUST-0037,2024-06-21,299,Success
PAY-000681,CUST-0037,2024-07-21,299,Success
PAY-000682,CUST-0037,2024-08-20,299,Success
PAY-000683,CUST-0037,2024-09-19,299,Success
PAY-000684,CUST-0037,2024-10-19,299,Success
PAY-000685,CUST-0037,2024-11-18,299,Success
PAY-000686,CUST-0037,2024-12-18,299,Success
PAY-000687,CUST-0037,2025-01-17,299,Success
PAY-000688,CUST-0037,2025-02-16,299,Success
PAY-000689,CUST-0037,2025-03-18,299,Success
PAY-000690,CUST-0037,2025-04-17,299,Success
PAY-000691,CUST-0037,2025-05-17,299,Success
PAY-000692,CUST-0037,2025-06-16,299,Success
PAY-000693,CUST-0037,2025-07-16,299,Success
PAY-000694,CUST-0037,2025-08-15,299,Success
PAY-000695,CUST-0037,2025-09-14,299,Success
PAY-000696,CUST-0037,2025-10-14,299,Success
PAY-000697,CUST-0037,2025-11-13,299,Success
PAY-000698,CUST-0037,2025-12-13,299,Success
PAY-000699,CUST-0037,2026-01-12,299,Success
PAY-000700,CUST-0037,2026-02-11,299,Success
PAY-000701,CUST-0037,2026-03-13,299,Success
PAY-000702,CUST-0037,2026-04-12,299,Success
PAY-000703,CUST-0037,2026-05-12,299,Success
PAY-000704,CUST-0037,2026-06-11,299,Success
PAY-000705,CUST-0038,2024-02-16,299,Success
PAY-000706,CUST-0038,2024-03-17,299,Success
PAY-000707,CUST-0038,2024-04-16,299,Success
PAY-000708,CUST-0038,2024-05-16,299,Success
PAY-000709,CUST-0038,2024-06-15,299,Success
PAY-000710,CUST-0038,2024-07-15,299,Success
PAY-000711,CUST-0038,2024-08-14,299,Success
PAY-000712,CUST-0038,2024-09-13,299,Success
PAY-000713,CUST-0038,2024-10-13,299,Success
PAY-000714,CUST-0038,2024-11-12,299,Success
PAY-000715,CUST-0038,2024-12-12,299,Success
PAY-000716,CUST-0038,2025-01-11,299,Success
PAY-000717,CUST-0038,2025-02-10,299,Success
PAY-000718,CUST-0039,2024-03-19,29,Success
PAY-000719,CUST-0039,2024-04-18,29,Success
PAY-000720,CUST-0039,2024-05-18,29,Success
PAY-000721,CUST-0039,2024-06-17,29,Failed
PAY-000722,CUST-0039,2024-07-17,29,Success
PAY-000723,CUST-0039,2024-08-16,29,Success
PAY-000724,CUST-0039,2024-09-15,29,Success
PAY-000725,CUST-0039,2024-10-15,29,Success
PAY-000726,CUST-0039,2024-11-14,29,Success
PAY-000727,CUST-0039,2024-12-14,29,Success
PAY-000728,CUST-0039,2025-01-13,29,Failed
PAY-000729,CUST-0039,2025-02-12,29,Failed
PAY-000730,CUST-0039,2025-03-14,29,Success
PAY-000731,CUST-0039,2025-04-13,29,Success
PAY-000732,CUST-0039,2025-05-13,29,Success
PAY-000733,CUST-0039,2025-06-12,29,Success
PAY-000734,CUST-0039,2025-07-12,29,Success
PAY-000735,CUST-0039,2025-08-11,29,Success
PAY-000736,CUST-0039,2025-09-10,29,Success
PAY-000737,CUST-0039,2025-10-10,29,Success
PAY-000738,CUST-0039,2025-11-09,29,Success
PAY-000739,CUST-0039,2025-12-09,29,Success
PAY-000740,CUST-0039,2026-01-08,29,Success
PAY-000741,CUST-0039,2026-02-07,29,Success
PAY-000742,CUST-0039,2026-03-09,29,Success
PAY-000743,CUST-0039,2026-04-08,29,Success
PAY-000744,CUST-0039,2026-05-08,29,Success
PAY-000745,CUST-0039,2026-06-07,29,Success
PAY-000746,CUST-0040,2024-11-01,299,Success
PAY-000747,CUST-0040,2024-12-01,299,Success
PAY-000748,CUST-0040,2024-12-31,299,Success
PAY-000749,CUST-0040,2025-01-30,299,Success
PAY-000750,CUST-0040,2025-03-01,299,Failed
PAY-000751,CUST-0040,2025-03-31,299,Success
PAY-000752,CUST-0040,2025-04-30,299,Success
PAY-000753,CUST-0040,2025-05-30,299,Success
PAY-000754,CUST-0040,2025-06-29,299,Failed
PAY-000755,CUST-0040,2025-07-29,299,Success
PAY-000756,CUST-0040,2025-08-28,299,Success
PAY-000757,CUST-0040,2025-09-27,299,Success
PAY-000758,CUST-0040,2025-10-27,299,Success
PAY-000759,CUST-0040,2025-11-26,299,Success
PAY-000760,CUST-0040,2025-12-26,299,Success
PAY-000761,CUST-0040,2026-01-25,299,Success
PAY-000762,CUST-0040,2026-02-24,299,Success
PAY-000763,CUST-0040,2026-03-26,299,Success
PAY-000764,CUST-0040,2026-04-25,299,Success
PAY-000765,CUST-0040,2026-05-25,299,Success
PAY-000766,CUST-0040,2026-06-24,299,Success
PAY-000767,CUST-0041,2024-07-14,29,Success
PAY-000768,CUST-0041,2024-08-13,29,Success
PAY-000769,CUST-0041,2024-09-12,29,Success
PAY-000770,CUST-0041,2024-10-12,29,Success
PAY-000771,CUST-0041,2024-11-11,29,Success
PAY-000772,CUST-0041,2024-12-11,29,Success
PAY-000773,CUST-0041,2025-01-10,29,Success
PAY-000774,CUST-0041,2025-02-09,29,Success
PAY-000775,CUST-0041,2025-03-11,29,Success
PAY-000776,CUST-0042,2025-05-12,29,Success
PAY-000777,CUST-0042,2025-06-11,29,Success
PAY-000778,CUST-0042,2025-07-11,29,Success
PAY-000779,CUST-0042,2025-08-10,29,Success
PAY-000780,CUST-0042,2025-09-09,29,Success
PAY-000781,CUST-0042,2025-10-09,29,Success
PAY-000782,CUST-0042,2025-11-08,29,Success
PAY-000783,CUST-0042,2025-12-08,29,Success
PAY-000784,CUST-0042,2026-01-07,29,Success
PAY-000785,CUST-0042,2026-02-06,29,Success
PAY-000786,CUST-0042,2026-03-08,29,Success
PAY-000787,CUST-0042,2026-04-07,29,Success
PAY-000788,CUST-0042,2026-05-07,29,Success
PAY-000789,CUST-0042,2026-06-06,29,Success
PAY-000790,CUST-0043,2024-12-15,29,Success
PAY-000791,CUST-0043,2025-01-14,29,Success
PAY-000792,CUST-0043,2025-02-13,29,Success
PAY-000793,CUST-0043,2025-03-15,29,Failed
PAY-000794,CUST-0043,2025-04-14,29,Success
PAY-000795,CUST-0043,2025-05-14,29,Success
PAY-000796,CUST-0043,2025-06-13,29,Success
PAY-000797,CUST-0043,2025-07-13,29,Success
PAY-000798,CUST-0043,2025-08-12,29,Success
PAY-000799,CUST-0043,2025-09-11,29,Success
PAY-000800,CUST-0043,2025-10-11,29,Success
PAY-000801,CUST-0043,2025-11-10,29,Success
PAY-000802,CUST-0043,2025-12-10,29,Success
PAY-000803,CUST-0043,2026-01-09,29,Success
PAY-000804,CUST-0043,2026-02-08,29,Success
PAY-000805,CUST-0043,2026-03-10,29,Success
PAY-000806,CUST-0043,2026-04-09,29,Success
PAY-000807,CUST-0043,2026-05-09,29,Success
PAY-000808,CUST-0043,2026-06-08,29,Success
PAY-000809,CUST-0044,2024-02-27,29,Success
PAY-000810,CUST-0044,2024-03-28,29,Success
PAY-000811,CUST-0044,2024-04-27,29,Success
PAY-000812,CUST-0044,2024-05-27,29,Success
PAY-000813,CUST-0044,2024-06-26,29,Success
PAY-000814,CUST-0044,2024-07-26,29,Success
PAY-000815,CUST-0045,2024-03-21,29,Success
PAY-000816,CUST-0045,2024-04-20,29,Success
PAY-000817,CUST-0045,2024-05-20,29,Success
PAY-000818,CUST-0045,2024-06-19,29,Success
PAY-000819,CUST-0045,2024-07-19,29,Success
PAY-000820,CUST-0045,2024-08-18,29,Success
PAY-000821,CUST-0045,2024-09-17,29,Success
PAY-000822,CUST-0045,2024-10-17,29,Success
PAY-000823,CUST-0045,2024-11-16,29,Success
PAY-000824,CUST-0045,2024-12-16,29,Success
PAY-000825,CUST-0045,2025-01-15,29,Success
PAY-000826,CUST-0045,2025-02-14,29,Success
PAY-000827,CUST-0046,2025-05-03,299,Success
PAY-000828,CUST-0046,2025-06-02,299,Success
PAY-000829,CUST-0046,2025-07-02,299,Success
PAY-000830,CUST-0046,2025-08-01,299,Success
PAY-000831,CUST-0046,2025-08-31,299,Success
PAY-000832,CUST-0046,2025-09-30,299,Success
PAY-000833,CUST-0046,2025-10-30,299,Success
PAY-000834,CUST-0046,2025-11-29,299,Success
PAY-000835,CUST-0046,2025-12-29,299,Success
PAY-000836,CUST-0046,2026-01-28,299,Success
PAY-000837,CUST-0046,2026-02-27,299,Success
PAY-000838,CUST-0046,2026-03-29,299,Success
PAY-000839,CUST-0046,2026-04-28,299,Success
PAY-000840,CUST-0046,2026-05-28,299,Success
PAY-000841,CUST-0046,2026-06-27,299,Failed
PAY-000842,CUST-0047,2024-09-16,99,Success
PAY-000843,CUST-0047,2024-10-16,99,Success
PAY-000844,CUST-0047,2024-11-15,99,Success
PAY-000845,CUST-0047,2024-12-15,99,Success
PAY-000846,CUST-0047,2025-01-14,99,Success
PAY-000847,CUST-0047,2025-02-13,99,Success
PAY-000848,CUST-0047,2025-03-15,99,Success
PAY-000849,CUST-0047,2025-04-14,99,Success
PAY-000850,CUST-0047,2025-05-14,99,Success
PAY-000851,CUST-0047,2025-06-13,99,Success
PAY-000852,CUST-0047,2025-07-13,99,Success
PAY-000853,CUST-0047,2025-08-12,99,Success
PAY-000854,CUST-0047,2025-09-11,99,Success
PAY-000855,CUST-0047,2025-10-11,99,Success
PAY-000856,CUST-0047,2025-11-10,99,Success
PAY-000857,CUST-0047,2025-12-10,99,Success
PAY-000858,CUST-0047,2026-01-09,99,Success
PAY-000859,CUST-0047,2026-02-08,99,Success
PAY-000860,CUST-0047,2026-03-10,99,Success
PAY-000861,CUST-0047,2026-04-09,99,Success
PAY-000862,CUST-0047,2026-05-09,99,Success
PAY-000863,CUST-0047,2026-06-08,99,Success
PAY-000864,CUST-0048,2025-03-06,99,Success
PAY-000865,CUST-0048,2025-04-05,99,Success
PAY-000866,CUST-0048,2025-05-05,99,Success
PAY-000867,CUST-0048,2025-06-04,99,Success
PAY-000868,CUST-0048,2025-07-04,99,Success
PAY-000869,CUST-0048,2025-08-03,99,Success
PAY-000870,CUST-0048,2025-09-02,99,Success
PAY-000871,CUST-0048,2025-10-02,99,Success
PAY-000872,CUST-0048,2025-11-01,99,Success
PAY-000873,CUST-0048,2025-12-01,99,Success
PAY-000874,CUST-0048,2025-12-31,99,Success
PAY-000875,CUST-0048,2026-01-30,99,Success
PAY-000876,CUST-0048,2026-03-01,99,Success
PAY-000877,CUST-0048,2026-03-31,99,Success
PAY-000878,CUST-0048,2026-04-30,99,Success
PAY-000879,CUST-0048,2026-05-30,99,Success
PAY-000880,CUST-0048,2026-06-29,99,Success
PAY-000881,CUST-0049,2024-07-10,29,Success
PAY-000882,CUST-0049,2024-08-09,29,Success
PAY-000883,CUST-0049,2024-09-08,29,Success
PAY-000884,CUST-0049,2024-10-08,29,Success
PAY-000885,CUST-0049,2024-11-07,29,Success
PAY-000886,CUST-0049,2024-12-07,29,Success
PAY-000887,CUST-0049,2025-01-06,29,Success
PAY-000888,CUST-0049,2025-02-05,29,Success
PAY-000889,CUST-0049,2025-03-07,29,Success
PAY-000890,CUST-0049,2025-04-06,29,Success
PAY-000891,CUST-0049,2025-05-06,29,Failed
PAY-000892,CUST-0049,2025-06-05,29,Success
PAY-000893,CUST-0049,2025-07-05,29,Success
PAY-000894,CUST-0049,2025-08-04,29,Success
PAY-000895,CUST-0049,2025-09-03,29,Success
PAY-000896,CUST-0049,2025-10-03,29,Success
PAY-000897,CUST-0049,2025-11-02,29,Success
PAY-000898,CUST-0049,2025-12-02,29,Success
PAY-000899,CUST-0049,2026-01-01,29,Success
PAY-000900,CUST-0049,2026-01-31,29,Success
PAY-000901,CUST-0049,2026-03-02,29,Success
PAY-000902,CUST-0049,2026-04-01,29,Success
PAY-000903,CUST-0049,2026-05-01,29,Success
PAY-000904,CUST-0049,2026-05-31,29,Success
PAY-000905,CUST-0049,2026-06-30,29,Success
PAY-000906,CUST-0050,2024-11-02,29,Success
PAY-000907,CUST-0050,2024-12-02,29,Success
PAY-000908,CUST-0050,2025-01-01,29,Success
PAY-000909,CUST-0050,2025-01-31,29,Success
PAY-000910,CUST-0050,2025-03-02,29,Success
PAY-000911,CUST-0050,2025-04-01,29,Success
PAY-000912,CUST-0050,2025-05-01,29,Success
PAY-000913,CUST-0050,2025-05-31,29,Success
PAY-000914,CUST-0050,2025-06-30,29,Success
PAY-000915,CUST-0050,2025-07-30,29,Success
PAY-000916,CUST-0050,2025-08-29,29,Success
PAY-000917,CUST-0050,2025-09-28,29,Success
PAY-000918,CUST-0050,2025-10-28,29,Success
PAY-000919,CUST-0050,2025-11-27,29,Success
PAY-000920,CUST-0050,2025-12-27,29,Success
PAY-000921,CUST-0050,2026-01-26,29,Success
PAY-000922,CUST-0050,2026-02-25,29,Success
PAY-000923,CUST-0050,2026-03-27,29,Success
PAY-000924,CUST-0050,2026-04-26,29,Success
PAY-000925,CUST-0050,2026-05-26,29,Success
PAY-000926,CUST-0050,2026-06-25,29,Success
PAY-000927,CUST-0051,2024-01-10,99,Success
PAY-000928,CUST-0051,2024-02-09,99,Success
PAY-000929,CUST-0051,2024-03-10,99,Success
PAY-000930,CUST-0051,2024-04-09,99,Success
PAY-000931,CUST-0051,2024-05-09,99,Success
PAY-000932,CUST-0051,2024-06-08,99,Success
PAY-000933,CUST-0051,2024-07-08,99,Success
PAY-000934,CUST-0051,2024-08-07,99,Success
PAY-000935,CUST-0051,2024-09-06,99,Success
PAY-000936,CUST-0051,2024-10-06,99,Success
PAY-000937,CUST-0051,2024-11-05,99,Success
PAY-000938,CUST-0051,2024-12-05,99,Success
PAY-000939,CUST-0051,2025-01-04,99,Success
PAY-000940,CUST-0051,2025-02-03,99,Success
PAY-000941,CUST-0051,2025-03-05,99,Success
PAY-000942,CUST-0051,2025-04-04,99,Success
PAY-000943,CUST-0051,2025-05-04,99,Success
PAY-000944,CUST-0051,2025-06-03,99,Success
PAY-000945,CUST-0051,2025-07-03,99,Success
PAY-000946,CUST-0051,2025-08-02,99,Success
PAY-000947,CUST-0051,2025-09-01,99,Success
PAY-000948,CUST-0051,2025-10-01,99,Success
PAY-000949,CUST-0051,2025-10-31,99,Success
PAY-000950,CUST-0051,2025-11-30,99,Success
PAY-000951,CUST-0051,2025-12-30,99,Success
PAY-000952,CUST-0051,2026-01-29,99,Success
PAY-000953,CUST-0051,2026-02-28,99,Success
PAY-000954,CUST-0051,2026-03-30,99,Success
PAY-000955,CUST-0051,2026-04-29,99,Success
PAY-000956,CUST-0051,2026-05-29,99,Success
PAY-000957,CUST-0051,2026-06-28,99,Success
PAY-000958,CUST-0052,2025-03-25,299,Success
PAY-000959,CUST-0052,2025-04-24,299,Success
PAY-000960,CUST-0052,2025-05-24,299,Success
PAY-000961,CUST-0052,2025-06-23,299,Success
PAY-000962,CUST-0052,2025-07-23,299,Success
PAY-000963,CUST-0052,2025-08-22,299,Success
PAY-000964,CUST-0052,2025-09-21,299,Success
PAY-000965,CUST-0052,2025-10-21,299,Success
PAY-000966,CUST-0052,2025-11-20,299,Success
PAY-000967,CUST-0052,2025-12-20,299,Success
PAY-000968,CUST-0052,2026-01-19,299,Success
PAY-000969,CUST-0052,2026-02-18,299,Success
PAY-000970,CUST-0052,2026-03-20,299,Success
PAY-000971,CUST-0052,2026-04-19,299,Success
PAY-000972,CUST-0052,2026-05-19,299,Success
PAY-000973,CUST-0052,2026-06-18,299,Success
PAY-000974,CUST-0053,2024-01-30,299,Success
PAY-000975,CUST-0053,2024-02-29,299,Success
PAY-000976,CUST-0053,2024-03-30,299,Success
PAY-000977,CUST-0053,2024-04-29,299,Success
PAY-000978,CUST-0053,2024-05-29,299,Success
PAY-000979,CUST-0053,2024-06-28,299,Success
PAY-000980,CUST-0053,2024-07-28,299,Success
PAY-000981,CUST-0053,2024-08-27,299,Success
PAY-000982,CUST-0053,2024-09-26,299,Success
PAY-000983,CUST-0053,2024-10-26,299,Success
PAY-000984,CUST-0053,2024-11-25,299,Success
PAY-000985,CUST-0053,2024-12-25,299,Success
PAY-000986,CUST-0053,2025-01-24,299,Success
PAY-000987,CUST-0053,2025-02-23,299,Success
PAY-000988,CUST-0053,2025-03-25,299,Success
PAY-000989,CUST-0053,2025-04-24,299,Success
PAY-000990,CUST-0053,2025-05-24,299,Failed
PAY-000991,CUST-0053,2025-06-23,299,Success
PAY-000992,CUST-0053,2025-07-23,299,Success
PAY-000993,CUST-0053,2025-08-22,299,Success
PAY-000994,CUST-0053,2025-09-21,299,Success
PAY-000995,CUST-0053,2025-10-21,299,Success
PAY-000996,CUST-0053,2025-11-20,299,Success
PAY-000997,CUST-0053,2025-12-20,299,Success
PAY-000998,CUST-0053,2026-01-19,299,Success
PAY-000999,CUST-0053,2026-02-18,299,Success
PAY-001000,CUST-0053,2026-03-20,299,Success
PAY-001001,CUST-0053,2026-04-19,299,Success
PAY-001002,CUST-0053,2026-05-19,299,Success
PAY-001003,CUST-0053,2026-06-18,299,Success
PAY-001004,CUST-0054,2024-02-13,29,Success
PAY-001005,CUST-0054,2024-03-14,29,Success
PAY-001006,CUST-0054,2024-04-13,29,Success
PAY-001007,CUST-0054,2024-05-13,29,Success
PAY-001008,CUST-0054,2024-06-12,29,Success
PAY-001009,CUST-0054,2024-07-12,29,Success
PAY-001010,CUST-0054,2024-08-11,29,Success
PAY-001011,CUST-0054,2024-09-10,29,Success
PAY-001012,CUST-0054,2024-10-10,29,Success
PAY-001013,CUST-0054,2024-11-09,29,Success
PAY-001014,CUST-0054,2024-12-09,29,Success
PAY-001015,CUST-0054,2025-01-08,29,Success
PAY-001016,CUST-0054,2025-02-07,29,Success
PAY-001017,CUST-0054,2025-03-09,29,Success
PAY-001018,CUST-0054,2025-04-08,29,Success
PAY-001019,CUST-0054,2025-05-08,29,Failed
PAY-001020,CUST-0054,2025-06-07,29,Success
PAY-001021,CUST-0054,2025-07-07,29,Success
PAY-001022,CUST-0054,2025-08-06,29,Success
PAY-001023,CUST-0054,2025-09-05,29,Success
PAY-001024,CUST-0054,2025-10-05,29,Success
PAY-001025,CUST-0054,2025-11-04,29,Success
PAY-001026,CUST-0054,2025-12-04,29,Success
PAY-001027,CUST-0054,2026-01-03,29,Success
PAY-001028,CUST-0054,2026-02-02,29,Success
PAY-001029,CUST-0054,2026-03-04,29,Success
PAY-001030,CUST-0054,2026-04-03,29,Success
PAY-001031,CUST-0054,2026-05-03,29,Success
PAY-001032,CUST-0054,2026-06-02,29,Success
PAY-001033,CUST-0055,2025-05-15,29,Success
PAY-001034,CUST-0055,2025-06-14,29,Success
PAY-001035,CUST-0055,2025-07-14,29,Success
PAY-001036,CUST-0055,2025-08-13,29,Success
PAY-001037,CUST-0055,2025-09-12,29,Success
PAY-001038,CUST-0055,2025-10-12,29,Success
PAY-001039,CUST-0055,2025-11-11,29,Success
PAY-001040,CUST-0055,2025-12-11,29,Success
PAY-001041,CUST-0055,2026-01-10,29,Success
PAY-001042,CUST-0055,2026-02-09,29,Failed
PAY-001043,CUST-0055,2026-03-11,29,Success
PAY-001044,CUST-0055,2026-04-10,29,Success
PAY-001045,CUST-0056,2024-12-03,29,Success
PAY-001046,CUST-0056,2025-01-02,29,Success
PAY-001047,CUST-0056,2025-02-01,29,Success
PAY-001048,CUST-0056,2025-03-03,29,Success
PAY-001049,CUST-0056,2025-04-02,29,Success
PAY-001050,CUST-0056,2025-05-02,29,Success
PAY-001051,CUST-0056,2025-06-01,29,Success
PAY-001052,CUST-0056,2025-07-01,29,Success
PAY-001053,CUST-0056,2025-07-31,29,Success
PAY-001054,CUST-0056,2025-08-30,29,Success
PAY-001055,CUST-0056,2025-09-29,29,Success
PAY-001056,CUST-0056,2025-10-29,29,Success
PAY-001057,CUST-0056,2025-11-28,29,Success
PAY-001058,CUST-0056,2025-12-28,29,Success
PAY-001059,CUST-0056,2026-01-27,29,Success
PAY-001060,CUST-0056,2026-02-26,29,Success
PAY-001061,CUST-0056,2026-03-28,29,Success
PAY-001062,CUST-0056,2026-04-27,29,Success
PAY-001063,CUST-0056,2026-05-27,29,Success
PAY-001064,CUST-0056,2026-06-26,29,Success
PAY-001065,CUST-0057,2024-05-15,29,Success
PAY-001066,CUST-0057,2024-06-14,29,Success
PAY-001067,CUST-0057,2024-07-14,29,Success
PAY-001068,CUST-0057,2024-08-13,29,Success
PAY-001069,CUST-0057,2024-09-12,29,Success
PAY-001070,CUST-0057,2024-10-12,29,Success
PAY-001071,CUST-0057,2024-11-11,29,Success
PAY-001072,CUST-0057,2024-12-11,29,Success
PAY-001073,CUST-0057,2025-01-10,29,Success
PAY-001074,CUST-0057,2025-02-09,29,Success
PAY-001075,CUST-0057,2025-03-11,29,Success
PAY-001076,CUST-0057,2025-04-10,29,Success
PAY-001077,CUST-0057,2025-05-10,29,Success
PAY-001078,CUST-0057,2025-06-09,29,Success
PAY-001079,CUST-0057,2025-07-09,29,Success
PAY-001080,CUST-0057,2025-08-08,29,Success
PAY-001081,CUST-0057,2025-09-07,29,Success
PAY-001082,CUST-0057,2025-10-07,29,Success
PAY-001083,CUST-0057,2025-11-06,29,Failed
PAY-001084,CUST-0057,2025-12-06,29,Success
PAY-001085,CUST-0057,2026-01-05,29,Success
PAY-001086,CUST-0057,2026-02-04,29,Success
PAY-001087,CUST-0057,2026-03-06,29,Success
PAY-001088,CUST-0057,2026-04-05,29,Success
PAY-001089,CUST-0057,2026-05-05,29,Success
PAY-001090,CUST-0057,2026-06-04,29,Success
PAY-001091,CUST-0058,2025-04-20,29,Success
PAY-001092,CUST-0058,2025-05-20,29,Success
PAY-001093,CUST-0058,2025-06-19,29,Success
PAY-001094,CUST-0059,2024-07-23,29,Success
PAY-001095,CUST-0059,2024-08-22,29,Success
PAY-001096,CUST-0059,2024-09-21,29,Success
PAY-001097,CUST-0059,2024-10-21,29,Success
PAY-001098,CUST-0059,2024-11-20,29,Success
PAY-001099,CUST-0059,2024-12-20,29,Success
PAY-001100,CUST-0059,2025-01-19,29,Success
PAY-001101,CUST-0059,2025-02-18,29,Success
PAY-001102,CUST-0059,2025-03-20,29,Success
PAY-001103,CUST-0059,2025-04-19,29,Success
PAY-001104,CUST-0059,2025-05-19,29,Success
PAY-001105,CUST-0059,2025-06-18,29,Success
PAY-001106,CUST-0060,2025-04-05,29,Success
PAY-001107,CUST-0060,2025-05-05,29,Success
PAY-001108,CUST-0060,2025-06-04,29,Success
PAY-001109,CUST-0060,2025-07-04,29,Success
PAY-001110,CUST-0060,2025-08-03,29,Success
PAY-001111,CUST-0060,2025-09-02,29,Success
PAY-001112,CUST-0060,2025-10-02,29,Success
PAY-001113,CUST-0060,2025-11-01,29,Success
PAY-001114,CUST-0060,2025-12-01,29,Success
PAY-001115,CUST-0060,2025-12-31,29,Success
PAY-001116,CUST-0060,2026-01-30,29,Success
PAY-001117,CUST-0060,2026-03-01,29,Success
PAY-001118,CUST-0060,2026-03-31,29,Success
PAY-001119,CUST-0060,2026-04-30,29,Failed
PAY-001120,CUST-0060,2026-05-30,29,Success
PAY-001121,CUST-0060,2026-06-29,29,Success
PAY-001122,CUST-0061,2024-05-06,99,Success
PAY-001123,CUST-0061,2024-06-05,99,Success
PAY-001124,CUST-0061,2024-07-05,99,Success
PAY-001125,CUST-0062,2024-06-22,99,Success
PAY-001126,CUST-0062,2024-07-22,99,Success
PAY-001127,CUST-0062,2024-08-21,99,Success
PAY-001128,CUST-0062,2024-09-20,99,Success
PAY-001129,CUST-0062,2024-10-20,99,Success
PAY-001130,CUST-0062,2024-11-19,99,Success
PAY-001131,CUST-0062,2024-12-19,99,Success
PAY-001132,CUST-0062,2025-01-18,99,Success
PAY-001133,CUST-0062,2025-02-17,99,Success
PAY-001134,CUST-0062,2025-03-19,99,Success
PAY-001135,CUST-0062,2025-04-18,99,Success
PAY-001136,CUST-0062,2025-05-18,99,Success
PAY-001137,CUST-0062,2025-06-17,99,Success
PAY-001138,CUST-0062,2025-07-17,99,Success
PAY-001139,CUST-0062,2025-08-16,99,Success
PAY-001140,CUST-0062,2025-09-15,99,Success
PAY-001141,CUST-0062,2025-10-15,99,Success
PAY-001142,CUST-0062,2025-11-14,99,Success
PAY-001143,CUST-0062,2025-12-14,99,Failed
PAY-001144,CUST-0062,2026-01-13,99,Success
PAY-001145,CUST-0062,2026-02-12,99,Success
PAY-001146,CUST-0062,2026-03-14,99,Success
PAY-001147,CUST-0062,2026-04-13,99,Success
PAY-001148,CUST-0062,2026-05-13,99,Success
PAY-001149,CUST-0062,2026-06-12,99,Success
PAY-001150,CUST-0063,2024-10-28,29,Success
PAY-001151,CUST-0063,2024-11-27,29,Success
PAY-001152,CUST-0063,2024-12-27,29,Success
PAY-001153,CUST-0063,2025-01-26,29,Success
PAY-001154,CUST-0063,2025-02-25,29,Success
PAY-001155,CUST-0063,2025-03-27,29,Success
PAY-001156,CUST-0063,2025-04-26,29,Success
PAY-001157,CUST-0063,2025-05-26,29,Success
PAY-001158,CUST-0063,2025-06-25,29,Success
PAY-001159,CUST-0063,2025-07-25,29,Success
PAY-001160,CUST-0063,2025-08-24,29,Success
PAY-001161,CUST-0063,2025-09-23,29,Success
PAY-001162,CUST-0063,2025-10-23,29,Success
PAY-001163,CUST-0064,2024-02-06,299,Success
PAY-001164,CUST-0064,2024-03-07,299,Success
PAY-001165,CUST-0064,2024-04-06,299,Success
PAY-001166,CUST-0064,2024-05-06,299,Success
PAY-001167,CUST-0064,2024-06-05,299,Success
PAY-001168,CUST-0064,2024-07-05,299,Success
PAY-001169,CUST-0064,2024-08-04,299,Success
PAY-001170,CUST-0064,2024-09-03,299,Success
PAY-001171,CUST-0064,2024-10-03,299,Success
PAY-001172,CUST-0064,2024-11-02,299,Success
PAY-001173,CUST-0064,2024-12-02,299,Success
PAY-001174,CUST-0064,2025-01-01,299,Success
PAY-001175,CUST-0064,2025-01-31,299,Success
PAY-001176,CUST-0064,2025-03-02,299,Success
PAY-001177,CUST-0064,2025-04-01,299,Success
PAY-001178,CUST-0064,2025-05-01,299,Success
PAY-001179,CUST-0064,2025-05-31,299,Success
PAY-001180,CUST-0064,2025-06-30,299,Success
PAY-001181,CUST-0064,2025-07-30,299,Success
PAY-001182,CUST-0064,2025-08-29,299,Success
PAY-001183,CUST-0064,2025-09-28,299,Success
PAY-001184,CUST-0064,2025-10-28,299,Success
PAY-001185,CUST-0064,2025-11-27,299,Failed
PAY-001186,CUST-0064,2025-12-27,299,Success
PAY-001187,CUST-0064,2026-01-26,299,Success
PAY-001188,CUST-0064,2026-02-25,299,Success
PAY-001189,CUST-0064,2026-03-27,299,Success
PAY-001190,CUST-0064,2026-04-26,299,Success
PAY-001191,CUST-0064,2026-05-26,299,Success
PAY-001192,CUST-0064,2026-06-25,299,Success
PAY-001193,CUST-0065,2024-02-04,299,Success
PAY-001194,CUST-0065,2024-03-05,299,Success
PAY-001195,CUST-0065,2024-04-04,299,Success
PAY-001196,CUST-0065,2024-05-04,299,Success
PAY-001197,CUST-0065,2024-06-03,299,Success
PAY-001198,CUST-0065,2024-07-03,299,Success
PAY-001199,CUST-0065,2024-08-02,299,Success
PAY-001200,CUST-0065,2024-09-01,299,Success
PAY-001201,CUST-0065,2024-10-01,299,Success
PAY-001202,CUST-0065,2024-10-31,299,Success
PAY-001203,CUST-0065,2024-11-30,299,Success
PAY-001204,CUST-0065,2024-12-30,299,Success
PAY-001205,CUST-0065,2025-01-29,299,Success
PAY-001206,CUST-0065,2025-02-28,299,Failed
PAY-001207,CUST-0065,2025-03-30,299,Success
PAY-001208,CUST-0065,2025-04-29,299,Success
PAY-001209,CUST-0065,2025-05-29,299,Success
PAY-001210,CUST-0065,2025-06-28,299,Success
PAY-001211,CUST-0065,2025-07-28,299,Success
PAY-001212,CUST-0065,2025-08-27,299,Success
PAY-001213,CUST-0065,2025-09-26,299,Success
PAY-001214,CUST-0065,2025-10-26,299,Success
PAY-001215,CUST-0065,2025-11-25,299,Success
PAY-001216,CUST-0065,2025-12-25,299,Success
PAY-001217,CUST-0065,2026-01-24,299,Success
PAY-001218,CUST-0065,2026-02-23,299,Success
PAY-001219,CUST-0065,2026-03-25,299,Success
PAY-001220,CUST-0065,2026-04-24,299,Success
PAY-001221,CUST-0065,2026-05-24,299,Success
PAY-001222,CUST-0065,2026-06-23,299,Success
PAY-001223,CUST-0066,2024-02-06,29,Success
PAY-001224,CUST-0066,2024-03-07,29,Success
PAY-001225,CUST-0066,2024-04-06,29,Success
PAY-001226,CUST-0066,2024-05-06,29,Success
PAY-001227,CUST-0066,2024-06-05,29,Success
PAY-001228,CUST-0066,2024-07-05,29,Success
PAY-001229,CUST-0066,2024-08-04,29,Success
PAY-001230,CUST-0066,2024-09-03,29,Success
PAY-001231,CUST-0066,2024-10-03,29,Success
PAY-001232,CUST-0066,2024-11-02,29,Success
PAY-001233,CUST-0066,2024-12-02,29,Success
PAY-001234,CUST-0066,2025-01-01,29,Success
PAY-001235,CUST-0066,2025-01-31,29,Success
PAY-001236,CUST-0066,2025-03-02,29,Success
PAY-001237,CUST-0066,2025-04-01,29,Success
PAY-001238,CUST-0066,2025-05-01,29,Success
PAY-001239,CUST-0066,2025-05-31,29,Success
PAY-001240,CUST-0066,2025-06-30,29,Success
PAY-001241,CUST-0066,2025-07-30,29,Success
PAY-001242,CUST-0066,2025-08-29,29,Success
PAY-001243,CUST-0066,2025-09-28,29,Success
PAY-001244,CUST-0066,2025-10-28,29,Success
PAY-001245,CUST-0066,2025-11-27,29,Success
PAY-001246,CUST-0066,2025-12-27,29,Success
PAY-001247,CUST-0066,2026-01-26,29,Success
PAY-001248,CUST-0066,2026-02-25,29,Success
PAY-001249,CUST-0066,2026-03-27,29,Success
PAY-001250,CUST-0066,2026-04-26,29,Success
PAY-001251,CUST-0066,2026-05-26,29,Success
PAY-001252,CUST-0066,2026-06-25,29,Success
PAY-001253,CUST-0067,2024-12-08,99,Success
PAY-001254,CUST-0067,2025-01-07,99,Success
PAY-001255,CUST-0067,2025-02-06,99,Success
PAY-001256,CUST-0067,2025-03-08,99,Success
PAY-001257,CUST-0067,2025-04-07,99,Success
PAY-001258,CUST-0067,2025-05-07,99,Success
PAY-001259,CUST-0067,2025-06-06,99,Success
PAY-001260,CUST-0067,2025-07-06,99,Success
PAY-001261,CUST-0067,2025-08-05,99,Success
PAY-001262,CUST-0067,2025-09-04,99,Success
PAY-001263,CUST-0067,2025-10-04,99,Success
PAY-001264,CUST-0067,2025-11-03,99,Success
PAY-001265,CUST-0067,2025-12-03,99,Success
PAY-001266,CUST-0067,2026-01-02,99,Success
PAY-001267,CUST-0067,2026-02-01,99,Success
PAY-001268,CUST-0067,2026-03-03,99,Success
PAY-001269,CUST-0067,2026-04-02,99,Success
PAY-001270,CUST-0067,2026-05-02,99,Success
PAY-001271,CUST-0067,2026-06-01,99,Success
PAY-001272,CUST-0068,2024-10-03,29,Success
PAY-001273,CUST-0068,2024-11-02,29,Success
PAY-001274,CUST-0068,2024-12-02,29,Success
PAY-001275,CUST-0068,2025-01-01,29,Success
PAY-001276,CUST-0068,2025-01-31,29,Success
PAY-001277,CUST-0068,2025-03-02,29,Success
PAY-001278,CUST-0068,2025-04-01,29,Success
PAY-001279,CUST-0068,2025-05-01,29,Success
PAY-001280,CUST-0068,2025-05-31,29,Success
PAY-001281,CUST-0068,2025-06-30,29,Success
PAY-001282,CUST-0068,2025-07-30,29,Success
PAY-001283,CUST-0068,2025-08-29,29,Success
PAY-001284,CUST-0069,2024-05-04,99,Success
PAY-001285,CUST-0069,2024-06-03,99,Success
PAY-001286,CUST-0069,2024-07-03,99,Success
PAY-001287,CUST-0069,2024-08-02,99,Success
PAY-001288,CUST-0069,2024-09-01,99,Success
PAY-001289,CUST-0069,2024-10-01,99,Success
PAY-001290,CUST-0069,2024-10-31,99,Success
PAY-001291,CUST-0069,2024-11-30,99,Success
PAY-001292,CUST-0069,2024-12-30,99,Success
PAY-001293,CUST-0069,2025-01-29,99,Success
PAY-001294,CUST-0069,2025-02-28,99,Success
PAY-001295,CUST-0069,2025-03-30,99,Success
PAY-001296,CUST-0069,2025-04-29,99,Success
PAY-001297,CUST-0069,2025-05-29,99,Success
PAY-001298,CUST-0069,2025-06-28,99,Success
PAY-001299,CUST-0069,2025-07-28,99,Success
PAY-001300,CUST-0069,2025-08-27,99,Success
PAY-001301,CUST-0069,2025-09-26,99,Success
PAY-001302,CUST-0069,2025-10-26,99,Success
PAY-001303,CUST-0069,2025-11-25,99,Success
PAY-001304,CUST-0069,2025-12-25,99,Success
PAY-001305,CUST-0069,2026-01-24,99,Success
PAY-001306,CUST-0069,2026-02-23,99,Success
PAY-001307,CUST-0069,2026-03-25,99,Success
PAY-001308,CUST-0069,2026-04-24,99,Success
PAY-001309,CUST-0069,2026-05-24,99,Success
PAY-001310,CUST-0069,2026-06-23,99,Success
PAY-001311,CUST-0070,2024-04-07,99,Success
PAY-001312,CUST-0070,2024-05-07,99,Success
PAY-001313,CUST-0070,2024-06-06,99,Success
PAY-001314,CUST-0070,2024-07-06,99,Success
PAY-001315,CUST-0070,2024-08-05,99,Success
PAY-001316,CUST-0070,2024-09-04,99,Success
PAY-001317,CUST-0070,2024-10-04,99,Success
PAY-001318,CUST-0070,2024-11-03,99,Success
PAY-001319,CUST-0070,2024-12-03,99,Success
PAY-001320,CUST-0070,2025-01-02,99,Success
PAY-001321,CUST-0070,2025-02-01,99,Success
PAY-001322,CUST-0070,2025-03-03,99,Success
PAY-001323,CUST-0071,2024-12-03,29,Success
PAY-001324,CUST-0071,2025-01-02,29,Success
PAY-001325,CUST-0071,2025-02-01,29,Success
PAY-001326,CUST-0071,2025-03-03,29,Success
PAY-001327,CUST-0071,2025-04-02,29,Success
PAY-001328,CUST-0071,2025-05-02,29,Success
PAY-001329,CUST-0071,2025-06-01,29,Success
PAY-001330,CUST-0071,2025-07-01,29,Success
PAY-001331,CUST-0071,2025-07-31,29,Success
PAY-001332,CUST-0071,2025-08-30,29,Success
PAY-001333,CUST-0071,2025-09-29,29,Success
PAY-001334,CUST-0071,2025-10-29,29,Success
PAY-001335,CUST-0071,2025-11-28,29,Success
PAY-001336,CUST-0071,2025-12-28,29,Success
PAY-001337,CUST-0071,2026-01-27,29,Success
PAY-001338,CUST-0071,2026-02-26,29,Success
PAY-001339,CUST-0071,2026-03-28,29,Success
PAY-001340,CUST-0071,2026-04-27,29,Success
PAY-001341,CUST-0071,2026-05-27,29,Success
PAY-001342,CUST-0071,2026-06-26,29,Success
PAY-001343,CUST-0072,2024-08-04,99,Success
PAY-001344,CUST-0072,2024-09-03,99,Success
PAY-001345,CUST-0072,2024-10-03,99,Success
PAY-001346,CUST-0072,2024-11-02,99,Success
PAY-001347,CUST-0072,2024-12-02,99,Success
PAY-001348,CUST-0072,2025-01-01,99,Success
PAY-001349,CUST-0072,2025-01-31,99,Success
PAY-001350,CUST-0072,2025-03-02,99,Success
PAY-001351,CUST-0072,2025-04-01,99,Success
PAY-001352,CUST-0072,2025-05-01,99,Success
PAY-001353,CUST-0072,2025-05-31,99,Success
PAY-001354,CUST-0072,2025-06-30,99,Success
PAY-001355,CUST-0072,2025-07-30,99,Success
PAY-001356,CUST-0072,2025-08-29,99,Success
PAY-001357,CUST-0072,2025-09-28,99,Failed
PAY-001358,CUST-0072,2025-10-28,99,Success
PAY-001359,CUST-0072,2025-11-27,99,Success
PAY-001360,CUST-0072,2025-12-27,99,Success
PAY-001361,CUST-0072,2026-01-26,99,Success
PAY-001362,CUST-0072,2026-02-25,99,Success
PAY-001363,CUST-0072,2026-03-27,99,Success
PAY-001364,CUST-0072,2026-04-26,99,Success
PAY-001365,CUST-0072,2026-05-26,99,Success
PAY-001366,CUST-0072,2026-06-25,99,Success
PAY-001367,CUST-0073,2025-03-18,29,Success
PAY-001368,CUST-0073,2025-04-17,29,Success
PAY-001369,CUST-0073,2025-05-17,29,Success
PAY-001370,CUST-0073,2025-06-16,29,Success
PAY-001371,CUST-0073,2025-07-16,29,Success
PAY-001372,CUST-0073,2025-08-15,29,Success
PAY-001373,CUST-0073,2025-09-14,29,Success
PAY-001374,CUST-0073,2025-10-14,29,Success
PAY-001375,CUST-0073,2025-11-13,29,Success
PAY-001376,CUST-0073,2025-12-13,29,Success
PAY-001377,CUST-0073,2026-01-12,29,Success
PAY-001378,CUST-0073,2026-02-11,29,Success
PAY-001379,CUST-0073,2026-03-13,29,Success
PAY-001380,CUST-0073,2026-04-12,29,Success
PAY-001381,CUST-0073,2026-05-12,29,Success
PAY-001382,CUST-0073,2026-06-11,29,Success
PAY-001383,CUST-0074,2024-02-01,99,Success
PAY-001384,CUST-0074,2024-03-02,99,Success
PAY-001385,CUST-0074,2024-04-01,99,Success
PAY-001386,CUST-0074,2024-05-01,99,Success
PAY-001387,CUST-0074,2024-05-31,99,Success
PAY-001388,CUST-0075,2025-02-13,29,Success
PAY-001389,CUST-0075,2025-03-15,29,Success
PAY-001390,CUST-0075,2025-04-14,29,Success
PAY-001391,CUST-0075,2025-05-14,29,Success
PAY-001392,CUST-0075,2025-06-13,29,Success
PAY-001393,CUST-0075,2025-07-13,29,Success
PAY-001394,CUST-0075,2025-08-12,29,Success
PAY-001395,CUST-0075,2025-09-11,29,Success
PAY-001396,CUST-0075,2025-10-11,29,Success
PAY-001397,CUST-0075,2025-11-10,29,Success
PAY-001398,CUST-0075,2025-12-10,29,Success
PAY-001399,CUST-0075,2026-01-09,29,Success
PAY-001400,CUST-0075,2026-02-08,29,Success
PAY-001401,CUST-0075,2026-03-10,29,Success
PAY-001402,CUST-0075,2026-04-09,29,Success
PAY-001403,CUST-0075,2026-05-09,29,Success
PAY-001404,CUST-0075,2026-06-08,29,Success
PAY-001405,CUST-0076,2024-04-08,29,Failed
PAY-001406,CUST-0076,2024-05-08,29,Success
PAY-001407,CUST-0076,2024-06-07,29,Success
PAY-001408,CUST-0076,2024-07-07,29,Success
PAY-001409,CUST-0076,2024-08-06,29,Success
PAY-001410,CUST-0076,2024-09-05,29,Success
PAY-001411,CUST-0076,2024-10-05,29,Success
PAY-001412,CUST-0076,2024-11-04,29,Success
PAY-001413,CUST-0076,2024-12-04,29,Success
PAY-001414,CUST-0076,2025-01-03,29,Success
PAY-001415,CUST-0076,2025-02-02,29,Success
PAY-001416,CUST-0076,2025-03-04,29,Success
PAY-001417,CUST-0076,2025-04-03,29,Success
PAY-001418,CUST-0076,2025-05-03,29,Success
PAY-001419,CUST-0076,2025-06-02,29,Success
PAY-001420,CUST-0076,2025-07-02,29,Success
PAY-001421,CUST-0076,2025-08-01,29,Success
PAY-001422,CUST-0076,2025-08-31,29,Success
PAY-001423,CUST-0076,2025-09-30,29,Success
PAY-001424,CUST-0076,2025-10-30,29,Failed
PAY-001425,CUST-0076,2025-11-29,29,Success
PAY-001426,CUST-0076,2025-12-29,29,Success
PAY-001427,CUST-0076,2026-01-28,29,Success
PAY-001428,CUST-0076,2026-02-27,29,Success
PAY-001429,CUST-0076,2026-03-29,29,Success
PAY-001430,CUST-0076,2026-04-28,29,Success
PAY-001431,CUST-0076,2026-05-28,29,Success
PAY-001432,CUST-0076,2026-06-27,29,Success
PAY-001433,CUST-0077,2024-03-12,29,Success
PAY-001434,CUST-0077,2024-04-11,29,Success
PAY-001435,CUST-0077,2024-05-11,29,Failed
PAY-001436,CUST-0077,2024-06-10,29,Success
PAY-001437,CUST-0077,2024-07-10,29,Success
PAY-001438,CUST-0077,2024-08-09,29,Success
PAY-001439,CUST-0077,2024-09-08,29,Success
PAY-001440,CUST-0077,2024-10-08,29,Success
PAY-001441,CUST-0077,2024-11-07,29,Success
PAY-001442,CUST-0077,2024-12-07,29,Success
PAY-001443,CUST-0077,2025-01-06,29,Success
PAY-001444,CUST-0077,2025-02-05,29,Success
PAY-001445,CUST-0077,2025-03-07,29,Success
PAY-001446,CUST-0077,2025-04-06,29,Success
PAY-001447,CUST-0077,2025-05-06,29,Success
PAY-001448,CUST-0077,2025-06-05,29,Success
PAY-001449,CUST-0077,2025-07-05,29,Success
PAY-001450,CUST-0077,2025-08-04,29,Success
PAY-001451,CUST-0077,2025-09-03,29,Success
PAY-001452,CUST-0077,2025-10-03,29,Success
PAY-001453,CUST-0077,2025-11-02,29,Success
PAY-001454,CUST-0077,2025-12-02,29,Success
PAY-001455,CUST-0077,2026-01-01,29,Success
PAY-001456,CUST-0077,2026-01-31,29,Success
PAY-001457,CUST-0077,2026-03-02,29,Success
PAY-001458,CUST-0077,2026-04-01,29,Success
PAY-001459,CUST-0077,2026-05-01,29,Success
PAY-001460,CUST-0077,2026-05-31,29,Success
PAY-001461,CUST-0077,2026-06-30,29,Success
PAY-001462,CUST-0078,2024-05-22,99,Success
PAY-001463,CUST-0078,2024-06-21,99,Success
PAY-001464,CUST-0078,2024-07-21,99,Success
PAY-001465,CUST-0078,2024-08-20,99,Success
PAY-001466,CUST-0078,2024-09-19,99,Success
PAY-001467,CUST-0078,2024-10-19,99,Success
PAY-001468,CUST-0078,2024-11-18,99,Success
PAY-001469,CUST-0078,2024-12-18,99,Success
PAY-001470,CUST-0078,2025-01-17,99,Success
PAY-001471,CUST-0078,2025-02-16,99,Success
PAY-001472,CUST-0078,2025-03-18,99,Success
PAY-001473,CUST-0078,2025-04-17,99,Success
PAY-001474,CUST-0078,2025-05-17,99,Success
PAY-001475,CUST-0078,2025-06-16,99,Success
PAY-001476,CUST-0078,2025-07-16,99,Success
PAY-001477,CUST-0078,2025-08-15,99,Success
PAY-001478,CUST-0078,2025-09-14,99,Success
PAY-001479,CUST-0078,2025-10-14,99,Success
PAY-001480,CUST-0078,2025-11-13,99,Success
PAY-001481,CUST-0078,2025-12-13,99,Success
PAY-001482,CUST-0078,2026-01-12,99,Success
PAY-001483,CUST-0078,2026-02-11,99,Success
PAY-001484,CUST-0078,2026-03-13,99,Success
PAY-001485,CUST-0078,2026-04-12,99,Success
PAY-001486,CUST-0078,2026-05-12,99,Success
PAY-001487,CUST-0078,2026-06-11,99,Success
PAY-001488,CUST-0079,2025-03-23,29,Success
PAY-001489,CUST-0079,2025-04-22,29,Failed
PAY-001490,CUST-0079,2025-05-22,29,Success
PAY-001491,CUST-0079,2025-06-21,29,Success
PAY-001492,CUST-0079,2025-07-21,29,Success
PAY-001493,CUST-0079,2025-08-20,29,Success
PAY-001494,CUST-0079,2025-09-19,29,Success
PAY-001495,CUST-0079,2025-10-19,29,Success
PAY-001496,CUST-0079,2025-11-18,29,Success
PAY-001497,CUST-0079,2025-12-18,29,Success
PAY-001498,CUST-0079,2026-01-17,29,Success
PAY-001499,CUST-0079,2026-02-16,29,Success
PAY-001500,CUST-0080,2025-02-17,99,Success
PAY-001501,CUST-0080,2025-03-19,99,Success
PAY-001502,CUST-0080,2025-04-18,99,Success
PAY-001503,CUST-0080,2025-05-18,99,Success
PAY-001504,CUST-0080,2025-06-17,99,Success
PAY-001505,CUST-0080,2025-07-17,99,Success
PAY-001506,CUST-0080,2025-08-16,99,Success
PAY-001507,CUST-0080,2025-09-15,99,Success
PAY-001508,CUST-0080,2025-10-15,99,Success
PAY-001509,CUST-0080,2025-11-14,99,Success
PAY-001510,CUST-0080,2025-12-14,99,Success
PAY-001511,CUST-0080,2026-01-13,99,Success
PAY-001512,CUST-0080,2026-02-12,99,Success
PAY-001513,CUST-0080,2026-03-14,99,Success
PAY-001514,CUST-0080,2026-04-13,99,Failed
PAY-001515,CUST-0080,2026-05-13,99,Success
PAY-001516,CUST-0080,2026-06-12,99,Success
PAY-001517,CUST-0081,2024-11-29,29,Success
PAY-001518,CUST-0081,2024-12-29,29,Success
PAY-001519,CUST-0081,2025-01-28,29,Success
PAY-001520,CUST-0081,2025-02-27,29,Success
PAY-001521,CUST-0081,2025-03-29,29,Success
PAY-001522,CUST-0081,2025-04-28,29,Success
PAY-001523,CUST-0081,2025-05-28,29,Success
PAY-001524,CUST-0081,2025-06-27,29,Success
PAY-001525,CUST-0081,2025-07-27,29,Success
PAY-001526,CUST-0081,2025-08-26,29,Success
PAY-001527,CUST-0081,2025-09-25,29,Success
PAY-001528,CUST-0081,2025-10-25,29,Success
PAY-001529,CUST-0081,2025-11-24,29,Success
PAY-001530,CUST-0081,2025-12-24,29,Success
PAY-001531,CUST-0081,2026-01-23,29,Success
PAY-001532,CUST-0081,2026-02-22,29,Success
PAY-001533,CUST-0081,2026-03-24,29,Success
PAY-001534,CUST-0081,2026-04-23,29,Success
PAY-001535,CUST-0081,2026-05-23,29,Success
PAY-001536,CUST-0081,2026-06-22,29,Success
PAY-001537,CUST-0082,2025-04-19,299,Success
PAY-001538,CUST-0082,2025-05-19,299,Success
PAY-001539,CUST-0082,2025-06-18,299,Success
PAY-001540,CUST-0082,2025-07-18,299,Success
PAY-001541,CUST-0082,2025-08-17,299,Success
PAY-001542,CUST-0082,2025-09-16,299,Success
PAY-001543,CUST-0082,2025-10-16,299,Success
PAY-001544,CUST-0082,2025-11-15,299,Success
PAY-001545,CUST-0082,2025-12-15,299,Success
PAY-001546,CUST-0082,2026-01-14,299,Success
PAY-001547,CUST-0082,2026-02-13,299,Success
PAY-001548,CUST-0082,2026-03-15,299,Success
PAY-001549,CUST-0082,2026-04-14,299,Success
PAY-001550,CUST-0083,2024-07-27,99,Success
PAY-001551,CUST-0083,2024-08-26,99,Success
PAY-001552,CUST-0083,2024-09-25,99,Success
PAY-001553,CUST-0083,2024-10-25,99,Success
PAY-001554,CUST-0083,2024-11-24,99,Success
PAY-001555,CUST-0083,2024-12-24,99,Success
PAY-001556,CUST-0084,2024-04-19,299,Failed
PAY-001557,CUST-0084,2024-05-19,299,Success
PAY-001558,CUST-0084,2024-06-18,299,Success
PAY-001559,CUST-0084,2024-07-18,299,Success
PAY-001560,CUST-0084,2024-08-17,299,Success
PAY-001561,CUST-0084,2024-09-16,299,Success
PAY-001562,CUST-0084,2024-10-16,299,Success
PAY-001563,CUST-0084,2024-11-15,299,Success
PAY-001564,CUST-0084,2024-12-15,299,Success
PAY-001565,CUST-0084,2025-01-14,299,Success
PAY-001566,CUST-0084,2025-02-13,299,Success
PAY-001567,CUST-0084,2025-03-15,299,Success
PAY-001568,CUST-0084,2025-04-14,299,Success
PAY-001569,CUST-0084,2025-05-14,299,Success
PAY-001570,CUST-0084,2025-06-13,299,Success
PAY-001571,CUST-0084,2025-07-13,299,Success
PAY-001572,CUST-0084,2025-08-12,299,Success
PAY-001573,CUST-0084,2025-09-11,299,Success
PAY-001574,CUST-0084,2025-10-11,299,Success
PAY-001575,CUST-0084,2025-11-10,299,Success
PAY-001576,CUST-0084,2025-12-10,299,Success
PAY-001577,CUST-0084,2026-01-09,299,Success
PAY-001578,CUST-0084,2026-02-08,299,Success
PAY-001579,CUST-0084,2026-03-10,299,Success
PAY-001580,CUST-0084,2026-04-09,299,Success
PAY-001581,CUST-0084,2026-05-09,299,Success
PAY-001582,CUST-0084,2026-06-08,299,Success
PAY-001583,CUST-0085,2024-03-25,29,Success
PAY-001584,CUST-0085,2024-04-24,29,Success
PAY-001585,CUST-0085,2024-05-24,29,Success
PAY-001586,CUST-0085,2024-06-23,29,Success
PAY-001587,CUST-0085,2024-07-23,29,Success
PAY-001588,CUST-0085,2024-08-22,29,Success
PAY-001589,CUST-0085,2024-09-21,29,Success
PAY-001590,CUST-0085,2024-10-21,29,Success
PAY-001591,CUST-0085,2024-11-20,29,Success
PAY-001592,CUST-0085,2024-12-20,29,Success
PAY-001593,CUST-0085,2025-01-19,29,Failed
PAY-001594,CUST-0085,2025-02-18,29,Success
PAY-001595,CUST-0085,2025-03-20,29,Success
PAY-001596,CUST-0085,2025-04-19,29,Success
PAY-001597,CUST-0085,2025-05-19,29,Success
PAY-001598,CUST-0085,2025-06-18,29,Success
PAY-001599,CUST-0085,2025-07-18,29,Success
PAY-001600,CUST-0085,2025-08-17,29,Success
PAY-001601,CUST-0085,2025-09-16,29,Success
PAY-001602,CUST-0085,2025-10-16,29,Success
PAY-001603,CUST-0085,2025-11-15,29,Success
PAY-001604,CUST-0085,2025-12-15,29,Failed
PAY-001605,CUST-0085,2026-01-14,29,Success
PAY-001606,CUST-0085,2026-02-13,29,Success
PAY-001607,CUST-0085,2026-03-15,29,Success
PAY-001608,CUST-0085,2026-04-14,29,Success
PAY-001609,CUST-0085,2026-05-14,29,Success
PAY-001610,CUST-0085,2026-06-13,29,Success
PAY-001611,CUST-0086,2024-07-18,299,Success
PAY-001612,CUST-0086,2024-08-17,299,Success
PAY-001613,CUST-0086,2024-09-16,299,Success
PAY-001614,CUST-0086,2024-10-16,299,Success
PAY-001615,CUST-0086,2024-11-15,299,Success
PAY-001616,CUST-0086,2024-12-15,299,Failed
PAY-001617,CUST-0086,2025-01-14,299,Success
PAY-001618,CUST-0086,2025-02-13,299,Success
PAY-001619,CUST-0086,2025-03-15,299,Success
PAY-001620,CUST-0086,2025-04-14,299,Success
PAY-001621,CUST-0086,2025-05-14,299,Success
PAY-001622,CUST-0086,2025-06-13,299,Success
PAY-001623,CUST-0086,2025-07-13,299,Success
PAY-001624,CUST-0086,2025-08-12,299,Success
PAY-001625,CUST-0086,2025-09-11,299,Success
PAY-001626,CUST-0086,2025-10-11,299,Success
PAY-001627,CUST-0086,2025-11-10,299,Success
PAY-001628,CUST-0086,2025-12-10,299,Success
PAY-001629,CUST-0086,2026-01-09,299,Success
PAY-001630,CUST-0086,2026-02-08,299,Success
PAY-001631,CUST-0086,2026-03-10,299,Success
PAY-001632,CUST-0086,2026-04-09,299,Success
PAY-001633,CUST-0086,2026-05-09,299,Success
PAY-001634,CUST-0086,2026-06-08,299,Success
PAY-001635,CUST-0087,2024-05-26,29,Success
PAY-001636,CUST-0087,2024-06-25,29,Success
PAY-001637,CUST-0087,2024-07-25,29,Success
PAY-001638,CUST-0087,2024-08-24,29,Success
PAY-001639,CUST-0087,2024-09-23,29,Success
PAY-001640,CUST-0087,2024-10-23,29,Failed
PAY-001641,CUST-0087,2024-11-22,29,Success
PAY-001642,CUST-0087,2024-12-22,29,Success
PAY-001643,CUST-0087,2025-01-21,29,Success
PAY-001644,CUST-0087,2025-02-20,29,Success
PAY-001645,CUST-0087,2025-03-22,29,Failed
PAY-001646,CUST-0087,2025-04-21,29,Success
PAY-001647,CUST-0087,2025-05-21,29,Success
PAY-001648,CUST-0087,2025-06-20,29,Success
PAY-001649,CUST-0087,2025-07-20,29,Failed
PAY-001650,CUST-0087,2025-08-19,29,Success
PAY-001651,CUST-0087,2025-09-18,29,Success
PAY-001652,CUST-0087,2025-10-18,29,Success
PAY-001653,CUST-0087,2025-11-17,29,Failed
PAY-001654,CUST-0087,2025-12-17,29,Success
PAY-001655,CUST-0087,2026-01-16,29,Success
PAY-001656,CUST-0087,2026-02-15,29,Success
PAY-001657,CUST-0087,2026-03-17,29,Success
PAY-001658,CUST-0087,2026-04-16,29,Success
PAY-001659,CUST-0087,2026-05-16,29,Success
PAY-001660,CUST-0087,2026-06-15,29,Success
PAY-001661,CUST-0088,2024-03-20,29,Success
PAY-001662,CUST-0088,2024-04-19,29,Success
PAY-001663,CUST-0088,2024-05-19,29,Success
PAY-001664,CUST-0088,2024-06-18,29,Success
PAY-001665,CUST-0088,2024-07-18,29,Success
PAY-001666,CUST-0088,2024-08-17,29,Success
PAY-001667,CUST-0088,2024-09-16,29,Success
PAY-001668,CUST-0088,2024-10-16,29,Success
PAY-001669,CUST-0088,2024-11-15,29,Success
PAY-001670,CUST-0088,2024-12-15,29,Success
PAY-001671,CUST-0088,2025-01-14,29,Success
PAY-001672,CUST-0088,2025-02-13,29,Success
PAY-001673,CUST-0088,2025-03-15,29,Success
PAY-001674,CUST-0088,2025-04-14,29,Success
PAY-001675,CUST-0088,2025-05-14,29,Success
PAY-001676,CUST-0088,2025-06-13,29,Success
PAY-001677,CUST-0088,2025-07-13,29,Success
PAY-001678,CUST-0088,2025-08-12,29,Success
PAY-001679,CUST-0088,2025-09-11,29,Failed
PAY-001680,CUST-0088,2025-10-11,29,Success
PAY-001681,CUST-0088,2025-11-10,29,Success
PAY-001682,CUST-0088,2025-12-10,29,Success
PAY-001683,CUST-0088,2026-01-09,29,Success
PAY-001684,CUST-0088,2026-02-08,29,Success
PAY-001685,CUST-0088,2026-03-10,29,Success
PAY-001686,CUST-0088,2026-04-09,29,Success
PAY-001687,CUST-0088,2026-05-09,29,Success
PAY-001688,CUST-0088,2026-06-08,29,Success
PAY-001689,CUST-0089,2024-04-21,29,Success
PAY-001690,CUST-0089,2024-05-21,29,Success
PAY-001691,CUST-0089,2024-06-20,29,Success
PAY-001692,CUST-0089,2024-07-20,29,Success
PAY-001693,CUST-0089,2024-08-19,29,Success
PAY-001694,CUST-0089,2024-09-18,29,Success
PAY-001695,CUST-0089,2024-10-18,29,Success
PAY-001696,CUST-0089,2024-11-17,29,Success
PAY-001697,CUST-0089,2024-12-17,29,Success
PAY-001698,CUST-0089,2025-01-16,29,Success
PAY-001699,CUST-0089,2025-02-15,29,Success
PAY-001700,CUST-0089,2025-03-17,29,Success
PAY-001701,CUST-0089,2025-04-16,29,Success
PAY-001702,CUST-0089,2025-05-16,29,Success
PAY-001703,CUST-0089,2025-06-15,29,Success
PAY-001704,CUST-0089,2025-07-15,29,Success
PAY-001705,CUST-0089,2025-08-14,29,Success
PAY-001706,CUST-0089,2025-09-13,29,Success
PAY-001707,CUST-0089,2025-10-13,29,Success
PAY-001708,CUST-0089,2025-11-12,29,Success
PAY-001709,CUST-0089,2025-12-12,29,Success
PAY-001710,CUST-0089,2026-01-11,29,Success
PAY-001711,CUST-0089,2026-02-10,29,Success
PAY-001712,CUST-0089,2026-03-12,29,Success
PAY-001713,CUST-0089,2026-04-11,29,Success
PAY-001714,CUST-0089,2026-05-11,29,Success
PAY-001715,CUST-0089,2026-06-10,29,Success
PAY-001716,CUST-0090,2025-01-17,29,Success
PAY-001717,CUST-0090,2025-02-16,29,Success
PAY-001718,CUST-0090,2025-03-18,29,Success
PAY-001719,CUST-0090,2025-04-17,29,Success
PAY-001720,CUST-0090,2025-05-17,29,Success
PAY-001721,CUST-0090,2025-06-16,29,Success
PAY-001722,CUST-0090,2025-07-16,29,Success
PAY-001723,CUST-0090,2025-08-15,29,Success
PAY-001724,CUST-0090,2025-09-14,29,Success
PAY-001725,CUST-0090,2025-10-14,29,Success
PAY-001726,CUST-0090,2025-11-13,29,Success
PAY-001727,CUST-0090,2025-12-13,29,Success
PAY-001728,CUST-0090,2026-01-12,29,Success
PAY-001729,CUST-0090,2026-02-11,29,Success
PAY-001730,CUST-0090,2026-03-13,29,Success
PAY-001731,CUST-0090,2026-04-12,29,Success
PAY-001732,CUST-0090,2026-05-12,29,Success
PAY-001733,CUST-0090,2026-06-11,29,Success
PAY-001734,CUST-0091,2024-01-26,99,Success
PAY-001735,CUST-0091,2024-02-25,99,Success
PAY-001736,CUST-0092,2024-01-30,99,Success
PAY-001737,CUST-0092,2024-02-29,99,Success
PAY-001738,CUST-0092,2024-03-30,99,Success
PAY-001739,CUST-0093,2024-02-05,29,Success
PAY-001740,CUST-0093,2024-03-06,29,Success
PAY-001741,CUST-0093,2024-04-05,29,Success
PAY-001742,CUST-0093,2024-05-05,29,Success
PAY-001743,CUST-0093,2024-06-04,29,Success
PAY-001744,CUST-0093,2024-07-04,29,Success
PAY-001745,CUST-0093,2024-08-03,29,Success
PAY-001746,CUST-0093,2024-09-02,29,Success
PAY-001747,CUST-0093,2024-10-02,29,Success
PAY-001748,CUST-0093,2024-11-01,29,Success
PAY-001749,CUST-0093,2024-12-01,29,Success
PAY-001750,CUST-0093,2024-12-31,29,Success
PAY-001751,CUST-0093,2025-01-30,29,Success
PAY-001752,CUST-0093,2025-03-01,29,Failed
PAY-001753,CUST-0093,2025-03-31,29,Success
PAY-001754,CUST-0093,2025-04-30,29,Success
PAY-001755,CUST-0093,2025-05-30,29,Success
PAY-001756,CUST-0093,2025-06-29,29,Success
PAY-001757,CUST-0093,2025-07-29,29,Success
PAY-001758,CUST-0093,2025-08-28,29,Success
PAY-001759,CUST-0093,2025-09-27,29,Success
PAY-001760,CUST-0093,2025-10-27,29,Success
PAY-001761,CUST-0093,2025-11-26,29,Success
PAY-001762,CUST-0093,2025-12-26,29,Success
PAY-001763,CUST-0093,2026-01-25,29,Success
PAY-001764,CUST-0093,2026-02-24,29,Success
PAY-001765,CUST-0093,2026-03-26,29,Success
PAY-001766,CUST-0093,2026-04-25,29,Success
PAY-001767,CUST-0093,2026-05-25,29,Success
PAY-001768,CUST-0093,2026-06-24,29,Success
PAY-001769,CUST-0094,2024-07-25,99,Success
PAY-001770,CUST-0094,2024-08-24,99,Success
PAY-001771,CUST-0094,2024-09-23,99,Success
PAY-001772,CUST-0094,2024-10-23,99,Success
PAY-001773,CUST-0094,2024-11-22,99,Success
PAY-001774,CUST-0094,2024-12-22,99,Success
PAY-001775,CUST-0094,2025-01-21,99,Success
PAY-001776,CUST-0094,2025-02-20,99,Success
PAY-001777,CUST-0094,2025-03-22,99,Success
PAY-001778,CUST-0094,2025-04-21,99,Success
PAY-001779,CUST-0094,2025-05-21,99,Success
PAY-001780,CUST-0094,2025-06-20,99,Success
PAY-001781,CUST-0094,2025-07-20,99,Success
PAY-001782,CUST-0094,2025-08-19,99,Success
PAY-001783,CUST-0094,2025-09-18,99,Success
PAY-001784,CUST-0094,2025-10-18,99,Success
PAY-001785,CUST-0094,2025-11-17,99,Success
PAY-001786,CUST-0094,2025-12-17,99,Success
PAY-001787,CUST-0094,2026-01-16,99,Success
PAY-001788,CUST-0094,2026-02-15,99,Success
PAY-001789,CUST-0094,2026-03-17,99,Success
PAY-001790,CUST-0094,2026-04-16,99,Success
PAY-001791,CUST-0094,2026-05-16,99,Success
PAY-001792,CUST-0094,2026-06-15,99,Success
PAY-001793,CUST-0095,2024-10-23,299,Success
PAY-001794,CUST-0095,2024-11-22,299,Success
PAY-001795,CUST-0096,2024-08-02,29,Success
PAY-001796,CUST-0096,2024-09-01,29,Success
PAY-001797,CUST-0096,2024-10-01,29,Success
PAY-001798,CUST-0096,2024-10-31,29,Success
PAY-001799,CUST-0096,2024-11-30,29,Success
PAY-001800,CUST-0096,2024-12-30,29,Success
PAY-001801,CUST-0096,2025-01-29,29,Success
PAY-001802,CUST-0096,2025-02-28,29,Success
PAY-001803,CUST-0096,2025-03-30,29,Success
PAY-001804,CUST-0096,2025-04-29,29,Success
PAY-001805,CUST-0096,2025-05-29,29,Success
PAY-001806,CUST-0096,2025-06-28,29,Success
PAY-001807,CUST-0096,2025-07-28,29,Success
PAY-001808,CUST-0096,2025-08-27,29,Success
PAY-001809,CUST-0096,2025-09-26,29,Success
PAY-001810,CUST-0096,2025-10-26,29,Success
PAY-001811,CUST-0096,2025-11-25,29,Success
PAY-001812,CUST-0096,2025-12-25,29,Success
PAY-001813,CUST-0096,2026-01-24,29,Success
PAY-001814,CUST-0096,2026-02-23,29,Success
PAY-001815,CUST-0096,2026-03-25,29,Success
PAY-001816,CUST-0096,2026-04-24,29,Success
PAY-001817,CUST-0096,2026-05-24,29,Success
PAY-001818,CUST-0096,2026-06-23,29,Success
PAY-001819,CUST-0097,2024-04-14,29,Success
PAY-001820,CUST-0097,2024-05-14,29,Success
PAY-001821,CUST-0097,2024-06-13,29,Success
PAY-001822,CUST-0097,2024-07-13,29,Success
PAY-001823,CUST-0097,2024-08-12,29,Success
PAY-001824,CUST-0097,2024-09-11,29,Success
PAY-001825,CUST-0097,2024-10-11,29,Success
PAY-001826,CUST-0097,2024-11-10,29,Success
PAY-001827,CUST-0097,2024-12-10,29,Success
PAY-001828,CUST-0097,2025-01-09,29,Success
PAY-001829,CUST-0097,2025-02-08,29,Success
PAY-001830,CUST-0097,2025-03-10,29,Success
PAY-001831,CUST-0097,2025-04-09,29,Success
PAY-001832,CUST-0097,2025-05-09,29,Success
PAY-001833,CUST-0097,2025-06-08,29,Success
PAY-001834,CUST-0097,2025-07-08,29,Success
PAY-001835,CUST-0097,2025-08-07,29,Success
PAY-001836,CUST-0097,2025-09-06,29,Success
PAY-001837,CUST-0097,2025-10-06,29,Success
PAY-001838,CUST-0097,2025-11-05,29,Success
PAY-001839,CUST-0097,2025-12-05,29,Success
PAY-001840,CUST-0097,2026-01-04,29,Success
PAY-001841,CUST-0097,2026-02-03,29,Success
PAY-001842,CUST-0097,2026-03-05,29,Success
PAY-001843,CUST-0097,2026-04-04,29,Success
PAY-001844,CUST-0097,2026-05-04,29,Success
PAY-001845,CUST-0097,2026-06-03,29,Success
PAY-001846,CUST-0098,2024-05-15,29,Success
PAY-001847,CUST-0098,2024-06-14,29,Success
PAY-001848,CUST-0098,2024-07-14,29,Success
PAY-001849,CUST-0098,2024-08-13,29,Success
PAY-001850,CUST-0098,2024-09-12,29,Success
PAY-001851,CUST-0098,2024-10-12,29,Success
PAY-001852,CUST-0098,2024-11-11,29,Success
PAY-001853,CUST-0098,2024-12-11,29,Success
PAY-001854,CUST-0098,2025-01-10,29,Success
PAY-001855,CUST-0098,2025-02-09,29,Success
PAY-001856,CUST-0098,2025-03-11,29,Success
PAY-001857,CUST-0098,2025-04-10,29,Success
PAY-001858,CUST-0098,2025-05-10,29,Success
PAY-001859,CUST-0098,2025-06-09,29,Success
PAY-001860,CUST-0098,2025-07-09,29,Success
PAY-001861,CUST-0098,2025-08-08,29,Success
PAY-001862,CUST-0098,2025-09-07,29,Success
PAY-001863,CUST-0098,2025-10-07,29,Success
PAY-001864,CUST-0098,2025-11-06,29,Success
PAY-001865,CUST-0098,2025-12-06,29,Success
PAY-001866,CUST-0098,2026-01-05,29,Success
PAY-001867,CUST-0098,2026-02-04,29,Failed
PAY-001868,CUST-0098,2026-03-06,29,Success
PAY-001869,CUST-0098,2026-04-05,29,Success
PAY-001870,CUST-0098,2026-05-05,29,Success
PAY-001871,CUST-0098,2026-06-04,29,Success
PAY-001872,CUST-0099,2024-12-09,99,Success
PAY-001873,CUST-0099,2025-01-08,99,Success
PAY-001874,CUST-0099,2025-02-07,99,Success
PAY-001875,CUST-0099,2025-03-09,99,Success
PAY-001876,CUST-0099,2025-04-08,99,Success
PAY-001877,CUST-0099,2025-05-08,99,Success
PAY-001878,CUST-0099,2025-06-07,99,Success
PAY-001879,CUST-0099,2025-07-07,99,Success
PAY-001880,CUST-0099,2025-08-06,99,Success
PAY-001881,CUST-0099,2025-09-05,99,Success
PAY-001882,CUST-0099,2025-10-05,99,Success
PAY-001883,CUST-0099,2025-11-04,99,Success
PAY-001884,CUST-0099,2025-12-04,99,Success
PAY-001885,CUST-0099,2026-01-03,99,Success
PAY-001886,CUST-0099,2026-02-02,99,Success
PAY-001887,CUST-0099,2026-03-04,99,Success
PAY-001888,CUST-0099,2026-04-03,99,Success
PAY-001889,CUST-0099,2026-05-03,99,Success
PAY-001890,CUST-0099,2026-06-02,99,Success
PAY-001891,CUST-0100,2024-06-10,99,Success
PAY-001892,CUST-0100,2024-07-10,99,Success
PAY-001893,CUST-0100,2024-08-09,99,Success
PAY-001894,CUST-0100,2024-09-08,99,Success
PAY-001895,CUST-0100,2024-10-08,99,Success
PAY-001896,CUST-0100,2024-11-07,99,Success
PAY-001897,CUST-0100,2024-12-07,99,Success
PAY-001898,CUST-0100,2025-01-06,99,Success
PAY-001899,CUST-0100,2025-02-05,99,Success
PAY-001900,CUST-0100,2025-03-07,99,Success
PAY-001901,CUST-0100,2025-04-06,99,Success
PAY-001902,CUST-0100,2025-05-06,99,Success
PAY-001903,CUST-0100,2025-06-05,99,Success
PAY-001904,CUST-0100,2025-07-05,99,Failed
PAY-001905,CUST-0100,2025-08-04,99,Success
PAY-001906,CUST-0100,2025-09-03,99,Success
PAY-001907,CUST-0100,2025-10-03,99,Success
PAY-001908,CUST-0100,2025-11-02,99,Success
PAY-001909,CUST-0100,2025-12-02,99,Success
PAY-001910,CUST-0100,2026-01-01,99,Success
PAY-001911,CUST-0100,2026-01-31,99,Success
PAY-001912,CUST-0100,2026-03-02,99,Success
PAY-001913,CUST-0100,2026-04-01,99,Success
PAY-001914,CUST-0100,2026-05-01,99,Success
PAY-001915,CUST-0100,2026-05-31,99,Success
PAY-001916,CUST-0100,2026-06-30,99,Success
PAY-001917,CUST-0101,2024-08-22,99,Success
PAY-001918,CUST-0101,2024-09-21,99,Success
PAY-001919,CUST-0101,2024-10-21,99,Success
PAY-001920,CUST-0101,2024-11-20,99,Success
PAY-001921,CUST-0101,2024-12-20,99,Success
PAY-001922,CUST-0101,2025-01-19,99,Success
PAY-001923,CUST-0101,2025-02-18,99,Success
PAY-001924,CUST-0101,2025-03-20,99,Success
PAY-001925,CUST-0101,2025-04-19,99,Success
PAY-001926,CUST-0101,2025-05-19,99,Success
PAY-001927,CUST-0101,2025-06-18,99,Success
PAY-001928,CUST-0101,2025-07-18,99,Success
PAY-001929,CUST-0101,2025-08-17,99,Success
PAY-001930,CUST-0101,2025-09-16,99,Success
PAY-001931,CUST-0101,2025-10-16,99,Success
PAY-001932,CUST-0101,2025-11-15,99,Success
PAY-001933,CUST-0101,2025-12-15,99,Success
PAY-001934,CUST-0101,2026-01-14,99,Success
PAY-001935,CUST-0101,2026-02-13,99,Success
PAY-001936,CUST-0101,2026-03-15,99,Success
PAY-001937,CUST-0101,2026-04-14,99,Success
PAY-001938,CUST-0101,2026-05-14,99,Success
PAY-001939,CUST-0101,2026-06-13,99,Success
PAY-001940,CUST-0102,2024-10-02,299,Success
PAY-001941,CUST-0102,2024-11-01,299,Success
PAY-001942,CUST-0102,2024-12-01,299,Success
PAY-001943,CUST-0102,2024-12-31,299,Success
PAY-001944,CUST-0102,2025-01-30,299,Success
PAY-001945,CUST-0102,2025-03-01,299,Success
PAY-001946,CUST-0102,2025-03-31,299,Success
PAY-001947,CUST-0102,2025-04-30,299,Success
PAY-001948,CUST-0102,2025-05-30,299,Success
PAY-001949,CUST-0102,2025-06-29,299,Success
PAY-001950,CUST-0102,2025-07-29,299,Success
PAY-001951,CUST-0102,2025-08-28,299,Success
PAY-001952,CUST-0103,2024-03-08,299,Success
PAY-001953,CUST-0103,2024-04-07,299,Success
PAY-001954,CUST-0103,2024-05-07,299,Success
PAY-001955,CUST-0103,2024-06-06,299,Success
PAY-001956,CUST-0103,2024-07-06,299,Success
PAY-001957,CUST-0103,2024-08-05,299,Success
PAY-001958,CUST-0103,2024-09-04,299,Success
PAY-001959,CUST-0103,2024-10-04,299,Success
PAY-001960,CUST-0103,2024-11-03,299,Success
PAY-001961,CUST-0103,2024-12-03,299,Failed
PAY-001962,CUST-0103,2025-01-02,299,Success
PAY-001963,CUST-0103,2025-02-01,299,Success
PAY-001964,CUST-0104,2025-03-26,29,Success
PAY-001965,CUST-0104,2025-04-25,29,Success
PAY-001966,CUST-0104,2025-05-25,29,Success
PAY-001967,CUST-0104,2025-06-24,29,Success
PAY-001968,CUST-0104,2025-07-24,29,Success
PAY-001969,CUST-0105,2024-05-25,99,Success
PAY-001970,CUST-0105,2024-06-24,99,Success
PAY-001971,CUST-0105,2024-07-24,99,Success
PAY-001972,CUST-0105,2024-08-23,99,Success
PAY-001973,CUST-0105,2024-09-22,99,Success
PAY-001974,CUST-0105,2024-10-22,99,Success
PAY-001975,CUST-0105,2024-11-21,99,Success
PAY-001976,CUST-0105,2024-12-21,99,Success
PAY-001977,CUST-0105,2025-01-20,99,Success
PAY-001978,CUST-0105,2025-02-19,99,Success
PAY-001979,CUST-0105,2025-03-21,99,Success
PAY-001980,CUST-0105,2025-04-20,99,Success
PAY-001981,CUST-0105,2025-05-20,99,Success
PAY-001982,CUST-0105,2025-06-19,99,Success
PAY-001983,CUST-0105,2025-07-19,99,Success
PAY-001984,CUST-0105,2025-08-18,99,Success
PAY-001985,CUST-0105,2025-09-17,99,Success
PAY-001986,CUST-0105,2025-10-17,99,Success
PAY-001987,CUST-0105,2025-11-16,99,Success
PAY-001988,CUST-0105,2025-12-16,99,Success
PAY-001989,CUST-0105,2026-01-15,99,Success
PAY-001990,CUST-0105,2026-02-14,99,Success
PAY-001991,CUST-0105,2026-03-16,99,Success
PAY-001992,CUST-0105,2026-04-15,99,Success
PAY-001993,CUST-0105,2026-05-15,99,Success
PAY-001994,CUST-0105,2026-06-14,99,Success
PAY-001995,CUST-0106,2025-03-02,99,Success
PAY-001996,CUST-0106,2025-04-01,99,Success
PAY-001997,CUST-0106,2025-05-01,99,Success
PAY-001998,CUST-0106,2025-05-31,99,Failed
PAY-001999,CUST-0106,2025-06-30,99,Success
PAY-002000,CUST-0107,2024-12-07,99,Success
PAY-002001,CUST-0107,2025-01-06,99,Success
PAY-002002,CUST-0107,2025-02-05,99,Success
PAY-002003,CUST-0107,2025-03-07,99,Success
PAY-002004,CUST-0107,2025-04-06,99,Success
PAY-002005,CUST-0107,2025-05-06,99,Success
PAY-002006,CUST-0107,2025-06-05,99,Success
PAY-002007,CUST-0107,2025-07-05,99,Success
PAY-002008,CUST-0107,2025-08-04,99,Success
PAY-002009,CUST-0107,2025-09-03,99,Success
PAY-002010,CUST-0107,2025-10-03,99,Success
PAY-002011,CUST-0107,2025-11-02,99,Success
PAY-002012,CUST-0107,2025-12-02,99,Success
PAY-002013,CUST-0107,2026-01-01,99,Failed
PAY-002014,CUST-0107,2026-01-31,99,Success
PAY-002015,CUST-0107,2026-03-02,99,Success
PAY-002016,CUST-0107,2026-04-01,99,Success
PAY-002017,CUST-0107,2026-05-01,99,Success
PAY-002018,CUST-0107,2026-05-31,99,Success
PAY-002019,CUST-0107,2026-06-30,99,Success
PAY-002020,CUST-0108,2025-04-25,29,Success
PAY-002021,CUST-0108,2025-05-25,29,Success
PAY-002022,CUST-0108,2025-06-24,29,Success
PAY-002023,CUST-0108,2025-07-24,29,Success
PAY-002024,CUST-0108,2025-08-23,29,Success
PAY-002025,CUST-0108,2025-09-22,29,Success
PAY-002026,CUST-0108,2025-10-22,29,Success
PAY-002027,CUST-0108,2025-11-21,29,Success
PAY-002028,CUST-0108,2025-12-21,29,Success
PAY-002029,CUST-0108,2026-01-20,29,Success
PAY-002030,CUST-0108,2026-02-19,29,Success
PAY-002031,CUST-0108,2026-03-21,29,Success
PAY-002032,CUST-0108,2026-04-20,29,Success
PAY-002033,CUST-0108,2026-05-20,29,Success
PAY-002034,CUST-0108,2026-06-19,29,Success
PAY-002035,CUST-0109,2024-02-29,99,Success
PAY-002036,CUST-0109,2024-03-30,99,Success
PAY-002037,CUST-0109,2024-04-29,99,Success
PAY-002038,CUST-0109,2024-05-29,99,Success
PAY-002039,CUST-0109,2024-06-28,99,Success
PAY-002040,CUST-0109,2024-07-28,99,Success
PAY-002041,CUST-0109,2024-08-27,99,Success
PAY-002042,CUST-0109,2024-09-26,99,Success
PAY-002043,CUST-0109,2024-10-26,99,Success
PAY-002044,CUST-0109,2024-11-25,99,Success
PAY-002045,CUST-0109,2024-12-25,99,Success
PAY-002046,CUST-0109,2025-01-24,99,Success
PAY-002047,CUST-0109,2025-02-23,99,Success
PAY-002048,CUST-0109,2025-03-25,99,Success
PAY-002049,CUST-0109,2025-04-24,99,Success
PAY-002050,CUST-0109,2025-05-24,99,Success
PAY-002051,CUST-0109,2025-06-23,99,Success
PAY-002052,CUST-0109,2025-07-23,99,Success
PAY-002053,CUST-0109,2025-08-22,99,Success
PAY-002054,CUST-0109,2025-09-21,99,Success
PAY-002055,CUST-0109,2025-10-21,99,Success
PAY-002056,CUST-0109,2025-11-20,99,Success
PAY-002057,CUST-0109,2025-12-20,99,Success
PAY-002058,CUST-0109,2026-01-19,99,Success
PAY-002059,CUST-0109,2026-02-18,99,Success
PAY-002060,CUST-0109,2026-03-20,99,Success
PAY-002061,CUST-0109,2026-04-19,99,Success
PAY-002062,CUST-0109,2026-05-19,99,Success
PAY-002063,CUST-0109,2026-06-18,99,Success
PAY-002064,CUST-0110,2024-05-19,29,Failed
PAY-002065,CUST-0110,2024-06-18,29,Success
PAY-002066,CUST-0110,2024-07-18,29,Success
PAY-002067,CUST-0110,2024-08-17,29,Success
PAY-002068,CUST-0110,2024-09-16,29,Success
PAY-002069,CUST-0110,2024-10-16,29,Success
PAY-002070,CUST-0110,2024-11-15,29,Success
PAY-002071,CUST-0110,2024-12-15,29,Success
PAY-002072,CUST-0110,2025-01-14,29,Success
PAY-002073,CUST-0110,2025-02-13,29,Success
PAY-002074,CUST-0110,2025-03-15,29,Success
PAY-002075,CUST-0110,2025-04-14,29,Success
PAY-002076,CUST-0111,2025-01-02,29,Success
PAY-002077,CUST-0111,2025-02-01,29,Success
PAY-002078,CUST-0111,2025-03-03,29,Success
PAY-002079,CUST-0111,2025-04-02,29,Success
PAY-002080,CUST-0111,2025-05-02,29,Success
PAY-002081,CUST-0111,2025-06-01,29,Success
PAY-002082,CUST-0111,2025-07-01,29,Success
PAY-002083,CUST-0111,2025-07-31,29,Success
PAY-002084,CUST-0111,2025-08-30,29,Success
PAY-002085,CUST-0111,2025-09-29,29,Success
PAY-002086,CUST-0111,2025-10-29,29,Success
PAY-002087,CUST-0111,2025-11-28,29,Success
PAY-002088,CUST-0111,2025-12-28,29,Success
PAY-002089,CUST-0111,2026-01-27,29,Success
PAY-002090,CUST-0111,2026-02-26,29,Success
PAY-002091,CUST-0111,2026-03-28,29,Success
PAY-002092,CUST-0111,2026-04-27,29,Success
PAY-002093,CUST-0111,2026-05-27,29,Success
PAY-002094,CUST-0111,2026-06-26,29,Success
PAY-002095,CUST-0112,2024-12-17,299,Success
PAY-002096,CUST-0112,2025-01-16,299,Success
PAY-002097,CUST-0112,2025-02-15,299,Success
PAY-002098,CUST-0112,2025-03-17,299,Success
PAY-002099,CUST-0112,2025-04-16,299,Success
PAY-002100,CUST-0112,2025-05-16,299,Success
PAY-002101,CUST-0112,2025-06-15,299,Success
PAY-002102,CUST-0112,2025-07-15,299,Success
PAY-002103,CUST-0112,2025-08-14,299,Success
PAY-002104,CUST-0112,2025-09-13,299,Success
PAY-002105,CUST-0112,2025-10-13,299,Success
PAY-002106,CUST-0112,2025-11-12,299,Success
PAY-002107,CUST-0112,2025-12-12,299,Success
PAY-002108,CUST-0112,2026-01-11,299,Success
PAY-002109,CUST-0112,2026-02-10,299,Success
PAY-002110,CUST-0112,2026-03-12,299,Success
PAY-002111,CUST-0112,2026-04-11,299,Success
PAY-002112,CUST-0112,2026-05-11,299,Success
PAY-002113,CUST-0112,2026-06-10,299,Success
PAY-002114,CUST-0113,2024-05-08,29,Success
PAY-002115,CUST-0113,2024-06-07,29,Success
PAY-002116,CUST-0113,2024-07-07,29,Success
PAY-002117,CUST-0113,2024-08-06,29,Success
PAY-002118,CUST-0113,2024-09-05,29,Success
PAY-002119,CUST-0113,2024-10-05,29,Success
PAY-002120,CUST-0114,2024-11-20,99,Success
PAY-002121,CUST-0114,2024-12-20,99,Success
PAY-002122,CUST-0114,2025-01-19,99,Success
PAY-002123,CUST-0114,2025-02-18,99,Success
PAY-002124,CUST-0114,2025-03-20,99,Success
PAY-002125,CUST-0114,2025-04-19,99,Success
PAY-002126,CUST-0114,2025-05-19,99,Success
PAY-002127,CUST-0114,2025-06-18,99,Success
PAY-002128,CUST-0114,2025-07-18,99,Success
PAY-002129,CUST-0114,2025-08-17,99,Success
PAY-002130,CUST-0114,2025-09-16,99,Success
PAY-002131,CUST-0115,2024-01-23,99,Success
PAY-002132,CUST-0115,2024-02-22,99,Success
PAY-002133,CUST-0115,2024-03-23,99,Success
PAY-002134,CUST-0115,2024-04-22,99,Success
PAY-002135,CUST-0115,2024-05-22,99,Success
PAY-002136,CUST-0115,2024-06-21,99,Success
PAY-002137,CUST-0115,2024-07-21,99,Success
PAY-002138,CUST-0115,2024-08-20,99,Success
PAY-002139,CUST-0115,2024-09-19,99,Success
PAY-002140,CUST-0115,2024-10-19,99,Success
PAY-002141,CUST-0115,2024-11-18,99,Success
PAY-002142,CUST-0115,2024-12-18,99,Success
PAY-002143,CUST-0115,2025-01-17,99,Success
PAY-002144,CUST-0115,2025-02-16,99,Success
PAY-002145,CUST-0115,2025-03-18,99,Success
PAY-002146,CUST-0115,2025-04-17,99,Success
PAY-002147,CUST-0115,2025-05-17,99,Success
PAY-002148,CUST-0115,2025-06-16,99,Success
PAY-002149,CUST-0115,2025-07-16,99,Success
PAY-002150,CUST-0115,2025-08-15,99,Success
PAY-002151,CUST-0115,2025-09-14,99,Success
PAY-002152,CUST-0115,2025-10-14,99,Success
PAY-002153,CUST-0115,2025-11-13,99,Success
PAY-002154,CUST-0115,2025-12-13,99,Success
PAY-002155,CUST-0115,2026-01-12,99,Success
PAY-002156,CUST-0115,2026-02-11,99,Success
PAY-002157,CUST-0115,2026-03-13,99,Success
PAY-002158,CUST-0115,2026-04-12,99,Success
PAY-002159,CUST-0115,2026-05-12,99,Success
PAY-002160,CUST-0115,2026-06-11,99,Success
PAY-002161,CUST-0116,2025-01-29,29,Success
PAY-002162,CUST-0116,2025-02-28,29,Success
PAY-002163,CUST-0116,2025-03-30,29,Failed
PAY-002164,CUST-0116,2025-04-29,29,Success
PAY-002165,CUST-0116,2025-05-29,29,Success
PAY-002166,CUST-0116,2025-06-28,29,Success
PAY-002167,CUST-0116,2025-07-28,29,Success
PAY-002168,CUST-0116,2025-08-27,29,Success
PAY-002169,CUST-0116,2025-09-26,29,Success
PAY-002170,CUST-0116,2025-10-26,29,Success
PAY-002171,CUST-0116,2025-11-25,29,Success
PAY-002172,CUST-0116,2025-12-25,29,Success
PAY-002173,CUST-0116,2026-01-24,29,Success
PAY-002174,CUST-0116,2026-02-23,29,Success
PAY-002175,CUST-0116,2026-03-25,29,Success
PAY-002176,CUST-0116,2026-04-24,29,Success
PAY-002177,CUST-0116,2026-05-24,29,Success
PAY-002178,CUST-0116,2026-06-23,29,Success
PAY-002179,CUST-0117,2024-03-23,29,Success
PAY-002180,CUST-0117,2024-04-22,29,Success
PAY-002181,CUST-0117,2024-05-22,29,Success
PAY-002182,CUST-0117,2024-06-21,29,Success
PAY-002183,CUST-0117,2024-07-21,29,Success
PAY-002184,CUST-0117,2024-08-20,29,Success
PAY-002185,CUST-0117,2024-09-19,29,Success
PAY-002186,CUST-0117,2024-10-19,29,Success
PAY-002187,CUST-0117,2024-11-18,29,Success
PAY-002188,CUST-0117,2024-12-18,29,Success
PAY-002189,CUST-0117,2025-01-17,29,Success
PAY-002190,CUST-0117,2025-02-16,29,Success
PAY-002191,CUST-0117,2025-03-18,29,Success
PAY-002192,CUST-0117,2025-04-17,29,Success
PAY-002193,CUST-0117,2025-05-17,29,Success
PAY-002194,CUST-0117,2025-06-16,29,Success
PAY-002195,CUST-0117,2025-07-16,29,Success
PAY-002196,CUST-0117,2025-08-15,29,Success
PAY-002197,CUST-0117,2025-09-14,29,Success
PAY-002198,CUST-0117,2025-10-14,29,Success
PAY-002199,CUST-0117,2025-11-13,29,Success
PAY-002200,CUST-0117,2025-12-13,29,Success
PAY-002201,CUST-0117,2026-01-12,29,Success
PAY-002202,CUST-0117,2026-02-11,29,Success
PAY-002203,CUST-0117,2026-03-13,29,Success
PAY-002204,CUST-0117,2026-04-12,29,Success
PAY-002205,CUST-0117,2026-05-12,29,Success
PAY-002206,CUST-0117,2026-06-11,29,Success
PAY-002207,CUST-0118,2024-10-14,99,Success
PAY-002208,CUST-0118,2024-11-13,99,Success
PAY-002209,CUST-0118,2024-12-13,99,Success
PAY-002210,CUST-0118,2025-01-12,99,Success
PAY-002211,CUST-0118,2025-02-11,99,Success
PAY-002212,CUST-0118,2025-03-13,99,Success
PAY-002213,CUST-0118,2025-04-12,99,Success
PAY-002214,CUST-0118,2025-05-12,99,Success
PAY-002215,CUST-0118,2025-06-11,99,Success
PAY-002216,CUST-0118,2025-07-11,99,Success
PAY-002217,CUST-0118,2025-08-10,99,Success
PAY-002218,CUST-0118,2025-09-09,99,Success
PAY-002219,CUST-0118,2025-10-09,99,Success
PAY-002220,CUST-0118,2025-11-08,99,Success
PAY-002221,CUST-0118,2025-12-08,99,Success
PAY-002222,CUST-0118,2026-01-07,99,Success
PAY-002223,CUST-0118,2026-02-06,99,Success
PAY-002224,CUST-0118,2026-03-08,99,Success
PAY-002225,CUST-0118,2026-04-07,99,Success
PAY-002226,CUST-0118,2026-05-07,99,Success
PAY-002227,CUST-0118,2026-06-06,99,Success
PAY-002228,CUST-0119,2024-02-08,99,Success
PAY-002229,CUST-0119,2024-03-09,99,Failed
PAY-002230,CUST-0119,2024-04-08,99,Failed
PAY-002231,CUST-0119,2024-05-08,99,Success
PAY-002232,CUST-0119,2024-06-07,99,Success
PAY-002233,CUST-0119,2024-07-07,99,Success
PAY-002234,CUST-0119,2024-08-06,99,Success
PAY-002235,CUST-0119,2024-09-05,99,Success
PAY-002236,CUST-0119,2024-10-05,99,Success
PAY-002237,CUST-0119,2024-11-04,99,Success
PAY-002238,CUST-0119,2024-12-04,99,Success
PAY-002239,CUST-0119,2025-01-03,99,Success
PAY-002240,CUST-0119,2025-02-02,99,Failed
PAY-002241,CUST-0119,2025-03-04,99,Success
PAY-002242,CUST-0119,2025-04-03,99,Success
PAY-002243,CUST-0119,2025-05-03,99,Success
PAY-002244,CUST-0119,2025-06-02,99,Success
PAY-002245,CUST-0119,2025-07-02,99,Success
PAY-002246,CUST-0119,2025-08-01,99,Success
PAY-002247,CUST-0119,2025-08-31,99,Failed
PAY-002248,CUST-0119,2025-09-30,99,Success
PAY-002249,CUST-0119,2025-10-30,99,Success
PAY-002250,CUST-0119,2025-11-29,99,Success
PAY-002251,CUST-0119,2025-12-29,99,Success
PAY-002252,CUST-0119,2026-01-28,99,Failed
PAY-002253,CUST-0119,2026-02-27,99,Success
PAY-002254,CUST-0119,2026-03-29,99,Success
PAY-002255,CUST-0119,2026-04-28,99,Success
PAY-002256,CUST-0119,2026-05-28,99,Success
PAY-002257,CUST-0119,2026-06-27,99,Success
PAY-002258,CUST-0120,2025-03-03,99,Success
PAY-002259,CUST-0120,2025-04-02,99,Success
PAY-002260,CUST-0120,2025-05-02,99,Success
PAY-002261,CUST-0120,2025-06-01,99,Success
PAY-002262,CUST-0120,2025-07-01,99,Success
PAY-002263,CUST-0120,2025-07-31,99,Success
PAY-002264,CUST-0120,2025-08-30,99,Success
PAY-002265,CUST-0120,2025-09-29,99,Success
PAY-002266,CUST-0120,2025-10-29,99,Success
PAY-002267,CUST-0120,2025-11-28,99,Success
PAY-002268,CUST-0120,2025-12-28,99,Success
PAY-002269,CUST-0120,2026-01-27,99,Success
PAY-002270,CUST-0120,2026-02-26,99,Success
PAY-002271,CUST-0120,2026-03-28,99,Success
PAY-002272,CUST-0120,2026-04-27,99,Success
PAY-002273,CUST-0120,2026-05-27,99,Success
PAY-002274,CUST-0120,2026-06-26,99,Success
PAY-002275,CUST-0121,2024-08-08,29,Success
PAY-002276,CUST-0121,2024-09-07,29,Success
PAY-002277,CUST-0121,2024-10-07,29,Success
PAY-002278,CUST-0121,2024-11-06,29,Success
PAY-002279,CUST-0121,2024-12-06,29,Success
PAY-002280,CUST-0121,2025-01-05,29,Success
PAY-002281,CUST-0121,2025-02-04,29,Success
PAY-002282,CUST-0121,2025-03-06,29,Success
PAY-002283,CUST-0121,2025-04-05,29,Success
PAY-002284,CUST-0121,2025-05-05,29,Success
PAY-002285,CUST-0121,2025-06-04,29,Success
PAY-002286,CUST-0121,2025-07-04,29,Success
PAY-002287,CUST-0121,2025-08-03,29,Success
PAY-002288,CUST-0121,2025-09-02,29,Success
PAY-002289,CUST-0121,2025-10-02,29,Success
PAY-002290,CUST-0121,2025-11-01,29,Success
PAY-002291,CUST-0121,2025-12-01,29,Success
PAY-002292,CUST-0121,2025-12-31,29,Success
PAY-002293,CUST-0121,2026-01-30,29,Success
PAY-002294,CUST-0121,2026-03-01,29,Success
PAY-002295,CUST-0121,2026-03-31,29,Success
PAY-002296,CUST-0121,2026-04-30,29,Success
PAY-002297,CUST-0121,2026-05-30,29,Success
PAY-002298,CUST-0121,2026-06-29,29,Success
PAY-002299,CUST-0122,2024-06-06,29,Success
PAY-002300,CUST-0122,2024-07-06,29,Success
PAY-002301,CUST-0122,2024-08-05,29,Success
PAY-002302,CUST-0122,2024-09-04,29,Success
PAY-002303,CUST-0122,2024-10-04,29,Success
PAY-002304,CUST-0122,2024-11-03,29,Success
PAY-002305,CUST-0122,2024-12-03,29,Success
PAY-002306,CUST-0122,2025-01-02,29,Success
PAY-002307,CUST-0122,2025-02-01,29,Success
PAY-002308,CUST-0123,2025-04-05,299,Success
PAY-002309,CUST-0123,2025-05-05,299,Success
PAY-002310,CUST-0123,2025-06-04,299,Success
PAY-002311,CUST-0123,2025-07-04,299,Success
PAY-002312,CUST-0123,2025-08-03,299,Success
PAY-002313,CUST-0123,2025-09-02,299,Success
PAY-002314,CUST-0123,2025-10-02,299,Success
PAY-002315,CUST-0123,2025-11-01,299,Success
PAY-002316,CUST-0123,2025-12-01,299,Success
PAY-002317,CUST-0123,2025-12-31,299,Success
PAY-002318,CUST-0123,2026-01-30,299,Success
PAY-002319,CUST-0123,2026-03-01,299,Success
PAY-002320,CUST-0123,2026-03-31,299,Success
PAY-002321,CUST-0123,2026-04-30,299,Success
PAY-002322,CUST-0123,2026-05-30,299,Success
PAY-002323,CUST-0123,2026-06-29,299,Failed
PAY-002324,CUST-0124,2024-12-15,99,Success
PAY-002325,CUST-0124,2025-01-14,99,Success
PAY-002326,CUST-0124,2025-02-13,99,Success
PAY-002327,CUST-0124,2025-03-15,99,Success
PAY-002328,CUST-0124,2025-04-14,99,Success
PAY-002329,CUST-0124,2025-05-14,99,Success
PAY-002330,CUST-0124,2025-06-13,99,Success
PAY-002331,CUST-0124,2025-07-13,99,Success
PAY-002332,CUST-0124,2025-08-12,99,Success
PAY-002333,CUST-0124,2025-09-11,99,Success
PAY-002334,CUST-0124,2025-10-11,99,Success
PAY-002335,CUST-0124,2025-11-10,99,Success
PAY-002336,CUST-0124,2025-12-10,99,Success
PAY-002337,CUST-0124,2026-01-09,99,Success
PAY-002338,CUST-0124,2026-02-08,99,Success
PAY-002339,CUST-0124,2026-03-10,99,Success
PAY-002340,CUST-0124,2026-04-09,99,Success
PAY-002341,CUST-0124,2026-05-09,99,Success
PAY-002342,CUST-0124,2026-06-08,99,Success
PAY-002343,CUST-0125,2024-06-30,29,Success
PAY-002344,CUST-0125,2024-07-30,29,Success
PAY-002345,CUST-0125,2024-08-29,29,Failed
PAY-002346,CUST-0125,2024-09-28,29,Success
PAY-002347,CUST-0125,2024-10-28,29,Success
PAY-002348,CUST-0125,2024-11-27,29,Success
PAY-002349,CUST-0125,2024-12-27,29,Success
PAY-002350,CUST-0125,2025-01-26,29,Success
PAY-002351,CUST-0125,2025-02-25,29,Success
PAY-002352,CUST-0125,2025-03-27,29,Success
PAY-002353,CUST-0125,2025-04-26,29,Success
PAY-002354,CUST-0125,2025-05-26,29,Success
PAY-002355,CUST-0125,2025-06-25,29,Success
PAY-002356,CUST-0125,2025-07-25,29,Success
PAY-002357,CUST-0125,2025-08-24,29,Success
PAY-002358,CUST-0125,2025-09-23,29,Success
PAY-002359,CUST-0125,2025-10-23,29,Success
PAY-002360,CUST-0125,2025-11-22,29,Success
PAY-002361,CUST-0125,2025-12-22,29,Success
PAY-002362,CUST-0125,2026-01-21,29,Success
PAY-002363,CUST-0125,2026-02-20,29,Success
PAY-002364,CUST-0125,2026-03-22,29,Success
PAY-002365,CUST-0125,2026-04-21,29,Success
PAY-002366,CUST-0125,2026-05-21,29,Success
PAY-002367,CUST-0125,2026-06-20,29,Success
PAY-002368,CUST-0126,2025-04-18,29,Success
PAY-002369,CUST-0126,2025-05-18,29,Success
PAY-002370,CUST-0126,2025-06-17,29,Success
PAY-002371,CUST-0126,2025-07-17,29,Success
PAY-002372,CUST-0126,2025-08-16,29,Success
PAY-002373,CUST-0126,2025-09-15,29,Success
PAY-002374,CUST-0126,2025-10-15,29,Success
PAY-002375,CUST-0126,2025-11-14,29,Success
PAY-002376,CUST-0126,2025-12-14,29,Success
PAY-002377,CUST-0126,2026-01-13,29,Success
PAY-002378,CUST-0126,2026-02-12,29,Success
PAY-002379,CUST-0126,2026-03-14,29,Success
PAY-002380,CUST-0126,2026-04-13,29,Success
PAY-002381,CUST-0126,2026-05-13,29,Success
PAY-002382,CUST-0126,2026-06-12,29,Success
PAY-002383,CUST-0127,2025-05-14,29,Success
PAY-002384,CUST-0127,2025-06-13,29,Success
PAY-002385,CUST-0127,2025-07-13,29,Success
PAY-002386,CUST-0127,2025-08-12,29,Success
PAY-002387,CUST-0127,2025-09-11,29,Success
PAY-002388,CUST-0127,2025-10-11,29,Success
PAY-002389,CUST-0127,2025-11-10,29,Success
PAY-002390,CUST-0127,2025-12-10,29,Success
PAY-002391,CUST-0127,2026-01-09,29,Success
PAY-002392,CUST-0127,2026-02-08,29,Success
PAY-002393,CUST-0127,2026-03-10,29,Success
PAY-002394,CUST-0127,2026-04-09,29,Success
PAY-002395,CUST-0127,2026-05-09,29,Success
PAY-002396,CUST-0127,2026-06-08,29,Success
PAY-002397,CUST-0128,2024-01-13,29,Success
PAY-002398,CUST-0128,2024-02-12,29,Success
PAY-002399,CUST-0128,2024-03-13,29,Success
PAY-002400,CUST-0128,2024-04-12,29,Success
PAY-002401,CUST-0128,2024-05-12,29,Success
PAY-002402,CUST-0128,2024-06-11,29,Success
PAY-002403,CUST-0128,2024-07-11,29,Success
PAY-002404,CUST-0128,2024-08-10,29,Success
PAY-002405,CUST-0128,2024-09-09,29,Success
PAY-002406,CUST-0129,2025-02-04,99,Success
PAY-002407,CUST-0129,2025-03-06,99,Success
PAY-002408,CUST-0129,2025-04-05,99,Success
PAY-002409,CUST-0129,2025-05-05,99,Success
PAY-002410,CUST-0129,2025-06-04,99,Success
PAY-002411,CUST-0129,2025-07-04,99,Success
PAY-002412,CUST-0129,2025-08-03,99,Success
PAY-002413,CUST-0129,2025-09-02,99,Success
PAY-002414,CUST-0129,2025-10-02,99,Success
PAY-002415,CUST-0129,2025-11-01,99,Success
PAY-002416,CUST-0129,2025-12-01,99,Success
PAY-002417,CUST-0129,2025-12-31,99,Success
PAY-002418,CUST-0129,2026-01-30,99,Success
PAY-002419,CUST-0130,2024-05-16,29,Success
PAY-002420,CUST-0130,2024-06-15,29,Success
PAY-002421,CUST-0130,2024-07-15,29,Success
PAY-002422,CUST-0130,2024-08-14,29,Success
PAY-002423,CUST-0130,2024-09-13,29,Success
PAY-002424,CUST-0130,2024-10-13,29,Failed
PAY-002425,CUST-0130,2024-11-12,29,Success
PAY-002426,CUST-0130,2024-12-12,29,Success
PAY-002427,CUST-0130,2025-01-11,29,Success
PAY-002428,CUST-0130,2025-02-10,29,Success
PAY-002429,CUST-0130,2025-03-12,29,Success
PAY-002430,CUST-0130,2025-04-11,29,Success
PAY-002431,CUST-0130,2025-05-11,29,Success
PAY-002432,CUST-0130,2025-06-10,29,Success
PAY-002433,CUST-0130,2025-07-10,29,Success
PAY-002434,CUST-0130,2025-08-09,29,Success
PAY-002435,CUST-0130,2025-09-08,29,Success
PAY-002436,CUST-0130,2025-10-08,29,Success
PAY-002437,CUST-0130,2025-11-07,29,Success
PAY-002438,CUST-0130,2025-12-07,29,Success
PAY-002439,CUST-0130,2026-01-06,29,Success
PAY-002440,CUST-0130,2026-02-05,29,Success
PAY-002441,CUST-0130,2026-03-07,29,Failed
PAY-002442,CUST-0130,2026-04-06,29,Success
PAY-002443,CUST-0130,2026-05-06,29,Success
PAY-002444,CUST-0130,2026-06-05,29,Success
PAY-002445,CUST-0131,2024-07-14,29,Success
PAY-002446,CUST-0131,2024-08-13,29,Success
PAY-002447,CUST-0131,2024-09-12,29,Success
PAY-002448,CUST-0131,2024-10-12,29,Success
PAY-002449,CUST-0131,2024-11-11,29,Success
PAY-002450,CUST-0131,2024-12-11,29,Success
PAY-002451,CUST-0131,2025-01-10,29,Success
PAY-002452,CUST-0131,2025-02-09,29,Success
PAY-002453,CUST-0131,2025-03-11,29,Success
PAY-002454,CUST-0131,2025-04-10,29,Success
PAY-002455,CUST-0131,2025-05-10,29,Success
PAY-002456,CUST-0131,2025-06-09,29,Success
PAY-002457,CUST-0131,2025-07-09,29,Success
PAY-002458,CUST-0131,2025-08-08,29,Success
PAY-002459,CUST-0131,2025-09-07,29,Success
PAY-002460,CUST-0131,2025-10-07,29,Success
PAY-002461,CUST-0131,2025-11-06,29,Success
PAY-002462,CUST-0131,2025-12-06,29,Success
PAY-002463,CUST-0131,2026-01-05,29,Success
PAY-002464,CUST-0131,2026-02-04,29,Success
PAY-002465,CUST-0131,2026-03-06,29,Success
PAY-002466,CUST-0131,2026-04-05,29,Success
PAY-002467,CUST-0131,2026-05-05,29,Success
PAY-002468,CUST-0131,2026-06-04,29,Success
PAY-002469,CUST-0132,2024-04-23,29,Success
PAY-002470,CUST-0132,2024-05-23,29,Success
PAY-002471,CUST-0132,2024-06-22,29,Success
PAY-002472,CUST-0132,2024-07-22,29,Success
PAY-002473,CUST-0132,2024-08-21,29,Success
PAY-002474,CUST-0132,2024-09-20,29,Success
PAY-002475,CUST-0132,2024-10-20,29,Success
PAY-002476,CUST-0132,2024-11-19,29,Success
PAY-002477,CUST-0132,2024-12-19,29,Success
PAY-002478,CUST-0132,2025-01-18,29,Success
PAY-002479,CUST-0132,2025-02-17,29,Success
PAY-002480,CUST-0132,2025-03-19,29,Success
PAY-002481,CUST-0132,2025-04-18,29,Success
PAY-002482,CUST-0133,2024-06-28,99,Success
PAY-002483,CUST-0133,2024-07-28,99,Success
PAY-002484,CUST-0133,2024-08-27,99,Failed
PAY-002485,CUST-0133,2024-09-26,99,Success
PAY-002486,CUST-0133,2024-10-26,99,Success
PAY-002487,CUST-0133,2024-11-25,99,Success
PAY-002488,CUST-0133,2024-12-25,99,Success
PAY-002489,CUST-0133,2025-01-24,99,Success
PAY-002490,CUST-0133,2025-02-23,99,Success
PAY-002491,CUST-0133,2025-03-25,99,Success
PAY-002492,CUST-0133,2025-04-24,99,Success
PAY-002493,CUST-0133,2025-05-24,99,Success
PAY-002494,CUST-0133,2025-06-23,99,Success
PAY-002495,CUST-0133,2025-07-23,99,Success
PAY-002496,CUST-0133,2025-08-22,99,Success
PAY-002497,CUST-0133,2025-09-21,99,Success
PAY-002498,CUST-0133,2025-10-21,99,Success
PAY-002499,CUST-0133,2025-11-20,99,Success
PAY-002500,CUST-0133,2025-12-20,99,Success
PAY-002501,CUST-0133,2026-01-19,99,Success
PAY-002502,CUST-0133,2026-02-18,99,Success
PAY-002503,CUST-0133,2026-03-20,99,Success
PAY-002504,CUST-0133,2026-04-19,99,Success
PAY-002505,CUST-0133,2026-05-19,99,Success
PAY-002506,CUST-0133,2026-06-18,99,Success
PAY-002507,CUST-0134,2024-04-24,99,Success
PAY-002508,CUST-0134,2024-05-24,99,Success
PAY-002509,CUST-0134,2024-06-23,99,Success
PAY-002510,CUST-0134,2024-07-23,99,Success
PAY-002511,CUST-0134,2024-08-22,99,Success
PAY-002512,CUST-0134,2024-09-21,99,Success
PAY-002513,CUST-0134,2024-10-21,99,Success
PAY-002514,CUST-0134,2024-11-20,99,Failed
PAY-002515,CUST-0134,2024-12-20,99,Success
PAY-002516,CUST-0134,2025-01-19,99,Success
PAY-002517,CUST-0134,2025-02-18,99,Success
PAY-002518,CUST-0134,2025-03-20,99,Success
PAY-002519,CUST-0134,2025-04-19,99,Success
PAY-002520,CUST-0134,2025-05-19,99,Success
PAY-002521,CUST-0134,2025-06-18,99,Success
PAY-002522,CUST-0134,2025-07-18,99,Success
PAY-002523,CUST-0134,2025-08-17,99,Success
PAY-002524,CUST-0134,2025-09-16,99,Success
PAY-002525,CUST-0134,2025-10-16,99,Success
PAY-002526,CUST-0134,2025-11-15,99,Success
PAY-002527,CUST-0134,2025-12-15,99,Success
PAY-002528,CUST-0134,2026-01-14,99,Success
PAY-002529,CUST-0134,2026-02-13,99,Success
PAY-002530,CUST-0134,2026-03-15,99,Success
PAY-002531,CUST-0134,2026-04-14,99,Success
PAY-002532,CUST-0134,2026-05-14,99,Success
PAY-002533,CUST-0134,2026-06-13,99,Success
PAY-002534,CUST-0135,2024-07-23,29,Success
PAY-002535,CUST-0135,2024-08-22,29,Success
PAY-002536,CUST-0135,2024-09-21,29,Success
PAY-002537,CUST-0135,2024-10-21,29,Success
PAY-002538,CUST-0135,2024-11-20,29,Success
PAY-002539,CUST-0135,2024-12-20,29,Success
PAY-002540,CUST-0135,2025-01-19,29,Success
PAY-002541,CUST-0135,2025-02-18,29,Success
PAY-002542,CUST-0135,2025-03-20,29,Success
PAY-002543,CUST-0135,2025-04-19,29,Success
PAY-002544,CUST-0135,2025-05-19,29,Success
PAY-002545,CUST-0135,2025-06-18,29,Success
PAY-002546,CUST-0135,2025-07-18,29,Success
PAY-002547,CUST-0135,2025-08-17,29,Success
PAY-002548,CUST-0135,2025-09-16,29,Success
PAY-002549,CUST-0135,2025-10-16,29,Success
PAY-002550,CUST-0135,2025-11-15,29,Success
PAY-002551,CUST-0135,2025-12-15,29,Success
PAY-002552,CUST-0135,2026-01-14,29,Success
PAY-002553,CUST-0135,2026-02-13,29,Success
PAY-002554,CUST-0135,2026-03-15,29,Success
PAY-002555,CUST-0135,2026-04-14,29,Success
PAY-002556,CUST-0135,2026-05-14,29,Success
PAY-002557,CUST-0135,2026-06-13,29,Success
PAY-002558,CUST-0136,2025-03-18,99,Success
PAY-002559,CUST-0136,2025-04-17,99,Success
PAY-002560,CUST-0136,2025-05-17,99,Success
PAY-002561,CUST-0136,2025-06-16,99,Success
PAY-002562,CUST-0136,2025-07-16,99,Success
PAY-002563,CUST-0136,2025-08-15,99,Success
PAY-002564,CUST-0136,2025-09-14,99,Success
PAY-002565,CUST-0136,2025-10-14,99,Success
PAY-002566,CUST-0136,2025-11-13,99,Success
PAY-002567,CUST-0136,2025-12-13,99,Success
PAY-002568,CUST-0136,2026-01-12,99,Success
PAY-002569,CUST-0136,2026-02-11,99,Success
PAY-002570,CUST-0136,2026-03-13,99,Success
PAY-002571,CUST-0136,2026-04-12,99,Success
PAY-002572,CUST-0136,2026-05-12,99,Success
PAY-002573,CUST-0136,2026-06-11,99,Success
PAY-002574,CUST-0137,2024-06-28,99,Success
PAY-002575,CUST-0137,2024-07-28,99,Success
PAY-002576,CUST-0137,2024-08-27,99,Success
PAY-002577,CUST-0137,2024-09-26,99,Success
PAY-002578,CUST-0137,2024-10-26,99,Success
PAY-002579,CUST-0137,2024-11-25,99,Success
PAY-002580,CUST-0137,2024-12-25,99,Success
PAY-002581,CUST-0137,2025-01-24,99,Success
PAY-002582,CUST-0137,2025-02-23,99,Success
PAY-002583,CUST-0137,2025-03-25,99,Success
PAY-002584,CUST-0137,2025-04-24,99,Success
PAY-002585,CUST-0137,2025-05-24,99,Success
PAY-002586,CUST-0137,2025-06-23,99,Success
PAY-002587,CUST-0137,2025-07-23,99,Success
PAY-002588,CUST-0137,2025-08-22,99,Success
PAY-002589,CUST-0137,2025-09-21,99,Success
PAY-002590,CUST-0137,2025-10-21,99,Success
PAY-002591,CUST-0137,2025-11-20,99,Success
PAY-002592,CUST-0137,2025-12-20,99,Success
PAY-002593,CUST-0137,2026-01-19,99,Success
PAY-002594,CUST-0137,2026-02-18,99,Success
PAY-002595,CUST-0137,2026-03-20,99,Success
PAY-002596,CUST-0137,2026-04-19,99,Success
PAY-002597,CUST-0137,2026-05-19,99,Success
PAY-002598,CUST-0137,2026-06-18,99,Success
PAY-002599,CUST-0138,2025-04-25,99,Success
PAY-002600,CUST-0138,2025-05-25,99,Success
PAY-002601,CUST-0138,2025-06-24,99,Failed
PAY-002602,CUST-0138,2025-07-24,99,Failed
PAY-002603,CUST-0138,2025-08-23,99,Success
PAY-002604,CUST-0138,2025-09-22,99,Success
PAY-002605,CUST-0138,2025-10-22,99,Success
PAY-002606,CUST-0138,2025-11-21,99,Success
PAY-002607,CUST-0138,2025-12-21,99,Success
PAY-002608,CUST-0138,2026-01-20,99,Success
PAY-002609,CUST-0138,2026-02-19,99,Success
PAY-002610,CUST-0138,2026-03-21,99,Success
PAY-002611,CUST-0138,2026-04-20,99,Success
PAY-002612,CUST-0138,2026-05-20,99,Success
PAY-002613,CUST-0138,2026-06-19,99,Success
PAY-002614,CUST-0139,2025-03-25,299,Success
PAY-002615,CUST-0139,2025-04-24,299,Success
PAY-002616,CUST-0139,2025-05-24,299,Success
PAY-002617,CUST-0139,2025-06-23,299,Success
PAY-002618,CUST-0139,2025-07-23,299,Success
PAY-002619,CUST-0139,2025-08-22,299,Success
PAY-002620,CUST-0139,2025-09-21,299,Success
PAY-002621,CUST-0139,2025-10-21,299,Success
PAY-002622,CUST-0139,2025-11-20,299,Success
PAY-002623,CUST-0139,2025-12-20,299,Success
PAY-002624,CUST-0139,2026-01-19,299,Success
PAY-002625,CUST-0140,2024-10-24,29,Success
PAY-002626,CUST-0140,2024-11-23,29,Success
PAY-002627,CUST-0140,2024-12-23,29,Success
PAY-002628,CUST-0140,2025-01-22,29,Success
PAY-002629,CUST-0140,2025-02-21,29,Success
PAY-002630,CUST-0140,2025-03-23,29,Success
PAY-002631,CUST-0140,2025-04-22,29,Success
PAY-002632,CUST-0140,2025-05-22,29,Success
PAY-002633,CUST-0140,2025-06-21,29,Success
PAY-002634,CUST-0140,2025-07-21,29,Success
PAY-002635,CUST-0140,2025-08-20,29,Success
PAY-002636,CUST-0140,2025-09-19,29,Success
PAY-002637,CUST-0140,2025-10-19,29,Success
PAY-002638,CUST-0140,2025-11-18,29,Success
PAY-002639,CUST-0140,2025-12-18,29,Success
PAY-002640,CUST-0140,2026-01-17,29,Success
PAY-002641,CUST-0140,2026-02-16,29,Success
PAY-002642,CUST-0140,2026-03-18,29,Success
PAY-002643,CUST-0140,2026-04-17,29,Success
PAY-002644,CUST-0140,2026-05-17,29,Success
PAY-002645,CUST-0140,2026-06-16,29,Success
PAY-002646,CUST-0141,2024-02-25,29,Success
PAY-002647,CUST-0141,2024-03-26,29,Success
PAY-002648,CUST-0141,2024-04-25,29,Success
PAY-002649,CUST-0141,2024-05-25,29,Success
PAY-002650,CUST-0141,2024-06-24,29,Success
PAY-002651,CUST-0141,2024-07-24,29,Success
PAY-002652,CUST-0141,2024-08-23,29,Success
PAY-002653,CUST-0141,2024-09-22,29,Success
PAY-002654,CUST-0142,2025-01-08,29,Success
PAY-002655,CUST-0142,2025-02-07,29,Success
PAY-002656,CUST-0142,2025-03-09,29,Success
PAY-002657,CUST-0142,2025-04-08,29,Success
PAY-002658,CUST-0142,2025-05-08,29,Success
PAY-002659,CUST-0142,2025-06-07,29,Success
PAY-002660,CUST-0142,2025-07-07,29,Success
PAY-002661,CUST-0142,2025-08-06,29,Success
PAY-002662,CUST-0142,2025-09-05,29,Success
PAY-002663,CUST-0142,2025-10-05,29,Success
PAY-002664,CUST-0142,2025-11-04,29,Success
PAY-002665,CUST-0142,2025-12-04,29,Success
PAY-002666,CUST-0142,2026-01-03,29,Success
PAY-002667,CUST-0142,2026-02-02,29,Success
PAY-002668,CUST-0142,2026-03-04,29,Success
PAY-002669,CUST-0142,2026-04-03,29,Success
PAY-002670,CUST-0142,2026-05-03,29,Failed
PAY-002671,CUST-0142,2026-06-02,29,Success
PAY-002672,CUST-0143,2024-11-06,99,Success
PAY-002673,CUST-0143,2024-12-06,99,Success
PAY-002674,CUST-0143,2025-01-05,99,Success
PAY-002675,CUST-0143,2025-02-04,99,Success
PAY-002676,CUST-0143,2025-03-06,99,Success
PAY-002677,CUST-0143,2025-04-05,99,Success
PAY-002678,CUST-0143,2025-05-05,99,Success
PAY-002679,CUST-0143,2025-06-04,99,Success
PAY-002680,CUST-0143,2025-07-04,99,Success
PAY-002681,CUST-0143,2025-08-03,99,Success
PAY-002682,CUST-0143,2025-09-02,99,Success
PAY-002683,CUST-0143,2025-10-02,99,Success
PAY-002684,CUST-0143,2025-11-01,99,Success
PAY-002685,CUST-0143,2025-12-01,99,Success
PAY-002686,CUST-0143,2025-12-31,99,Success
PAY-002687,CUST-0143,2026-01-30,99,Success
PAY-002688,CUST-0143,2026-03-01,99,Success
PAY-002689,CUST-0143,2026-03-31,99,Success
PAY-002690,CUST-0143,2026-04-30,99,Success
PAY-002691,CUST-0143,2026-05-30,99,Success
PAY-002692,CUST-0143,2026-06-29,99,Success
PAY-002693,CUST-0144,2025-04-05,29,Success
PAY-002694,CUST-0144,2025-05-05,29,Success
PAY-002695,CUST-0144,2025-06-04,29,Success
PAY-002696,CUST-0144,2025-07-04,29,Failed
PAY-002697,CUST-0144,2025-08-03,29,Success
PAY-002698,CUST-0144,2025-09-02,29,Success
PAY-002699,CUST-0144,2025-10-02,29,Success
PAY-002700,CUST-0144,2025-11-01,29,Success
PAY-002701,CUST-0144,2025-12-01,29,Success
PAY-002702,CUST-0144,2025-12-31,29,Success
PAY-002703,CUST-0144,2026-01-30,29,Success
PAY-002704,CUST-0144,2026-03-01,29,Success
PAY-002705,CUST-0145,2024-01-23,299,Success
PAY-002706,CUST-0145,2024-02-22,299,Success
PAY-002707,CUST-0145,2024-03-23,299,Success
PAY-002708,CUST-0145,2024-04-22,299,Success
PAY-002709,CUST-0145,2024-05-22,299,Success
PAY-002710,CUST-0145,2024-06-21,299,Success
PAY-002711,CUST-0145,2024-07-21,299,Success
PAY-002712,CUST-0146,2024-09-23,99,Success
PAY-002713,CUST-0146,2024-10-23,99,Success
PAY-002714,CUST-0146,2024-11-22,99,Success
PAY-002715,CUST-0146,2024-12-22,99,Success
PAY-002716,CUST-0146,2025-01-21,99,Success
PAY-002717,CUST-0146,2025-02-20,99,Success
PAY-002718,CUST-0146,2025-03-22,99,Success
PAY-002719,CUST-0146,2025-04-21,99,Success
PAY-002720,CUST-0146,2025-05-21,99,Success
PAY-002721,CUST-0146,2025-06-20,99,Success
PAY-002722,CUST-0146,2025-07-20,99,Success
PAY-002723,CUST-0146,2025-08-19,99,Success
PAY-002724,CUST-0146,2025-09-18,99,Success
PAY-002725,CUST-0146,2025-10-18,99,Success
PAY-002726,CUST-0146,2025-11-17,99,Success
PAY-002727,CUST-0146,2025-12-17,99,Success
PAY-002728,CUST-0146,2026-01-16,99,Success
PAY-002729,CUST-0146,2026-02-15,99,Success
PAY-002730,CUST-0146,2026-03-17,99,Success
PAY-002731,CUST-0146,2026-04-16,99,Success
PAY-002732,CUST-0146,2026-05-16,99,Success
PAY-002733,CUST-0146,2026-06-15,99,Success
PAY-002734,CUST-0147,2024-08-08,29,Success
PAY-002735,CUST-0147,2024-09-07,29,Success
PAY-002736,CUST-0147,2024-10-07,29,Success
PAY-002737,CUST-0147,2024-11-06,29,Success
PAY-002738,CUST-0147,2024-12-06,29,Success
PAY-002739,CUST-0147,2025-01-05,29,Success
PAY-002740,CUST-0147,2025-02-04,29,Success
PAY-002741,CUST-0147,2025-03-06,29,Success
PAY-002742,CUST-0147,2025-04-05,29,Success
PAY-002743,CUST-0147,2025-05-05,29,Success
PAY-002744,CUST-0147,2025-06-04,29,Success
PAY-002745,CUST-0147,2025-07-04,29,Success
PAY-002746,CUST-0147,2025-08-03,29,Success
PAY-002747,CUST-0147,2025-09-02,29,Success
PAY-002748,CUST-0147,2025-10-02,29,Success
PAY-002749,CUST-0147,2025-11-01,29,Success
PAY-002750,CUST-0147,2025-12-01,29,Success
PAY-002751,CUST-0147,2025-12-31,29,Success
PAY-002752,CUST-0147,2026-01-30,29,Success
PAY-002753,CUST-0147,2026-03-01,29,Success
PAY-002754,CUST-0147,2026-03-31,29,Success
PAY-002755,CUST-0147,2026-04-30,29,Success
PAY-002756,CUST-0147,2026-05-30,29,Success
PAY-002757,CUST-0147,2026-06-29,29,Success
PAY-002758,CUST-0148,2024-11-15,99,Success
PAY-002759,CUST-0148,2024-12-15,99,Failed
PAY-002760,CUST-0148,2025-01-14,99,Success
PAY-002761,CUST-0148,2025-02-13,99,Success
PAY-002762,CUST-0148,2025-03-15,99,Success
PAY-002763,CUST-0148,2025-04-14,99,Success
PAY-002764,CUST-0148,2025-05-14,99,Success
PAY-002765,CUST-0148,2025-06-13,99,Success
PAY-002766,CUST-0148,2025-07-13,99,Success
PAY-002767,CUST-0149,2025-01-03,29,Success
PAY-002768,CUST-0149,2025-02-02,29,Success
PAY-002769,CUST-0149,2025-03-04,29,Success
PAY-002770,CUST-0149,2025-04-03,29,Success
PAY-002771,CUST-0149,2025-05-03,29,Success
PAY-002772,CUST-0149,2025-06-02,29,Success
PAY-002773,CUST-0150,2024-12-07,29,Success
PAY-002774,CUST-0150,2025-01-06,29,Success
PAY-002775,CUST-0150,2025-02-05,29,Success
PAY-002776,CUST-0150,2025-03-07,29,Failed
PAY-002777,CUST-0150,2025-04-06,29,Success
PAY-002778,CUST-0150,2025-05-06,29,Success
PAY-002779,CUST-0150,2025-06-05,29,Success
PAY-002780,CUST-0150,2025-07-05,29,Success
PAY-002781,CUST-0150,2025-08-04,29,Success
PAY-002782,CUST-0150,2025-09-03,29,Success
PAY-002783,CUST-0150,2025-10-03,29,Success
PAY-002784,CUST-0150,2025-11-02,29,Success
PAY-002785,CUST-0150,2025-12-02,29,Success
PAY-002786,CUST-0150,2026-01-01,29,Success
PAY-002787,CUST-0150,2026-01-31,29,Success
PAY-002788,CUST-0150,2026-03-02,29,Success
PAY-002789,CUST-0150,2026-04-01,29,Success
PAY-002790,CUST-0150,2026-05-01,29,Success
PAY-002791,CUST-0150,2026-05-31,29,Success
PAY-002792,CUST-0150,2026-06-30,29,Success
PAY-002793,CUST-0151,2024-07-25,29,Success
PAY-002794,CUST-0151,2024-08-24,29,Success
PAY-002795,CUST-0151,2024-09-23,29,Success
PAY-002796,CUST-0151,2024-10-23,29,Success
PAY-002797,CUST-0151,2024-11-22,29,Success
PAY-002798,CUST-0151,2024-12-22,29,Success
PAY-002799,CUST-0151,2025-01-21,29,Success
PAY-002800,CUST-0151,2025-02-20,29,Success
PAY-002801,CUST-0151,2025-03-22,29,Success
PAY-002802,CUST-0151,2025-04-21,29,Success
PAY-002803,CUST-0151,2025-05-21,29,Success
PAY-002804,CUST-0151,2025-06-20,29,Success
PAY-002805,CUST-0151,2025-07-20,29,Success
PAY-002806,CUST-0151,2025-08-19,29,Success
PAY-002807,CUST-0151,2025-09-18,29,Success
PAY-002808,CUST-0151,2025-10-18,29,Success
PAY-002809,CUST-0151,2025-11-17,29,Success
PAY-002810,CUST-0151,2025-12-17,29,Success
PAY-002811,CUST-0151,2026-01-16,29,Success
PAY-002812,CUST-0151,2026-02-15,29,Success
PAY-002813,CUST-0151,2026-03-17,29,Success
PAY-002814,CUST-0151,2026-04-16,29,Success
PAY-002815,CUST-0151,2026-05-16,29,Success
PAY-002816,CUST-0151,2026-06-15,29,Success
PAY-002817,CUST-0152,2024-04-08,99,Success
PAY-002818,CUST-0152,2024-05-08,99,Success
PAY-002819,CUST-0152,2024-06-07,99,Success
PAY-002820,CUST-0152,2024-07-07,99,Success
PAY-002821,CUST-0152,2024-08-06,99,Success
PAY-002822,CUST-0152,2024-09-05,99,Success
PAY-002823,CUST-0152,2024-10-05,99,Success
PAY-002824,CUST-0152,2024-11-04,99,Success
PAY-002825,CUST-0152,2024-12-04,99,Success
PAY-002826,CUST-0152,2025-01-03,99,Success
PAY-002827,CUST-0152,2025-02-02,99,Success
PAY-002828,CUST-0152,2025-03-04,99,Success
PAY-002829,CUST-0152,2025-04-03,99,Success
PAY-002830,CUST-0152,2025-05-03,99,Success
PAY-002831,CUST-0152,2025-06-02,99,Success
PAY-002832,CUST-0152,2025-07-02,99,Success
PAY-002833,CUST-0152,2025-08-01,99,Success
PAY-002834,CUST-0152,2025-08-31,99,Success
PAY-002835,CUST-0152,2025-09-30,99,Success
PAY-002836,CUST-0152,2025-10-30,99,Success
PAY-002837,CUST-0152,2025-11-29,99,Success
PAY-002838,CUST-0152,2025-12-29,99,Success
PAY-002839,CUST-0152,2026-01-28,99,Success
PAY-002840,CUST-0152,2026-02-27,99,Success
PAY-002841,CUST-0152,2026-03-29,99,Success
PAY-002842,CUST-0152,2026-04-28,99,Success
PAY-002843,CUST-0152,2026-05-28,99,Success
PAY-002844,CUST-0152,2026-06-27,99,Success
PAY-002845,CUST-0153,2024-12-12,299,Success
PAY-002846,CUST-0153,2025-01-11,299,Success
PAY-002847,CUST-0153,2025-02-10,299,Success
PAY-002848,CUST-0153,2025-03-12,299,Success
PAY-002849,CUST-0153,2025-04-11,299,Success
PAY-002850,CUST-0153,2025-05-11,299,Success
PAY-002851,CUST-0153,2025-06-10,299,Success
PAY-002852,CUST-0153,2025-07-10,299,Success
PAY-002853,CUST-0153,2025-08-09,299,Success
PAY-002854,CUST-0153,2025-09-08,299,Success
PAY-002855,CUST-0153,2025-10-08,299,Success
PAY-002856,CUST-0153,2025-11-07,299,Success
PAY-002857,CUST-0153,2025-12-07,299,Success
PAY-002858,CUST-0153,2026-01-06,299,Success
PAY-002859,CUST-0153,2026-02-05,299,Success
PAY-002860,CUST-0153,2026-03-07,299,Success
PAY-002861,CUST-0153,2026-04-06,299,Failed
PAY-002862,CUST-0153,2026-05-06,299,Success
PAY-002863,CUST-0153,2026-06-05,299,Success
PAY-002864,CUST-0154,2024-07-26,29,Success
PAY-002865,CUST-0154,2024-08-25,29,Success
PAY-002866,CUST-0154,2024-09-24,29,Success
PAY-002867,CUST-0154,2024-10-24,29,Success
PAY-002868,CUST-0154,2024-11-23,29,Success
PAY-002869,CUST-0154,2024-12-23,29,Success
PAY-002870,CUST-0154,2025-01-22,29,Success
PAY-002871,CUST-0154,2025-02-21,29,Success
PAY-002872,CUST-0154,2025-03-23,29,Failed
PAY-002873,CUST-0154,2025-04-22,29,Success
PAY-002874,CUST-0154,2025-05-22,29,Success
PAY-002875,CUST-0154,2025-06-21,29,Success
PAY-002876,CUST-0154,2025-07-21,29,Success
PAY-002877,CUST-0154,2025-08-20,29,Success
PAY-002878,CUST-0154,2025-09-19,29,Success
PAY-002879,CUST-0154,2025-10-19,29,Success
PAY-002880,CUST-0154,2025-11-18,29,Success
PAY-002881,CUST-0154,2025-12-18,29,Success
PAY-002882,CUST-0154,2026-01-17,29,Success
PAY-002883,CUST-0154,2026-02-16,29,Success
PAY-002884,CUST-0154,2026-03-18,29,Failed
PAY-002885,CUST-0154,2026-04-17,29,Success
PAY-002886,CUST-0154,2026-05-17,29,Success
PAY-002887,CUST-0154,2026-06-16,29,Success
PAY-002888,CUST-0155,2024-05-26,29,Success
PAY-002889,CUST-0155,2024-06-25,29,Success
PAY-002890,CUST-0155,2024-07-25,29,Success
PAY-002891,CUST-0155,2024-08-24,29,Success
PAY-002892,CUST-0155,2024-09-23,29,Success
PAY-002893,CUST-0155,2024-10-23,29,Success
PAY-002894,CUST-0155,2024-11-22,29,Success
PAY-002895,CUST-0155,2024-12-22,29,Success
PAY-002896,CUST-0155,2025-01-21,29,Success
PAY-002897,CUST-0155,2025-02-20,29,Success
PAY-002898,CUST-0155,2025-03-22,29,Success
PAY-002899,CUST-0155,2025-04-21,29,Success
PAY-002900,CUST-0155,2025-05-21,29,Success
PAY-002901,CUST-0155,2025-06-20,29,Success
PAY-002902,CUST-0155,2025-07-20,29,Success
PAY-002903,CUST-0155,2025-08-19,29,Success
PAY-002904,CUST-0155,2025-09-18,29,Success
PAY-002905,CUST-0155,2025-10-18,29,Success
PAY-002906,CUST-0155,2025-11-17,29,Success
PAY-002907,CUST-0155,2025-12-17,29,Success
PAY-002908,CUST-0155,2026-01-16,29,Success
PAY-002909,CUST-0155,2026-02-15,29,Success
PAY-002910,CUST-0155,2026-03-17,29,Success
PAY-002911,CUST-0155,2026-04-16,29,Success
PAY-002912,CUST-0155,2026-05-16,29,Success
PAY-002913,CUST-0155,2026-06-15,29,Success
PAY-002914,CUST-0156,2025-02-06,99,Success
PAY-002915,CUST-0156,2025-03-08,99,Success
PAY-002916,CUST-0156,2025-04-07,99,Success
PAY-002917,CUST-0156,2025-05-07,99,Success
PAY-002918,CUST-0156,2025-06-06,99,Success
PAY-002919,CUST-0156,2025-07-06,99,Success
PAY-002920,CUST-0156,2025-08-05,99,Success
PAY-002921,CUST-0156,2025-09-04,99,Success
PAY-002922,CUST-0156,2025-10-04,99,Success
PAY-002923,CUST-0156,2025-11-03,99,Success
PAY-002924,CUST-0156,2025-12-03,99,Success
PAY-002925,CUST-0156,2026-01-02,99,Success
PAY-002926,CUST-0156,2026-02-01,99,Success
PAY-002927,CUST-0157,2024-08-14,99,Success
PAY-002928,CUST-0157,2024-09-13,99,Success
PAY-002929,CUST-0157,2024-10-13,99,Success
PAY-002930,CUST-0157,2024-11-12,99,Success
PAY-002931,CUST-0157,2024-12-12,99,Success
PAY-002932,CUST-0157,2025-01-11,99,Success
PAY-002933,CUST-0157,2025-02-10,99,Success
PAY-002934,CUST-0157,2025-03-12,99,Success
PAY-002935,CUST-0157,2025-04-11,99,Success
PAY-002936,CUST-0157,2025-05-11,99,Success
PAY-002937,CUST-0157,2025-06-10,99,Success
PAY-002938,CUST-0157,2025-07-10,99,Success
PAY-002939,CUST-0157,2025-08-09,99,Success
PAY-002940,CUST-0157,2025-09-08,99,Success
PAY-002941,CUST-0157,2025-10-08,99,Success
PAY-002942,CUST-0157,2025-11-07,99,Success
PAY-002943,CUST-0157,2025-12-07,99,Success
PAY-002944,CUST-0157,2026-01-06,99,Success
PAY-002945,CUST-0157,2026-02-05,99,Success
PAY-002946,CUST-0157,2026-03-07,99,Success
PAY-002947,CUST-0157,2026-04-06,99,Success
PAY-002948,CUST-0157,2026-05-06,99,Success
PAY-002949,CUST-0157,2026-06-05,99,Success
PAY-002950,CUST-0158,2024-09-18,29,Success
PAY-002951,CUST-0158,2024-10-18,29,Success
PAY-002952,CUST-0158,2024-11-17,29,Success
PAY-002953,CUST-0158,2024-12-17,29,Success
PAY-002954,CUST-0159,2024-12-03,299,Success
PAY-002955,CUST-0159,2025-01-02,299,Success
PAY-002956,CUST-0159,2025-02-01,299,Success
PAY-002957,CUST-0159,2025-03-03,299,Success
PAY-002958,CUST-0159,2025-04-02,299,Success
PAY-002959,CUST-0159,2025-05-02,299,Success
PAY-002960,CUST-0159,2025-06-01,299,Success
PAY-002961,CUST-0159,2025-07-01,299,Success
PAY-002962,CUST-0159,2025-07-31,299,Success
PAY-002963,CUST-0159,2025-08-30,299,Success
PAY-002964,CUST-0159,2025-09-29,299,Success
PAY-002965,CUST-0159,2025-10-29,299,Success
PAY-002966,CUST-0159,2025-11-28,299,Success
PAY-002967,CUST-0159,2025-12-28,299,Success
PAY-002968,CUST-0159,2026-01-27,299,Success
PAY-002969,CUST-0159,2026-02-26,299,Success
PAY-002970,CUST-0159,2026-03-28,299,Success
PAY-002971,CUST-0159,2026-04-27,299,Success
PAY-002972,CUST-0159,2026-05-27,299,Success
PAY-002973,CUST-0159,2026-06-26,299,Success
PAY-002974,CUST-0160,2024-09-20,99,Success
PAY-002975,CUST-0160,2024-10-20,99,Success
PAY-002976,CUST-0160,2024-11-19,99,Success
PAY-002977,CUST-0160,2024-12-19,99,Success
PAY-002978,CUST-0160,2025-01-18,99,Success
PAY-002979,CUST-0160,2025-02-17,99,Success
PAY-002980,CUST-0161,2025-02-23,299,Success
PAY-002981,CUST-0161,2025-03-25,299,Success
PAY-002982,CUST-0161,2025-04-24,299,Success
PAY-002983,CUST-0161,2025-05-24,299,Success
PAY-002984,CUST-0161,2025-06-23,299,Success
PAY-002985,CUST-0161,2025-07-23,299,Success
PAY-002986,CUST-0161,2025-08-22,299,Success
PAY-002987,CUST-0161,2025-09-21,299,Success
PAY-002988,CUST-0161,2025-10-21,299,Success
PAY-002989,CUST-0161,2025-11-20,299,Success
PAY-002990,CUST-0161,2025-12-20,299,Success
PAY-002991,CUST-0161,2026-01-19,299,Success
PAY-002992,CUST-0161,2026-02-18,299,Success
PAY-002993,CUST-0161,2026-03-20,299,Success
PAY-002994,CUST-0161,2026-04-19,299,Success
PAY-002995,CUST-0161,2026-05-19,299,Success
PAY-002996,CUST-0161,2026-06-18,299,Success
PAY-002997,CUST-0162,2024-04-25,29,Success
PAY-002998,CUST-0162,2024-05-25,29,Success
PAY-002999,CUST-0162,2024-06-24,29,Success
PAY-003000,CUST-0162,2024-07-24,29,Failed
PAY-003001,CUST-0162,2024-08-23,29,Success
PAY-003002,CUST-0162,2024-09-22,29,Success
PAY-003003,CUST-0162,2024-10-22,29,Success
PAY-003004,CUST-0162,2024-11-21,29,Success
PAY-003005,CUST-0162,2024-12-21,29,Success
PAY-003006,CUST-0162,2025-01-20,29,Success
PAY-003007,CUST-0162,2025-02-19,29,Success
PAY-003008,CUST-0162,2025-03-21,29,Success
PAY-003009,CUST-0162,2025-04-20,29,Success
PAY-003010,CUST-0162,2025-05-20,29,Success
PAY-003011,CUST-0162,2025-06-19,29,Success
PAY-003012,CUST-0162,2025-07-19,29,Success
PAY-003013,CUST-0162,2025-08-18,29,Success
PAY-003014,CUST-0162,2025-09-17,29,Success
PAY-003015,CUST-0162,2025-10-17,29,Success
PAY-003016,CUST-0162,2025-11-16,29,Success
PAY-003017,CUST-0162,2025-12-16,29,Success
PAY-003018,CUST-0162,2026-01-15,29,Success
PAY-003019,CUST-0162,2026-02-14,29,Success
PAY-003020,CUST-0162,2026-03-16,29,Success
PAY-003021,CUST-0162,2026-04-15,29,Success
PAY-003022,CUST-0162,2026-05-15,29,Success
PAY-003023,CUST-0162,2026-06-14,29,Success
PAY-003024,CUST-0163,2024-01-13,29,Success
PAY-003025,CUST-0163,2024-02-12,29,Success
PAY-003026,CUST-0163,2024-03-13,29,Success
PAY-003027,CUST-0163,2024-04-12,29,Success
PAY-003028,CUST-0163,2024-05-12,29,Success
PAY-003029,CUST-0163,2024-06-11,29,Success
PAY-003030,CUST-0163,2024-07-11,29,Success
PAY-003031,CUST-0163,2024-08-10,29,Success
PAY-003032,CUST-0163,2024-09-09,29,Success
PAY-003033,CUST-0163,2024-10-09,29,Failed
PAY-003034,CUST-0163,2024-11-08,29,Success
PAY-003035,CUST-0164,2024-08-31,29,Success
PAY-003036,CUST-0164,2024-09-30,29,Success
PAY-003037,CUST-0164,2024-10-30,29,Success
PAY-003038,CUST-0164,2024-11-29,29,Success
PAY-003039,CUST-0164,2024-12-29,29,Success
PAY-003040,CUST-0164,2025-01-28,29,Success
PAY-003041,CUST-0164,2025-02-27,29,Success
PAY-003042,CUST-0164,2025-03-29,29,Success
PAY-003043,CUST-0164,2025-04-28,29,Success
PAY-003044,CUST-0164,2025-05-28,29,Success
PAY-003045,CUST-0164,2025-06-27,29,Success
PAY-003046,CUST-0164,2025-07-27,29,Success
PAY-003047,CUST-0164,2025-08-26,29,Success
PAY-003048,CUST-0164,2025-09-25,29,Success
PAY-003049,CUST-0164,2025-10-25,29,Success
PAY-003050,CUST-0164,2025-11-24,29,Success
PAY-003051,CUST-0164,2025-12-24,29,Success
PAY-003052,CUST-0164,2026-01-23,29,Success
PAY-003053,CUST-0164,2026-02-22,29,Success
PAY-003054,CUST-0164,2026-03-24,29,Success
PAY-003055,CUST-0164,2026-04-23,29,Success
PAY-003056,CUST-0164,2026-05-23,29,Success
PAY-003057,CUST-0164,2026-06-22,29,Success
PAY-003058,CUST-0165,2024-07-31,299,Success
PAY-003059,CUST-0165,2024-08-30,299,Success
PAY-003060,CUST-0165,2024-09-29,299,Success
PAY-003061,CUST-0165,2024-10-29,299,Success
PAY-003062,CUST-0165,2024-11-28,299,Success
PAY-003063,CUST-0165,2024-12-28,299,Success
PAY-003064,CUST-0165,2025-01-27,299,Success
PAY-003065,CUST-0165,2025-02-26,299,Success
PAY-003066,CUST-0165,2025-03-28,299,Success
PAY-003067,CUST-0165,2025-04-27,299,Success
PAY-003068,CUST-0165,2025-05-27,299,Success
PAY-003069,CUST-0165,2025-06-26,299,Success
PAY-003070,CUST-0165,2025-07-26,299,Success
PAY-003071,CUST-0165,2025-08-25,299,Success
PAY-003072,CUST-0165,2025-09-24,299,Success
PAY-003073,CUST-0165,2025-10-24,299,Success
PAY-003074,CUST-0165,2025-11-23,299,Success
PAY-003075,CUST-0165,2025-12-23,299,Success
PAY-003076,CUST-0165,2026-01-22,299,Success
PAY-003077,CUST-0165,2026-02-21,299,Success
PAY-003078,CUST-0165,2026-03-23,299,Success
PAY-003079,CUST-0165,2026-04-22,299,Success
PAY-003080,CUST-0165,2026-05-22,299,Success
PAY-003081,CUST-0165,2026-06-21,299,Success
PAY-003082,CUST-0166,2024-09-10,99,Success
PAY-003083,CUST-0166,2024-10-10,99,Success
PAY-003084,CUST-0166,2024-11-09,99,Failed
PAY-003085,CUST-0166,2024-12-09,99,Failed
PAY-003086,CUST-0166,2025-01-08,99,Success
PAY-003087,CUST-0166,2025-02-07,99,Success
PAY-003088,CUST-0166,2025-03-09,99,Success
PAY-003089,CUST-0166,2025-04-08,99,Success
PAY-003090,CUST-0166,2025-05-08,99,Success
PAY-003091,CUST-0166,2025-06-07,99,Success
PAY-003092,CUST-0166,2025-07-07,99,Success
PAY-003093,CUST-0166,2025-08-06,99,Success
PAY-003094,CUST-0166,2025-09-05,99,Success
PAY-003095,CUST-0166,2025-10-05,99,Success
PAY-003096,CUST-0166,2025-11-04,99,Success
PAY-003097,CUST-0166,2025-12-04,99,Success
PAY-003098,CUST-0166,2026-01-03,99,Success
PAY-003099,CUST-0166,2026-02-02,99,Success
PAY-003100,CUST-0166,2026-03-04,99,Success
PAY-003101,CUST-0166,2026-04-03,99,Success
PAY-003102,CUST-0166,2026-05-03,99,Success
PAY-003103,CUST-0166,2026-06-02,99,Success
PAY-003104,CUST-0167,2024-03-16,99,Success
PAY-003105,CUST-0167,2024-04-15,99,Success
PAY-003106,CUST-0167,2024-05-15,99,Success
PAY-003107,CUST-0167,2024-06-14,99,Success
PAY-003108,CUST-0167,2024-07-14,99,Success
PAY-003109,CUST-0167,2024-08-13,99,Success
PAY-003110,CUST-0167,2024-09-12,99,Success
PAY-003111,CUST-0167,2024-10-12,99,Success
PAY-003112,CUST-0167,2024-11-11,99,Success
PAY-003113,CUST-0167,2024-12-11,99,Success
PAY-003114,CUST-0167,2025-01-10,99,Success
PAY-003115,CUST-0167,2025-02-09,99,Success
PAY-003116,CUST-0167,2025-03-11,99,Success
PAY-003117,CUST-0167,2025-04-10,99,Success
PAY-003118,CUST-0167,2025-05-10,99,Success
PAY-003119,CUST-0167,2025-06-09,99,Success
PAY-003120,CUST-0167,2025-07-09,99,Success
PAY-003121,CUST-0167,2025-08-08,99,Success
PAY-003122,CUST-0167,2025-09-07,99,Success
PAY-003123,CUST-0167,2025-10-07,99,Success
PAY-003124,CUST-0167,2025-11-06,99,Success
PAY-003125,CUST-0167,2025-12-06,99,Success
PAY-003126,CUST-0167,2026-01-05,99,Success
PAY-003127,CUST-0167,2026-02-04,99,Success
PAY-003128,CUST-0167,2026-03-06,99,Success
PAY-003129,CUST-0167,2026-04-05,99,Success
PAY-003130,CUST-0167,2026-05-05,99,Success
PAY-003131,CUST-0167,2026-06-04,99,Success
PAY-003132,CUST-0168,2025-02-02,99,Success
PAY-003133,CUST-0168,2025-03-04,99,Success
PAY-003134,CUST-0168,2025-04-03,99,Success
PAY-003135,CUST-0168,2025-05-03,99,Failed
PAY-003136,CUST-0168,2025-06-02,99,Success
PAY-003137,CUST-0168,2025-07-02,99,Success
PAY-003138,CUST-0168,2025-08-01,99,Success
PAY-003139,CUST-0168,2025-08-31,99,Success
PAY-003140,CUST-0168,2025-09-30,99,Success
PAY-003141,CUST-0168,2025-10-30,99,Success
PAY-003142,CUST-0168,2025-11-29,99,Success
PAY-003143,CUST-0168,2025-12-29,99,Success
PAY-003144,CUST-0168,2026-01-28,99,Success
PAY-003145,CUST-0168,2026-02-27,99,Success
PAY-003146,CUST-0168,2026-03-29,99,Success
PAY-003147,CUST-0168,2026-04-28,99,Success
PAY-003148,CUST-0168,2026-05-28,99,Success
PAY-003149,CUST-0168,2026-06-27,99,Success
PAY-003150,CUST-0169,2024-03-31,99,Success
PAY-003151,CUST-0169,2024-04-30,99,Success
PAY-003152,CUST-0169,2024-05-30,99,Success
PAY-003153,CUST-0169,2024-06-29,99,Success
PAY-003154,CUST-0169,2024-07-29,99,Success
PAY-003155,CUST-0169,2024-08-28,99,Success
PAY-003156,CUST-0169,2024-09-27,99,Success
PAY-003157,CUST-0169,2024-10-27,99,Success
PAY-003158,CUST-0169,2024-11-26,99,Success
PAY-003159,CUST-0169,2024-12-26,99,Success
PAY-003160,CUST-0169,2025-01-25,99,Success
PAY-003161,CUST-0169,2025-02-24,99,Success
PAY-003162,CUST-0169,2025-03-26,99,Success
PAY-003163,CUST-0169,2025-04-25,99,Success
PAY-003164,CUST-0169,2025-05-25,99,Failed
PAY-003165,CUST-0169,2025-06-24,99,Success
PAY-003166,CUST-0169,2025-07-24,99,Success
PAY-003167,CUST-0169,2025-08-23,99,Success
PAY-003168,CUST-0169,2025-09-22,99,Success
PAY-003169,CUST-0169,2025-10-22,99,Success
PAY-003170,CUST-0169,2025-11-21,99,Success
PAY-003171,CUST-0169,2025-12-21,99,Success
PAY-003172,CUST-0169,2026-01-20,99,Success
PAY-003173,CUST-0169,2026-02-19,99,Success
PAY-003174,CUST-0169,2026-03-21,99,Success
PAY-003175,CUST-0169,2026-04-20,99,Success
PAY-003176,CUST-0169,2026-05-20,99,Success
PAY-003177,CUST-0169,2026-06-19,99,Success
PAY-003178,CUST-0170,2024-10-12,29,Success
PAY-003179,CUST-0170,2024-11-11,29,Success
PAY-003180,CUST-0170,2024-12-11,29,Success
PAY-003181,CUST-0170,2025-01-10,29,Success
PAY-003182,CUST-0170,2025-02-09,29,Success
PAY-003183,CUST-0170,2025-03-11,29,Success
PAY-003184,CUST-0170,2025-04-10,29,Success
PAY-003185,CUST-0170,2025-05-10,29,Success
PAY-003186,CUST-0170,2025-06-09,29,Success
PAY-003187,CUST-0170,2025-07-09,29,Success
PAY-003188,CUST-0170,2025-08-08,29,Success
PAY-003189,CUST-0170,2025-09-07,29,Success
PAY-003190,CUST-0171,2024-08-21,29,Success
PAY-003191,CUST-0171,2024-09-20,29,Success
PAY-003192,CUST-0171,2024-10-20,29,Success
PAY-003193,CUST-0171,2024-11-19,29,Success
PAY-003194,CUST-0171,2024-12-19,29,Success
PAY-003195,CUST-0171,2025-01-18,29,Success
PAY-003196,CUST-0171,2025-02-17,29,Success
PAY-003197,CUST-0171,2025-03-19,29,Success
PAY-003198,CUST-0171,2025-04-18,29,Success
PAY-003199,CUST-0171,2025-05-18,29,Success
PAY-003200,CUST-0171,2025-06-17,29,Failed
PAY-003201,CUST-0171,2025-07-17,29,Success
PAY-003202,CUST-0171,2025-08-16,29,Success
PAY-003203,CUST-0172,2024-12-07,29,Success
PAY-003204,CUST-0172,2025-01-06,29,Success
PAY-003205,CUST-0172,2025-02-05,29,Success
PAY-003206,CUST-0172,2025-03-07,29,Success
PAY-003207,CUST-0172,2025-04-06,29,Success
PAY-003208,CUST-0172,2025-05-06,29,Success
PAY-003209,CUST-0172,2025-06-05,29,Success
PAY-003210,CUST-0172,2025-07-05,29,Success
PAY-003211,CUST-0172,2025-08-04,29,Success
PAY-003212,CUST-0172,2025-09-03,29,Success
PAY-003213,CUST-0172,2025-10-03,29,Success
PAY-003214,CUST-0172,2025-11-02,29,Success
PAY-003215,CUST-0172,2025-12-02,29,Success
PAY-003216,CUST-0172,2026-01-01,29,Success
PAY-003217,CUST-0172,2026-01-31,29,Success
PAY-003218,CUST-0172,2026-03-02,29,Success
PAY-003219,CUST-0172,2026-04-01,29,Success
PAY-003220,CUST-0172,2026-05-01,29,Success
PAY-003221,CUST-0172,2026-05-31,29,Success
PAY-003222,CUST-0172,2026-06-30,29,Success
PAY-003223,CUST-0173,2024-11-09,99,Success
PAY-003224,CUST-0173,2024-12-09,99,Success
PAY-003225,CUST-0173,2025-01-08,99,Success
PAY-003226,CUST-0173,2025-02-07,99,Success
PAY-003227,CUST-0173,2025-03-09,99,Success
PAY-003228,CUST-0173,2025-04-08,99,Success
PAY-003229,CUST-0173,2025-05-08,99,Success
PAY-003230,CUST-0173,2025-06-07,99,Success
PAY-003231,CUST-0173,2025-07-07,99,Success
PAY-003232,CUST-0173,2025-08-06,99,Success
PAY-003233,CUST-0173,2025-09-05,99,Success
PAY-003234,CUST-0173,2025-10-05,99,Success
PAY-003235,CUST-0173,2025-11-04,99,Success
PAY-003236,CUST-0173,2025-12-04,99,Success
PAY-003237,CUST-0173,2026-01-03,99,Success
PAY-003238,CUST-0173,2026-02-02,99,Success
PAY-003239,CUST-0173,2026-03-04,99,Success
PAY-003240,CUST-0173,2026-04-03,99,Success
PAY-003241,CUST-0173,2026-05-03,99,Success
PAY-003242,CUST-0173,2026-06-02,99,Success
PAY-003243,CUST-0174,2025-04-04,29,Success
PAY-003244,CUST-0174,2025-05-04,29,Success
PAY-003245,CUST-0174,2025-06-03,29,Success
PAY-003246,CUST-0174,2025-07-03,29,Success
PAY-003247,CUST-0174,2025-08-02,29,Success
PAY-003248,CUST-0174,2025-09-01,29,Success
PAY-003249,CUST-0174,2025-10-01,29,Success
PAY-003250,CUST-0174,2025-10-31,29,Success
PAY-003251,CUST-0174,2025-11-30,29,Success
PAY-003252,CUST-0174,2025-12-30,29,Success
PAY-003253,CUST-0174,2026-01-29,29,Success
PAY-003254,CUST-0174,2026-02-28,29,Success
PAY-003255,CUST-0174,2026-03-30,29,Success
PAY-003256,CUST-0174,2026-04-29,29,Success
PAY-003257,CUST-0174,2026-05-29,29,Success
PAY-003258,CUST-0174,2026-06-28,29,Success
PAY-003259,CUST-0175,2024-08-18,29,Success
PAY-003260,CUST-0175,2024-09-17,29,Success
PAY-003261,CUST-0175,2024-10-17,29,Success
PAY-003262,CUST-0175,2024-11-16,29,Success
PAY-003263,CUST-0175,2024-12-16,29,Success
PAY-003264,CUST-0175,2025-01-15,29,Success
PAY-003265,CUST-0175,2025-02-14,29,Success
PAY-003266,CUST-0175,2025-03-16,29,Success
PAY-003267,CUST-0175,2025-04-15,29,Success
PAY-003268,CUST-0175,2025-05-15,29,Success
PAY-003269,CUST-0175,2025-06-14,29,Success
PAY-003270,CUST-0175,2025-07-14,29,Success
PAY-003271,CUST-0175,2025-08-13,29,Success
PAY-003272,CUST-0175,2025-09-12,29,Success
PAY-003273,CUST-0175,2025-10-12,29,Success
PAY-003274,CUST-0175,2025-11-11,29,Success
PAY-003275,CUST-0175,2025-12-11,29,Success
PAY-003276,CUST-0175,2026-01-10,29,Success
PAY-003277,CUST-0175,2026-02-09,29,Success
PAY-003278,CUST-0175,2026-03-11,29,Success
PAY-003279,CUST-0175,2026-04-10,29,Success
PAY-003280,CUST-0175,2026-05-10,29,Success
PAY-003281,CUST-0175,2026-06-09,29,Success
PAY-003282,CUST-0176,2025-03-06,29,Success
PAY-003283,CUST-0176,2025-04-05,29,Success
PAY-003284,CUST-0176,2025-05-05,29,Success
PAY-003285,CUST-0176,2025-06-04,29,Success
PAY-003286,CUST-0176,2025-07-04,29,Success
PAY-003287,CUST-0176,2025-08-03,29,Success
PAY-003288,CUST-0176,2025-09-02,29,Success
PAY-003289,CUST-0176,2025-10-02,29,Success
PAY-003290,CUST-0176,2025-11-01,29,Success
PAY-003291,CUST-0176,2025-12-01,29,Success
PAY-003292,CUST-0176,2025-12-31,29,Success
PAY-003293,CUST-0176,2026-01-30,29,Success
PAY-003294,CUST-0176,2026-03-01,29,Success
PAY-003295,CUST-0176,2026-03-31,29,Success
PAY-003296,CUST-0176,2026-04-30,29,Success
PAY-003297,CUST-0176,2026-05-30,29,Success
PAY-003298,CUST-0176,2026-06-29,29,Success
PAY-003299,CUST-0177,2024-11-16,29,Success
PAY-003300,CUST-0177,2024-12-16,29,Success
PAY-003301,CUST-0177,2025-01-15,29,Success
PAY-003302,CUST-0177,2025-02-14,29,Success
PAY-003303,CUST-0177,2025-03-16,29,Success
PAY-003304,CUST-0177,2025-04-15,29,Success
PAY-003305,CUST-0177,2025-05-15,29,Success
PAY-003306,CUST-0177,2025-06-14,29,Success
PAY-003307,CUST-0177,2025-07-14,29,Success
PAY-003308,CUST-0177,2025-08-13,29,Success
PAY-003309,CUST-0177,2025-09-12,29,Success
PAY-003310,CUST-0177,2025-10-12,29,Success
PAY-003311,CUST-0177,2025-11-11,29,Success
PAY-003312,CUST-0177,2025-12-11,29,Success
PAY-003313,CUST-0177,2026-01-10,29,Success
PAY-003314,CUST-0177,2026-02-09,29,Success
PAY-003315,CUST-0177,2026-03-11,29,Success
PAY-003316,CUST-0177,2026-04-10,29,Success
PAY-003317,CUST-0177,2026-05-10,29,Success
PAY-003318,CUST-0177,2026-06-09,29,Success
PAY-003319,CUST-0178,2024-08-13,299,Success
PAY-003320,CUST-0178,2024-09-12,299,Success
PAY-003321,CUST-0178,2024-10-12,299,Success
PAY-003322,CUST-0178,2024-11-11,299,Failed
PAY-003323,CUST-0178,2024-12-11,299,Success
PAY-003324,CUST-0178,2025-01-10,299,Success
PAY-003325,CUST-0178,2025-02-09,299,Success
PAY-003326,CUST-0178,2025-03-11,299,Success
PAY-003327,CUST-0178,2025-04-10,299,Failed
PAY-003328,CUST-0178,2025-05-10,299,Success
PAY-003329,CUST-0178,2025-06-09,299,Success
PAY-003330,CUST-0178,2025-07-09,299,Success
PAY-003331,CUST-0178,2025-08-08,299,Success
PAY-003332,CUST-0178,2025-09-07,299,Success
PAY-003333,CUST-0178,2025-10-07,299,Success
PAY-003334,CUST-0178,2025-11-06,299,Success
PAY-003335,CUST-0178,2025-12-06,299,Success
PAY-003336,CUST-0178,2026-01-05,299,Success
PAY-003337,CUST-0178,2026-02-04,299,Success
PAY-003338,CUST-0178,2026-03-06,299,Success
PAY-003339,CUST-0178,2026-04-05,299,Success
PAY-003340,CUST-0178,2026-05-05,299,Success
PAY-003341,CUST-0178,2026-06-04,299,Success
PAY-003342,CUST-0179,2024-04-30,29,Success
PAY-003343,CUST-0179,2024-05-30,29,Success
PAY-003344,CUST-0179,2024-06-29,29,Success
PAY-003345,CUST-0179,2024-07-29,29,Success
PAY-003346,CUST-0179,2024-08-28,29,Success
PAY-003347,CUST-0179,2024-09-27,29,Success
PAY-003348,CUST-0179,2024-10-27,29,Success
PAY-003349,CUST-0179,2024-11-26,29,Success
PAY-003350,CUST-0179,2024-12-26,29,Success
PAY-003351,CUST-0179,2025-01-25,29,Success
PAY-003352,CUST-0179,2025-02-24,29,Success
PAY-003353,CUST-0179,2025-03-26,29,Success
PAY-003354,CUST-0179,2025-04-25,29,Success
PAY-003355,CUST-0179,2025-05-25,29,Success
PAY-003356,CUST-0179,2025-06-24,29,Success
PAY-003357,CUST-0179,2025-07-24,29,Success
PAY-003358,CUST-0179,2025-08-23,29,Success
PAY-003359,CUST-0179,2025-09-22,29,Success
PAY-003360,CUST-0179,2025-10-22,29,Success
PAY-003361,CUST-0179,2025-11-21,29,Success
PAY-003362,CUST-0179,2025-12-21,29,Success
PAY-003363,CUST-0179,2026-01-20,29,Success
PAY-003364,CUST-0179,2026-02-19,29,Success
PAY-003365,CUST-0179,2026-03-21,29,Success
PAY-003366,CUST-0179,2026-04-20,29,Success
PAY-003367,CUST-0179,2026-05-20,29,Success
PAY-003368,CUST-0179,2026-06-19,29,Success
PAY-003369,CUST-0180,2024-06-12,29,Success
PAY-003370,CUST-0180,2024-07-12,29,Success
PAY-003371,CUST-0180,2024-08-11,29,Success
PAY-003372,CUST-0180,2024-09-10,29,Success
PAY-003373,CUST-0180,2024-10-10,29,Success
PAY-003374,CUST-0180,2024-11-09,29,Success
PAY-003375,CUST-0180,2024-12-09,29,Success
PAY-003376,CUST-0180,2025-01-08,29,Success
PAY-003377,CUST-0180,2025-02-07,29,Success
PAY-003378,CUST-0180,2025-03-09,29,Success
PAY-003379,CUST-0180,2025-04-08,29,Success
PAY-003380,CUST-0180,2025-05-08,29,Success
PAY-003381,CUST-0180,2025-06-07,29,Success
PAY-003382,CUST-0180,2025-07-07,29,Success
PAY-003383,CUST-0180,2025-08-06,29,Success
PAY-003384,CUST-0180,2025-09-05,29,Success
PAY-003385,CUST-0180,2025-10-05,29,Success
PAY-003386,CUST-0180,2025-11-04,29,Success
PAY-003387,CUST-0180,2025-12-04,29,Success
PAY-003388,CUST-0180,2026-01-03,29,Success
PAY-003389,CUST-0180,2026-02-02,29,Success
PAY-003390,CUST-0180,2026-03-04,29,Success
PAY-003391,CUST-0180,2026-04-03,29,Success
PAY-003392,CUST-0180,2026-05-03,29,Failed
PAY-003393,CUST-0180,2026-06-02,29,Success
PAY-003394,CUST-0181,2024-03-18,299,Success
PAY-003395,CUST-0181,2024-04-17,299,Success
PAY-003396,CUST-0181,2024-05-17,299,Success
PAY-003397,CUST-0181,2024-06-16,299,Success
PAY-003398,CUST-0181,2024-07-16,299,Success
PAY-003399,CUST-0181,2024-08-15,299,Success
PAY-003400,CUST-0181,2024-09-14,299,Success
PAY-003401,CUST-0181,2024-10-14,299,Success
PAY-003402,CUST-0181,2024-11-13,299,Success
PAY-003403,CUST-0181,2024-12-13,299,Success
PAY-003404,CUST-0181,2025-01-12,299,Success
PAY-003405,CUST-0181,2025-02-11,299,Success
PAY-003406,CUST-0181,2025-03-13,299,Success
PAY-003407,CUST-0181,2025-04-12,299,Success
PAY-003408,CUST-0181,2025-05-12,299,Success
PAY-003409,CUST-0181,2025-06-11,299,Success
PAY-003410,CUST-0181,2025-07-11,299,Success
PAY-003411,CUST-0181,2025-08-10,299,Success
PAY-003412,CUST-0181,2025-09-09,299,Success
PAY-003413,CUST-0181,2025-10-09,299,Success
PAY-003414,CUST-0181,2025-11-08,299,Success
PAY-003415,CUST-0181,2025-12-08,299,Success
PAY-003416,CUST-0181,2026-01-07,299,Success
PAY-003417,CUST-0181,2026-02-06,299,Success
PAY-003418,CUST-0181,2026-03-08,299,Success
PAY-003419,CUST-0181,2026-04-07,299,Success
PAY-003420,CUST-0181,2026-05-07,299,Success
PAY-003421,CUST-0181,2026-06-06,299,Success
PAY-003422,CUST-0182,2024-12-21,29,Success
PAY-003423,CUST-0182,2025-01-20,29,Success
PAY-003424,CUST-0182,2025-02-19,29,Success
PAY-003425,CUST-0182,2025-03-21,29,Success
PAY-003426,CUST-0182,2025-04-20,29,Success
PAY-003427,CUST-0183,2024-02-02,299,Success
PAY-003428,CUST-0183,2024-03-03,299,Success
PAY-003429,CUST-0183,2024-04-02,299,Success
PAY-003430,CUST-0183,2024-05-02,299,Success
PAY-003431,CUST-0183,2024-06-01,299,Success
PAY-003432,CUST-0183,2024-07-01,299,Success
PAY-003433,CUST-0184,2024-06-18,299,Failed
PAY-003434,CUST-0184,2024-07-18,299,Success
PAY-003435,CUST-0184,2024-08-17,299,Success
PAY-003436,CUST-0184,2024-09-16,299,Success
PAY-003437,CUST-0184,2024-10-16,299,Success
PAY-003438,CUST-0184,2024-11-15,299,Success
PAY-003439,CUST-0184,2024-12-15,299,Success
PAY-003440,CUST-0184,2025-01-14,299,Success
PAY-003441,CUST-0184,2025-02-13,299,Success
PAY-003442,CUST-0184,2025-03-15,299,Success
PAY-003443,CUST-0184,2025-04-14,299,Success
PAY-003444,CUST-0184,2025-05-14,299,Success
PAY-003445,CUST-0184,2025-06-13,299,Success
PAY-003446,CUST-0184,2025-07-13,299,Success
PAY-003447,CUST-0184,2025-08-12,299,Success
PAY-003448,CUST-0184,2025-09-11,299,Success
PAY-003449,CUST-0184,2025-10-11,299,Success
PAY-003450,CUST-0184,2025-11-10,299,Success
PAY-003451,CUST-0184,2025-12-10,299,Success
PAY-003452,CUST-0184,2026-01-09,299,Success
PAY-003453,CUST-0184,2026-02-08,299,Success
PAY-003454,CUST-0184,2026-03-10,299,Success
PAY-003455,CUST-0184,2026-04-09,299,Success
PAY-003456,CUST-0184,2026-05-09,299,Success
PAY-003457,CUST-0184,2026-06-08,299,Success
PAY-003458,CUST-0185,2024-02-01,29,Success
PAY-003459,CUST-0185,2024-03-02,29,Success
PAY-003460,CUST-0185,2024-04-01,29,Success
PAY-003461,CUST-0185,2024-05-01,29,Success
PAY-003462,CUST-0185,2024-05-31,29,Success
PAY-003463,CUST-0185,2024-06-30,29,Success
PAY-003464,CUST-0185,2024-07-30,29,Success
PAY-003465,CUST-0185,2024-08-29,29,Success
PAY-003466,CUST-0185,2024-09-28,29,Success
PAY-003467,CUST-0185,2024-10-28,29,Success
PAY-003468,CUST-0185,2024-11-27,29,Success
PAY-003469,CUST-0185,2024-12-27,29,Success
PAY-003470,CUST-0185,2025-01-26,29,Success
PAY-003471,CUST-0185,2025-02-25,29,Success
PAY-003472,CUST-0185,2025-03-27,29,Success
PAY-003473,CUST-0185,2025-04-26,29,Success
PAY-003474,CUST-0185,2025-05-26,29,Success
PAY-003475,CUST-0185,2025-06-25,29,Success
PAY-003476,CUST-0185,2025-07-25,29,Success
PAY-003477,CUST-0185,2025-08-24,29,Success
PAY-003478,CUST-0185,2025-09-23,29,Success
PAY-003479,CUST-0185,2025-10-23,29,Success
PAY-003480,CUST-0185,2025-11-22,29,Failed
PAY-003481,CUST-0185,2025-12-22,29,Success
PAY-003482,CUST-0185,2026-01-21,29,Success
PAY-003483,CUST-0185,2026-02-20,29,Success
PAY-003484,CUST-0185,2026-03-22,29,Success
PAY-003485,CUST-0185,2026-04-21,29,Success
PAY-003486,CUST-0185,2026-05-21,29,Success
PAY-003487,CUST-0185,2026-06-20,29,Success
PAY-003488,CUST-0186,2024-07-18,29,Success
PAY-003489,CUST-0186,2024-08-17,29,Success
PAY-003490,CUST-0186,2024-09-16,29,Success
PAY-003491,CUST-0186,2024-10-16,29,Success
PAY-003492,CUST-0186,2024-11-15,29,Success
PAY-003493,CUST-0186,2024-12-15,29,Success
PAY-003494,CUST-0186,2025-01-14,29,Success
PAY-003495,CUST-0186,2025-02-13,29,Success
PAY-003496,CUST-0186,2025-03-15,29,Success
PAY-003497,CUST-0186,2025-04-14,29,Success
PAY-003498,CUST-0186,2025-05-14,29,Success
PAY-003499,CUST-0186,2025-06-13,29,Success
PAY-003500,CUST-0186,2025-07-13,29,Success
PAY-003501,CUST-0186,2025-08-12,29,Success
PAY-003502,CUST-0186,2025-09-11,29,Success
PAY-003503,CUST-0186,2025-10-11,29,Success
PAY-003504,CUST-0186,2025-11-10,29,Success
PAY-003505,CUST-0186,2025-12-10,29,Success
PAY-003506,CUST-0186,2026-01-09,29,Success
PAY-003507,CUST-0186,2026-02-08,29,Success
PAY-003508,CUST-0186,2026-03-10,29,Success
PAY-003509,CUST-0186,2026-04-09,29,Success
PAY-003510,CUST-0186,2026-05-09,29,Success
PAY-003511,CUST-0186,2026-06-08,29,Success
PAY-003512,CUST-0187,2024-09-01,99,Success
PAY-003513,CUST-0187,2024-10-01,99,Success
PAY-003514,CUST-0187,2024-10-31,99,Success
PAY-003515,CUST-0187,2024-11-30,99,Success
PAY-003516,CUST-0187,2024-12-30,99,Success
PAY-003517,CUST-0187,2025-01-29,99,Success
PAY-003518,CUST-0187,2025-02-28,99,Success
PAY-003519,CUST-0187,2025-03-30,99,Success
PAY-003520,CUST-0187,2025-04-29,99,Success
PAY-003521,CUST-0187,2025-05-29,99,Success
PAY-003522,CUST-0187,2025-06-28,99,Success
PAY-003523,CUST-0187,2025-07-28,99,Success
PAY-003524,CUST-0187,2025-08-27,99,Success
PAY-003525,CUST-0187,2025-09-26,99,Success
PAY-003526,CUST-0187,2025-10-26,99,Failed
PAY-003527,CUST-0187,2025-11-25,99,Success
PAY-003528,CUST-0187,2025-12-25,99,Success
PAY-003529,CUST-0187,2026-01-24,99,Success
PAY-003530,CUST-0187,2026-02-23,99,Success
PAY-003531,CUST-0187,2026-03-25,99,Success
PAY-003532,CUST-0187,2026-04-24,99,Success
PAY-003533,CUST-0187,2026-05-24,99,Success
PAY-003534,CUST-0187,2026-06-23,99,Success
PAY-003535,CUST-0188,2024-06-01,29,Success
PAY-003536,CUST-0188,2024-07-01,29,Success
PAY-003537,CUST-0188,2024-07-31,29,Success
PAY-003538,CUST-0188,2024-08-30,29,Success
PAY-003539,CUST-0188,2024-09-29,29,Success
PAY-003540,CUST-0188,2024-10-29,29,Success
PAY-003541,CUST-0188,2024-11-28,29,Success
PAY-003542,CUST-0188,2024-12-28,29,Success
PAY-003543,CUST-0188,2025-01-27,29,Success
PAY-003544,CUST-0188,2025-02-26,29,Success
PAY-003545,CUST-0189,2024-10-02,29,Success
PAY-003546,CUST-0189,2024-11-01,29,Success
PAY-003547,CUST-0189,2024-12-01,29,Success
PAY-003548,CUST-0189,2024-12-31,29,Success
PAY-003549,CUST-0189,2025-01-30,29,Success
PAY-003550,CUST-0189,2025-03-01,29,Success
PAY-003551,CUST-0189,2025-03-31,29,Success
PAY-003552,CUST-0189,2025-04-30,29,Success
PAY-003553,CUST-0189,2025-05-30,29,Failed
PAY-003554,CUST-0189,2025-06-29,29,Failed
PAY-003555,CUST-0189,2025-07-29,29,Success
PAY-003556,CUST-0189,2025-08-28,29,Success
PAY-003557,CUST-0189,2025-09-27,29,Success
PAY-003558,CUST-0189,2025-10-27,29,Success
PAY-003559,CUST-0189,2025-11-26,29,Success
PAY-003560,CUST-0189,2025-12-26,29,Success
PAY-003561,CUST-0189,2026-01-25,29,Success
PAY-003562,CUST-0189,2026-02-24,29,Success
PAY-003563,CUST-0189,2026-03-26,29,Success
PAY-003564,CUST-0189,2026-04-25,29,Success
PAY-003565,CUST-0189,2026-05-25,29,Success
PAY-003566,CUST-0189,2026-06-24,29,Success
PAY-003567,CUST-0190,2024-04-22,29,Failed
PAY-003568,CUST-0190,2024-05-22,29,Success
PAY-003569,CUST-0190,2024-06-21,29,Success
PAY-003570,CUST-0190,2024-07-21,29,Success
PAY-003571,CUST-0190,2024-08-20,29,Success
PAY-003572,CUST-0190,2024-09-19,29,Success
PAY-003573,CUST-0190,2024-10-19,29,Success
PAY-003574,CUST-0190,2024-11-18,29,Success
PAY-003575,CUST-0190,2024-12-18,29,Success
PAY-003576,CUST-0190,2025-01-17,29,Success
PAY-003577,CUST-0190,2025-02-16,29,Success
PAY-003578,CUST-0190,2025-03-18,29,Success
PAY-003579,CUST-0190,2025-04-17,29,Success
PAY-003580,CUST-0190,2025-05-17,29,Success
PAY-003581,CUST-0190,2025-06-16,29,Success
PAY-003582,CUST-0190,2025-07-16,29,Success
PAY-003583,CUST-0190,2025-08-15,29,Success
PAY-003584,CUST-0190,2025-09-14,29,Success
PAY-003585,CUST-0190,2025-10-14,29,Success
PAY-003586,CUST-0190,2025-11-13,29,Success
PAY-003587,CUST-0190,2025-12-13,29,Success
PAY-003588,CUST-0190,2026-01-12,29,Failed
PAY-003589,CUST-0190,2026-02-11,29,Success
PAY-003590,CUST-0190,2026-03-13,29,Success
PAY-003591,CUST-0190,2026-04-12,29,Success
PAY-003592,CUST-0190,2026-05-12,29,Success
PAY-003593,CUST-0190,2026-06-11,29,Success
PAY-003594,CUST-0191,2024-09-05,99,Success
PAY-003595,CUST-0191,2024-10-05,99,Success
PAY-003596,CUST-0191,2024-11-04,99,Success
PAY-003597,CUST-0191,2024-12-04,99,Success
PAY-003598,CUST-0191,2025-01-03,99,Success
PAY-003599,CUST-0191,2025-02-02,99,Success
PAY-003600,CUST-0191,2025-03-04,99,Success
PAY-003601,CUST-0191,2025-04-03,99,Success
PAY-003602,CUST-0191,2025-05-03,99,Success
PAY-003603,CUST-0192,2024-06-21,29,Success
PAY-003604,CUST-0192,2024-07-21,29,Success
PAY-003605,CUST-0192,2024-08-20,29,Success
PAY-003606,CUST-0192,2024-09-19,29,Success
PAY-003607,CUST-0192,2024-10-19,29,Success
PAY-003608,CUST-0192,2024-11-18,29,Success
PAY-003609,CUST-0192,2024-12-18,29,Success
PAY-003610,CUST-0192,2025-01-17,29,Success
PAY-003611,CUST-0192,2025-02-16,29,Success
PAY-003612,CUST-0192,2025-03-18,29,Success
PAY-003613,CUST-0192,2025-04-17,29,Success
PAY-003614,CUST-0192,2025-05-17,29,Success
PAY-003615,CUST-0192,2025-06-16,29,Success
PAY-003616,CUST-0192,2025-07-16,29,Success
PAY-003617,CUST-0192,2025-08-15,29,Success
PAY-003618,CUST-0192,2025-09-14,29,Success
PAY-003619,CUST-0192,2025-10-14,29,Success
PAY-003620,CUST-0192,2025-11-13,29,Success
PAY-003621,CUST-0192,2025-12-13,29,Success
PAY-003622,CUST-0192,2026-01-12,29,Success
PAY-003623,CUST-0192,2026-02-11,29,Success
PAY-003624,CUST-0192,2026-03-13,29,Success
PAY-003625,CUST-0192,2026-04-12,29,Success
PAY-003626,CUST-0192,2026-05-12,29,Success
PAY-003627,CUST-0192,2026-06-11,29,Success
PAY-003628,CUST-0193,2025-03-06,29,Success
PAY-003629,CUST-0193,2025-04-05,29,Success
PAY-003630,CUST-0193,2025-05-05,29,Success
PAY-003631,CUST-0193,2025-06-04,29,Success
PAY-003632,CUST-0193,2025-07-04,29,Success
PAY-003633,CUST-0193,2025-08-03,29,Success
PAY-003634,CUST-0194,2024-11-14,29,Success
PAY-003635,CUST-0194,2024-12-14,29,Success
PAY-003636,CUST-0194,2025-01-13,29,Success
PAY-003637,CUST-0194,2025-02-12,29,Success
PAY-003638,CUST-0194,2025-03-14,29,Success
PAY-003639,CUST-0194,2025-04-13,29,Success
PAY-003640,CUST-0194,2025-05-13,29,Success
PAY-003641,CUST-0194,2025-06-12,29,Success
PAY-003642,CUST-0194,2025-07-12,29,Success
PAY-003643,CUST-0194,2025-08-11,29,Success
PAY-003644,CUST-0194,2025-09-10,29,Success
PAY-003645,CUST-0194,2025-10-10,29,Success
PAY-003646,CUST-0194,2025-11-09,29,Success
PAY-003647,CUST-0194,2025-12-09,29,Success
PAY-003648,CUST-0194,2026-01-08,29,Success
PAY-003649,CUST-0194,2026-02-07,29,Success
PAY-003650,CUST-0194,2026-03-09,29,Success
PAY-003651,CUST-0194,2026-04-08,29,Success
PAY-003652,CUST-0194,2026-05-08,29,Success
PAY-003653,CUST-0194,2026-06-07,29,Success
PAY-003654,CUST-0195,2024-10-30,29,Success
PAY-003655,CUST-0195,2024-11-29,29,Success
PAY-003656,CUST-0195,2024-12-29,29,Success
PAY-003657,CUST-0195,2025-01-28,29,Success
PAY-003658,CUST-0195,2025-02-27,29,Success
PAY-003659,CUST-0195,2025-03-29,29,Success
PAY-003660,CUST-0195,2025-04-28,29,Success
PAY-003661,CUST-0195,2025-05-28,29,Success
PAY-003662,CUST-0195,2025-06-27,29,Success
PAY-003663,CUST-0195,2025-07-27,29,Success
PAY-003664,CUST-0195,2025-08-26,29,Success
PAY-003665,CUST-0195,2025-09-25,29,Success
PAY-003666,CUST-0195,2025-10-25,29,Success
PAY-003667,CUST-0195,2025-11-24,29,Success
PAY-003668,CUST-0195,2025-12-24,29,Success
PAY-003669,CUST-0195,2026-01-23,29,Success
PAY-003670,CUST-0195,2026-02-22,29,Success
PAY-003671,CUST-0195,2026-03-24,29,Success
PAY-003672,CUST-0195,2026-04-23,29,Success
PAY-003673,CUST-0195,2026-05-23,29,Success
PAY-003674,CUST-0195,2026-06-22,29,Failed
PAY-003675,CUST-0196,2024-11-25,99,Success
PAY-003676,CUST-0196,2024-12-25,99,Success
PAY-003677,CUST-0196,2025-01-24,99,Success
PAY-003678,CUST-0196,2025-02-23,99,Success
PAY-003679,CUST-0196,2025-03-25,99,Success
PAY-003680,CUST-0196,2025-04-24,99,Success
PAY-003681,CUST-0196,2025-05-24,99,Success
PAY-003682,CUST-0196,2025-06-23,99,Success
PAY-003683,CUST-0196,2025-07-23,99,Success
PAY-003684,CUST-0196,2025-08-22,99,Success
PAY-003685,CUST-0196,2025-09-21,99,Success
PAY-003686,CUST-0196,2025-10-21,99,Failed
PAY-003687,CUST-0196,2025-11-20,99,Success
PAY-003688,CUST-0196,2025-12-20,99,Success
PAY-003689,CUST-0196,2026-01-19,99,Success
PAY-003690,CUST-0196,2026-02-18,99,Success
PAY-003691,CUST-0196,2026-03-20,99,Success
PAY-003692,CUST-0196,2026-04-19,99,Success
PAY-003693,CUST-0196,2026-05-19,99,Success
PAY-003694,CUST-0196,2026-06-18,99,Success
PAY-003695,CUST-0197,2025-03-19,29,Success
PAY-003696,CUST-0197,2025-04-18,29,Success
PAY-003697,CUST-0197,2025-05-18,29,Success
PAY-003698,CUST-0197,2025-06-17,29,Success
PAY-003699,CUST-0197,2025-07-17,29,Success
PAY-003700,CUST-0197,2025-08-16,29,Success
PAY-003701,CUST-0197,2025-09-15,29,Success
PAY-003702,CUST-0197,2025-10-15,29,Success
PAY-003703,CUST-0197,2025-11-14,29,Success
PAY-003704,CUST-0197,2025-12-14,29,Success
PAY-003705,CUST-0197,2026-01-13,29,Failed
PAY-003706,CUST-0197,2026-02-12,29,Success
PAY-003707,CUST-0198,2024-01-26,29,Success
PAY-003708,CUST-0198,2024-02-25,29,Success
PAY-003709,CUST-0198,2024-03-26,29,Success
PAY-003710,CUST-0198,2024-04-25,29,Success
PAY-003711,CUST-0198,2024-05-25,29,Success
PAY-003712,CUST-0198,2024-06-24,29,Success
PAY-003713,CUST-0198,2024-07-24,29,Success
PAY-003714,CUST-0198,2024-08-23,29,Success
PAY-003715,CUST-0198,2024-09-22,29,Success
PAY-003716,CUST-0198,2024-10-22,29,Success
PAY-003717,CUST-0198,2024-11-21,29,Success
PAY-003718,CUST-0198,2024-12-21,29,Success
PAY-003719,CUST-0198,2025-01-20,29,Success
PAY-003720,CUST-0198,2025-02-19,29,Success
PAY-003721,CUST-0198,2025-03-21,29,Success
PAY-003722,CUST-0198,2025-04-20,29,Success
PAY-003723,CUST-0198,2025-05-20,29,Success
PAY-003724,CUST-0198,2025-06-19,29,Success
PAY-003725,CUST-0198,2025-07-19,29,Success
PAY-003726,CUST-0198,2025-08-18,29,Success
PAY-003727,CUST-0198,2025-09-17,29,Success
PAY-003728,CUST-0198,2025-10-17,29,Success
PAY-003729,CUST-0198,2025-11-16,29,Success
PAY-003730,CUST-0198,2025-12-16,29,Success
PAY-003731,CUST-0198,2026-01-15,29,Success
PAY-003732,CUST-0198,2026-02-14,29,Success
PAY-003733,CUST-0198,2026-03-16,29,Success
PAY-003734,CUST-0198,2026-04-15,29,Success
PAY-003735,CUST-0198,2026-05-15,29,Success
PAY-003736,CUST-0198,2026-06-14,29,Success
PAY-003737,CUST-0199,2024-06-16,99,Success
PAY-003738,CUST-0199,2024-07-16,99,Success
PAY-003739,CUST-0199,2024-08-15,99,Success
PAY-003740,CUST-0199,2024-09-14,99,Success
PAY-003741,CUST-0199,2024-10-14,99,Success
PAY-003742,CUST-0199,2024-11-13,99,Success
PAY-003743,CUST-0199,2024-12-13,99,Success
PAY-003744,CUST-0199,2025-01-12,99,Success
PAY-003745,CUST-0199,2025-02-11,99,Success
PAY-003746,CUST-0200,2024-06-16,29,Success
PAY-003747,CUST-0200,2024-07-16,29,Success
PAY-003748,CUST-0201,2024-05-22,29,Success
PAY-003749,CUST-0201,2024-06-21,29,Success
PAY-003750,CUST-0201,2024-07-21,29,Success
PAY-003751,CUST-0201,2024-08-20,29,Success
PAY-003752,CUST-0201,2024-09-19,29,Success
PAY-003753,CUST-0201,2024-10-19,29,Failed
PAY-003754,CUST-0201,2024-11-18,29,Success
PAY-003755,CUST-0201,2024-12-18,29,Success
PAY-003756,CUST-0201,2025-01-17,29,Success
PAY-003757,CUST-0201,2025-02-16,29,Success
PAY-003758,CUST-0201,2025-03-18,29,Success
PAY-003759,CUST-0201,2025-04-17,29,Success
PAY-003760,CUST-0201,2025-05-17,29,Success
PAY-003761,CUST-0201,2025-06-16,29,Success
PAY-003762,CUST-0201,2025-07-16,29,Success
PAY-003763,CUST-0201,2025-08-15,29,Success
PAY-003764,CUST-0201,2025-09-14,29,Success
PAY-003765,CUST-0201,2025-10-14,29,Success
PAY-003766,CUST-0201,2025-11-13,29,Success
PAY-003767,CUST-0201,2025-12-13,29,Success
PAY-003768,CUST-0201,2026-01-12,29,Success
PAY-003769,CUST-0201,2026-02-11,29,Success
PAY-003770,CUST-0201,2026-03-13,29,Success
PAY-003771,CUST-0201,2026-04-12,29,Success
PAY-003772,CUST-0201,2026-05-12,29,Success
PAY-003773,CUST-0201,2026-06-11,29,Success
PAY-003774,CUST-0202,2025-03-03,29,Success
PAY-003775,CUST-0202,2025-04-02,29,Success
PAY-003776,CUST-0202,2025-05-02,29,Success
PAY-003777,CUST-0202,2025-06-01,29,Success
PAY-003778,CUST-0202,2025-07-01,29,Success
PAY-003779,CUST-0202,2025-07-31,29,Success
PAY-003780,CUST-0202,2025-08-30,29,Success
PAY-003781,CUST-0202,2025-09-29,29,Success
PAY-003782,CUST-0203,2024-01-10,99,Success
PAY-003783,CUST-0203,2024-02-09,99,Success
PAY-003784,CUST-0203,2024-03-10,99,Success
PAY-003785,CUST-0203,2024-04-09,99,Success
PAY-003786,CUST-0203,2024-05-09,99,Success
PAY-003787,CUST-0203,2024-06-08,99,Success
PAY-003788,CUST-0203,2024-07-08,99,Failed
PAY-003789,CUST-0203,2024-08-07,99,Success
PAY-003790,CUST-0203,2024-09-06,99,Failed
PAY-003791,CUST-0203,2024-10-06,99,Success
PAY-003792,CUST-0203,2024-11-05,99,Success
PAY-003793,CUST-0203,2024-12-05,99,Success
PAY-003794,CUST-0203,2025-01-04,99,Success
PAY-003795,CUST-0203,2025-02-03,99,Success
PAY-003796,CUST-0203,2025-03-05,99,Success
PAY-003797,CUST-0203,2025-04-04,99,Success
PAY-003798,CUST-0203,2025-05-04,99,Success
PAY-003799,CUST-0203,2025-06-03,99,Success
PAY-003800,CUST-0203,2025-07-03,99,Success
PAY-003801,CUST-0203,2025-08-02,99,Success
PAY-003802,CUST-0203,2025-09-01,99,Success
PAY-003803,CUST-0203,2025-10-01,99,Failed
PAY-003804,CUST-0203,2025-10-31,99,Success
PAY-003805,CUST-0203,2025-11-30,99,Success
PAY-003806,CUST-0203,2025-12-30,99,Success
PAY-003807,CUST-0203,2026-01-29,99,Success
PAY-003808,CUST-0203,2026-02-28,99,Success
PAY-003809,CUST-0203,2026-03-30,99,Success
PAY-003810,CUST-0203,2026-04-29,99,Success
PAY-003811,CUST-0203,2026-05-29,99,Success
PAY-003812,CUST-0203,2026-06-28,99,Success
PAY-003813,CUST-0204,2024-04-24,99,Success
PAY-003814,CUST-0204,2024-05-24,99,Success
PAY-003815,CUST-0205,2025-01-21,29,Success
PAY-003816,CUST-0205,2025-02-20,29,Success
PAY-003817,CUST-0205,2025-03-22,29,Success
PAY-003818,CUST-0205,2025-04-21,29,Success
PAY-003819,CUST-0205,2025-05-21,29,Success
PAY-003820,CUST-0205,2025-06-20,29,Success
PAY-003821,CUST-0205,2025-07-20,29,Success
PAY-003822,CUST-0205,2025-08-19,29,Success
PAY-003823,CUST-0205,2025-09-18,29,Success
PAY-003824,CUST-0205,2025-10-18,29,Success
PAY-003825,CUST-0205,2025-11-17,29,Success
PAY-003826,CUST-0205,2025-12-17,29,Success
PAY-003827,CUST-0205,2026-01-16,29,Success
PAY-003828,CUST-0205,2026-02-15,29,Failed
PAY-003829,CUST-0205,2026-03-17,29,Success
PAY-003830,CUST-0205,2026-04-16,29,Success
PAY-003831,CUST-0205,2026-05-16,29,Success
PAY-003832,CUST-0205,2026-06-15,29,Success
PAY-003833,CUST-0206,2024-04-12,299,Success
PAY-003834,CUST-0206,2024-05-12,299,Success
PAY-003835,CUST-0206,2024-06-11,299,Success
PAY-003836,CUST-0206,2024-07-11,299,Failed
PAY-003837,CUST-0206,2024-08-10,299,Success
PAY-003838,CUST-0206,2024-09-09,299,Success
PAY-003839,CUST-0206,2024-10-09,299,Success
PAY-003840,CUST-0206,2024-11-08,299,Success
PAY-003841,CUST-0206,2024-12-08,299,Success
PAY-003842,CUST-0206,2025-01-07,299,Success
PAY-003843,CUST-0206,2025-02-06,299,Success
PAY-003844,CUST-0207,2024-05-02,99,Success
PAY-003845,CUST-0207,2024-06-01,99,Success
PAY-003846,CUST-0207,2024-07-01,99,Success
PAY-003847,CUST-0207,2024-07-31,99,Success
PAY-003848,CUST-0207,2024-08-30,99,Success
PAY-003849,CUST-0207,2024-09-29,99,Success
PAY-003850,CUST-0207,2024-10-29,99,Success
PAY-003851,CUST-0207,2024-11-28,99,Success
PAY-003852,CUST-0207,2024-12-28,99,Success
PAY-003853,CUST-0207,2025-01-27,99,Success
PAY-003854,CUST-0207,2025-02-26,99,Success
PAY-003855,CUST-0207,2025-03-28,99,Success
PAY-003856,CUST-0207,2025-04-27,99,Success
PAY-003857,CUST-0207,2025-05-27,99,Success
PAY-003858,CUST-0207,2025-06-26,99,Success
PAY-003859,CUST-0207,2025-07-26,99,Success
PAY-003860,CUST-0207,2025-08-25,99,Success
PAY-003861,CUST-0207,2025-09-24,99,Success
PAY-003862,CUST-0207,2025-10-24,99,Success
PAY-003863,CUST-0207,2025-11-23,99,Success
PAY-003864,CUST-0207,2025-12-23,99,Success
PAY-003865,CUST-0207,2026-01-22,99,Success
PAY-003866,CUST-0207,2026-02-21,99,Success
PAY-003867,CUST-0207,2026-03-23,99,Success
PAY-003868,CUST-0207,2026-04-22,99,Failed
PAY-003869,CUST-0207,2026-05-22,99,Success
PAY-003870,CUST-0207,2026-06-21,99,Success
PAY-003871,CUST-0208,2024-12-08,29,Success
PAY-003872,CUST-0208,2025-01-07,29,Success
PAY-003873,CUST-0208,2025-02-06,29,Success
PAY-003874,CUST-0208,2025-03-08,29,Success
PAY-003875,CUST-0208,2025-04-07,29,Success
PAY-003876,CUST-0208,2025-05-07,29,Success
PAY-003877,CUST-0208,2025-06-06,29,Success
PAY-003878,CUST-0208,2025-07-06,29,Success
PAY-003879,CUST-0208,2025-08-05,29,Success
PAY-003880,CUST-0208,2025-09-04,29,Success
PAY-003881,CUST-0208,2025-10-04,29,Success
PAY-003882,CUST-0208,2025-11-03,29,Success
PAY-003883,CUST-0208,2025-12-03,29,Success
PAY-003884,CUST-0208,2026-01-02,29,Success
PAY-003885,CUST-0208,2026-02-01,29,Success
PAY-003886,CUST-0208,2026-03-03,29,Success
PAY-003887,CUST-0208,2026-04-02,29,Success
PAY-003888,CUST-0208,2026-05-02,29,Success
PAY-003889,CUST-0208,2026-06-01,29,Success
PAY-003890,CUST-0209,2024-08-26,29,Success
PAY-003891,CUST-0209,2024-09-25,29,Success
PAY-003892,CUST-0209,2024-10-25,29,Success
PAY-003893,CUST-0209,2024-11-24,29,Success
PAY-003894,CUST-0209,2024-12-24,29,Success
PAY-003895,CUST-0209,2025-01-23,29,Success
PAY-003896,CUST-0209,2025-02-22,29,Success
PAY-003897,CUST-0209,2025-03-24,29,Success
PAY-003898,CUST-0209,2025-04-23,29,Success
PAY-003899,CUST-0209,2025-05-23,29,Success
PAY-003900,CUST-0209,2025-06-22,29,Success
PAY-003901,CUST-0209,2025-07-22,29,Success
PAY-003902,CUST-0209,2025-08-21,29,Success
PAY-003903,CUST-0209,2025-09-20,29,Success
PAY-003904,CUST-0209,2025-10-20,29,Success
PAY-003905,CUST-0209,2025-11-19,29,Success
PAY-003906,CUST-0209,2025-12-19,29,Success
PAY-003907,CUST-0209,2026-01-18,29,Success
PAY-003908,CUST-0209,2026-02-17,29,Success
PAY-003909,CUST-0209,2026-03-19,29,Success
PAY-003910,CUST-0209,2026-04-18,29,Success
PAY-003911,CUST-0209,2026-05-18,29,Success
PAY-003912,CUST-0209,2026-06-17,29,Success
PAY-003913,CUST-0210,2024-03-26,29,Success
PAY-003914,CUST-0210,2024-04-25,29,Success
PAY-003915,CUST-0210,2024-05-25,29,Success
PAY-003916,CUST-0210,2024-06-24,29,Success
PAY-003917,CUST-0210,2024-07-24,29,Success
PAY-003918,CUST-0210,2024-08-23,29,Success
PAY-003919,CUST-0210,2024-09-22,29,Success
PAY-003920,CUST-0210,2024-10-22,29,Success
PAY-003921,CUST-0210,2024-11-21,29,Success
PAY-003922,CUST-0210,2024-12-21,29,Success
PAY-003923,CUST-0210,2025-01-20,29,Success
PAY-003924,CUST-0210,2025-02-19,29,Success
PAY-003925,CUST-0210,2025-03-21,29,Success
PAY-003926,CUST-0210,2025-04-20,29,Success
PAY-003927,CUST-0210,2025-05-20,29,Success
PAY-003928,CUST-0210,2025-06-19,29,Success
PAY-003929,CUST-0210,2025-07-19,29,Success
PAY-003930,CUST-0210,2025-08-18,29,Success
PAY-003931,CUST-0210,2025-09-17,29,Success
PAY-003932,CUST-0210,2025-10-17,29,Success
PAY-003933,CUST-0210,2025-11-16,29,Failed
PAY-003934,CUST-0210,2025-12-16,29,Success
PAY-003935,CUST-0210,2026-01-15,29,Failed
PAY-003936,CUST-0210,2026-02-14,29,Success
PAY-003937,CUST-0210,2026-03-16,29,Success
PAY-003938,CUST-0210,2026-04-15,29,Success
PAY-003939,CUST-0210,2026-05-15,29,Success
PAY-003940,CUST-0210,2026-06-14,29,Success
PAY-003941,CUST-0211,2025-05-08,29,Success
PAY-003942,CUST-0211,2025-06-07,29,Success
PAY-003943,CUST-0212,2024-10-23,299,Success
PAY-003944,CUST-0212,2024-11-22,299,Success
PAY-003945,CUST-0212,2024-12-22,299,Success
PAY-003946,CUST-0212,2025-01-21,299,Success
PAY-003947,CUST-0212,2025-02-20,299,Success
PAY-003948,CUST-0212,2025-03-22,299,Success
PAY-003949,CUST-0212,2025-04-21,299,Success
PAY-003950,CUST-0212,2025-05-21,299,Success
PAY-003951,CUST-0212,2025-06-20,299,Success
PAY-003952,CUST-0212,2025-07-20,299,Success
PAY-003953,CUST-0212,2025-08-19,299,Success
PAY-003954,CUST-0212,2025-09-18,299,Success
PAY-003955,CUST-0213,2024-10-21,299,Success
PAY-003956,CUST-0213,2024-11-20,299,Success
PAY-003957,CUST-0213,2024-12-20,299,Success
PAY-003958,CUST-0213,2025-01-19,299,Success
PAY-003959,CUST-0213,2025-02-18,299,Success
PAY-003960,CUST-0213,2025-03-20,299,Success
PAY-003961,CUST-0213,2025-04-19,299,Success
PAY-003962,CUST-0213,2025-05-19,299,Success
PAY-003963,CUST-0213,2025-06-18,299,Success
PAY-003964,CUST-0213,2025-07-18,299,Success
PAY-003965,CUST-0213,2025-08-17,299,Success
PAY-003966,CUST-0213,2025-09-16,299,Success
PAY-003967,CUST-0213,2025-10-16,299,Success
PAY-003968,CUST-0213,2025-11-15,299,Success
PAY-003969,CUST-0213,2025-12-15,299,Success
PAY-003970,CUST-0213,2026-01-14,299,Success
PAY-003971,CUST-0213,2026-02-13,299,Success
PAY-003972,CUST-0213,2026-03-15,299,Success
PAY-003973,CUST-0213,2026-04-14,299,Success
PAY-003974,CUST-0213,2026-05-14,299,Success
PAY-003975,CUST-0213,2026-06-13,299,Success
PAY-003976,CUST-0214,2025-04-27,29,Success
PAY-003977,CUST-0214,2025-05-27,29,Failed
PAY-003978,CUST-0214,2025-06-26,29,Success
PAY-003979,CUST-0214,2025-07-26,29,Success
PAY-003980,CUST-0214,2025-08-25,29,Success
PAY-003981,CUST-0214,2025-09-24,29,Success
PAY-003982,CUST-0214,2025-10-24,29,Success
PAY-003983,CUST-0214,2025-11-23,29,Success
PAY-003984,CUST-0214,2025-12-23,29,Success
PAY-003985,CUST-0214,2026-01-22,29,Success
PAY-003986,CUST-0214,2026-02-21,29,Success
PAY-003987,CUST-0214,2026-03-23,29,Success
PAY-003988,CUST-0214,2026-04-22,29,Success
PAY-003989,CUST-0214,2026-05-22,29,Success
PAY-003990,CUST-0214,2026-06-21,29,Success
PAY-003991,CUST-0215,2024-10-30,299,Success
PAY-003992,CUST-0215,2024-11-29,299,Failed
PAY-003993,CUST-0215,2024-12-29,299,Success
PAY-003994,CUST-0215,2025-01-28,299,Success
PAY-003995,CUST-0215,2025-02-27,299,Success
PAY-003996,CUST-0215,2025-03-29,299,Success
PAY-003997,CUST-0215,2025-04-28,299,Success
PAY-003998,CUST-0215,2025-05-28,299,Success
PAY-003999,CUST-0215,2025-06-27,299,Success
PAY-004000,CUST-0215,2025-07-27,299,Success
PAY-004001,CUST-0215,2025-08-26,299,Success
PAY-004002,CUST-0215,2025-09-25,299,Success
PAY-004003,CUST-0215,2025-10-25,299,Success
PAY-004004,CUST-0215,2025-11-24,299,Success
PAY-004005,CUST-0215,2025-12-24,299,Success
PAY-004006,CUST-0215,2026-01-23,299,Success
PAY-004007,CUST-0215,2026-02-22,299,Success
PAY-004008,CUST-0215,2026-03-24,299,Success
PAY-004009,CUST-0215,2026-04-23,299,Success
PAY-004010,CUST-0215,2026-05-23,299,Success
PAY-004011,CUST-0215,2026-06-22,299,Success
PAY-004012,CUST-0216,2024-12-22,99,Success
PAY-004013,CUST-0216,2025-01-21,99,Success
PAY-004014,CUST-0216,2025-02-20,99,Success
PAY-004015,CUST-0216,2025-03-22,99,Success
PAY-004016,CUST-0216,2025-04-21,99,Success
PAY-004017,CUST-0216,2025-05-21,99,Success
PAY-004018,CUST-0216,2025-06-20,99,Success
PAY-004019,CUST-0216,2025-07-20,99,Success
PAY-004020,CUST-0216,2025-08-19,99,Success
PAY-004021,CUST-0216,2025-09-18,99,Success
PAY-004022,CUST-0216,2025-10-18,99,Success
PAY-004023,CUST-0216,2025-11-17,99,Success
PAY-004024,CUST-0216,2025-12-17,99,Success
PAY-004025,CUST-0216,2026-01-16,99,Success
PAY-004026,CUST-0216,2026-02-15,99,Success
PAY-004027,CUST-0216,2026-03-17,99,Success
PAY-004028,CUST-0216,2026-04-16,99,Success
PAY-004029,CUST-0216,2026-05-16,99,Success
PAY-004030,CUST-0216,2026-06-15,99,Success
PAY-004031,CUST-0217,2025-02-11,29,Success
PAY-004032,CUST-0217,2025-03-13,29,Success
PAY-004033,CUST-0217,2025-04-12,29,Success
PAY-004034,CUST-0217,2025-05-12,29,Success
PAY-004035,CUST-0217,2025-06-11,29,Success
PAY-004036,CUST-0217,2025-07-11,29,Success
PAY-004037,CUST-0217,2025-08-10,29,Success
PAY-004038,CUST-0217,2025-09-09,29,Success
PAY-004039,CUST-0217,2025-10-09,29,Success
PAY-004040,CUST-0217,2025-11-08,29,Success
PAY-004041,CUST-0218,2024-09-29,29,Success
PAY-004042,CUST-0218,2024-10-29,29,Success
PAY-004043,CUST-0218,2024-11-28,29,Success
PAY-004044,CUST-0218,2024-12-28,29,Success
PAY-004045,CUST-0218,2025-01-27,29,Success
PAY-004046,CUST-0218,2025-02-26,29,Success
PAY-004047,CUST-0218,2025-03-28,29,Success
PAY-004048,CUST-0218,2025-04-27,29,Success
PAY-004049,CUST-0218,2025-05-27,29,Success
PAY-004050,CUST-0218,2025-06-26,29,Success
PAY-004051,CUST-0218,2025-07-26,29,Success
PAY-004052,CUST-0218,2025-08-25,29,Success
PAY-004053,CUST-0218,2025-09-24,29,Success
PAY-004054,CUST-0218,2025-10-24,29,Success
PAY-004055,CUST-0218,2025-11-23,29,Success
PAY-004056,CUST-0218,2025-12-23,29,Success
PAY-004057,CUST-0218,2026-01-22,29,Success
PAY-004058,CUST-0218,2026-02-21,29,Success
PAY-004059,CUST-0218,2026-03-23,29,Success
PAY-004060,CUST-0218,2026-04-22,29,Success
PAY-004061,CUST-0218,2026-05-22,29,Success
PAY-004062,CUST-0218,2026-06-21,29,Success
PAY-004063,CUST-0219,2024-02-05,29,Success
PAY-004064,CUST-0219,2024-03-06,29,Success
PAY-004065,CUST-0219,2024-04-05,29,Success
PAY-004066,CUST-0219,2024-05-05,29,Success
PAY-004067,CUST-0219,2024-06-04,29,Success
PAY-004068,CUST-0219,2024-07-04,29,Success
PAY-004069,CUST-0219,2024-08-03,29,Success
PAY-004070,CUST-0219,2024-09-02,29,Success
PAY-004071,CUST-0219,2024-10-02,29,Success
PAY-004072,CUST-0219,2024-11-01,29,Success
PAY-004073,CUST-0219,2024-12-01,29,Success
PAY-004074,CUST-0219,2024-12-31,29,Success
PAY-004075,CUST-0219,2025-01-30,29,Success
PAY-004076,CUST-0219,2025-03-01,29,Success
PAY-004077,CUST-0219,2025-03-31,29,Success
PAY-004078,CUST-0219,2025-04-30,29,Success
PAY-004079,CUST-0219,2025-05-30,29,Success
PAY-004080,CUST-0219,2025-06-29,29,Success
PAY-004081,CUST-0219,2025-07-29,29,Success
PAY-004082,CUST-0219,2025-08-28,29,Success
PAY-004083,CUST-0219,2025-09-27,29,Success
PAY-004084,CUST-0219,2025-10-27,29,Success
PAY-004085,CUST-0219,2025-11-26,29,Success
PAY-004086,CUST-0219,2025-12-26,29,Success
PAY-004087,CUST-0219,2026-01-25,29,Success
PAY-004088,CUST-0219,2026-02-24,29,Success
PAY-004089,CUST-0219,2026-03-26,29,Success
PAY-004090,CUST-0219,2026-04-25,29,Success
PAY-004091,CUST-0219,2026-05-25,29,Success
PAY-004092,CUST-0219,2026-06-24,29,Success
PAY-004093,CUST-0220,2025-03-10,99,Success
PAY-004094,CUST-0220,2025-04-09,99,Success
PAY-004095,CUST-0220,2025-05-09,99,Success
PAY-004096,CUST-0220,2025-06-08,99,Success
PAY-004097,CUST-0220,2025-07-08,99,Success
PAY-004098,CUST-0220,2025-08-07,99,Success
PAY-004099,CUST-0220,2025-09-06,99,Failed
PAY-004100,CUST-0220,2025-10-06,99,Success
PAY-004101,CUST-0220,2025-11-05,99,Success
PAY-004102,CUST-0220,2025-12-05,99,Success
PAY-004103,CUST-0220,2026-01-04,99,Success
PAY-004104,CUST-0221,2024-02-24,29,Success
PAY-004105,CUST-0221,2024-03-25,29,Success
PAY-004106,CUST-0221,2024-04-24,29,Success
PAY-004107,CUST-0221,2024-05-24,29,Success
PAY-004108,CUST-0221,2024-06-23,29,Success
PAY-004109,CUST-0221,2024-07-23,29,Success
PAY-004110,CUST-0221,2024-08-22,29,Success
PAY-004111,CUST-0221,2024-09-21,29,Success
PAY-004112,CUST-0221,2024-10-21,29,Success
PAY-004113,CUST-0221,2024-11-20,29,Success
PAY-004114,CUST-0221,2024-12-20,29,Failed
PAY-004115,CUST-0221,2025-01-19,29,Success
PAY-004116,CUST-0221,2025-02-18,29,Success
PAY-004117,CUST-0221,2025-03-20,29,Success
PAY-004118,CUST-0221,2025-04-19,29,Success
PAY-004119,CUST-0221,2025-05-19,29,Success
PAY-004120,CUST-0221,2025-06-18,29,Success
PAY-004121,CUST-0221,2025-07-18,29,Success
PAY-004122,CUST-0221,2025-08-17,29,Success
PAY-004123,CUST-0221,2025-09-16,29,Success
PAY-004124,CUST-0221,2025-10-16,29,Success
PAY-004125,CUST-0221,2025-11-15,29,Success
PAY-004126,CUST-0221,2025-12-15,29,Success
PAY-004127,CUST-0221,2026-01-14,29,Success
PAY-004128,CUST-0221,2026-02-13,29,Success
PAY-004129,CUST-0221,2026-03-15,29,Success
PAY-004130,CUST-0221,2026-04-14,29,Success
PAY-004131,CUST-0221,2026-05-14,29,Success
PAY-004132,CUST-0221,2026-06-13,29,Success
PAY-004133,CUST-0222,2024-11-21,299,Success
PAY-004134,CUST-0222,2024-12-21,299,Success
PAY-004135,CUST-0222,2025-01-20,299,Success
PAY-004136,CUST-0222,2025-02-19,299,Success
PAY-004137,CUST-0222,2025-03-21,299,Success
PAY-004138,CUST-0222,2025-04-20,299,Success
PAY-004139,CUST-0222,2025-05-20,299,Success
PAY-004140,CUST-0222,2025-06-19,299,Success
PAY-004141,CUST-0222,2025-07-19,299,Success
PAY-004142,CUST-0222,2025-08-18,299,Success
PAY-004143,CUST-0222,2025-09-17,299,Success
PAY-004144,CUST-0222,2025-10-17,299,Success
PAY-004145,CUST-0222,2025-11-16,299,Success
PAY-004146,CUST-0222,2025-12-16,299,Failed
PAY-004147,CUST-0222,2026-01-15,299,Success
PAY-004148,CUST-0222,2026-02-14,299,Success
PAY-004149,CUST-0222,2026-03-16,299,Failed
PAY-004150,CUST-0222,2026-04-15,299,Success
PAY-004151,CUST-0222,2026-05-15,299,Success
PAY-004152,CUST-0222,2026-06-14,299,Success
PAY-004153,CUST-0223,2024-08-10,99,Success
PAY-004154,CUST-0223,2024-09-09,99,Success
PAY-004155,CUST-0223,2024-10-09,99,Success
PAY-004156,CUST-0223,2024-11-08,99,Success
PAY-004157,CUST-0223,2024-12-08,99,Success
PAY-004158,CUST-0223,2025-01-07,99,Success
PAY-004159,CUST-0223,2025-02-06,99,Success
PAY-004160,CUST-0223,2025-03-08,99,Success
PAY-004161,CUST-0223,2025-04-07,99,Success
PAY-004162,CUST-0223,2025-05-07,99,Success
PAY-004163,CUST-0223,2025-06-06,99,Success
PAY-004164,CUST-0223,2025-07-06,99,Success
PAY-004165,CUST-0223,2025-08-05,99,Success
PAY-004166,CUST-0223,2025-09-04,99,Success
PAY-004167,CUST-0223,2025-10-04,99,Success
PAY-004168,CUST-0223,2025-11-03,99,Success
PAY-004169,CUST-0223,2025-12-03,99,Success
PAY-004170,CUST-0223,2026-01-02,99,Success
PAY-004171,CUST-0223,2026-02-01,99,Success
PAY-004172,CUST-0223,2026-03-03,99,Success
PAY-004173,CUST-0223,2026-04-02,99,Success
PAY-004174,CUST-0223,2026-05-02,99,Success
PAY-004175,CUST-0223,2026-06-01,99,Success
PAY-004176,CUST-0224,2024-11-11,99,Success
PAY-004177,CUST-0224,2024-12-11,99,Success
PAY-004178,CUST-0224,2025-01-10,99,Success
PAY-004179,CUST-0224,2025-02-09,99,Success
PAY-004180,CUST-0224,2025-03-11,99,Success
PAY-004181,CUST-0224,2025-04-10,99,Success
PAY-004182,CUST-0224,2025-05-10,99,Success
PAY-004183,CUST-0224,2025-06-09,99,Success
PAY-004184,CUST-0224,2025-07-09,99,Success
PAY-004185,CUST-0224,2025-08-08,99,Success
PAY-004186,CUST-0224,2025-09-07,99,Success
PAY-004187,CUST-0224,2025-10-07,99,Success
PAY-004188,CUST-0224,2025-11-06,99,Success
PAY-004189,CUST-0224,2025-12-06,99,Success
PAY-004190,CUST-0224,2026-01-05,99,Success
PAY-004191,CUST-0224,2026-02-04,99,Success
PAY-004192,CUST-0224,2026-03-06,99,Success
PAY-004193,CUST-0224,2026-04-05,99,Success
PAY-004194,CUST-0224,2026-05-05,99,Success
PAY-004195,CUST-0224,2026-06-04,99,Success
PAY-004196,CUST-0225,2024-08-11,99,Success
PAY-004197,CUST-0225,2024-09-10,99,Success
PAY-004198,CUST-0225,2024-10-10,99,Success
PAY-004199,CUST-0225,2024-11-09,99,Success
PAY-004200,CUST-0225,2024-12-09,99,Success
PAY-004201,CUST-0225,2025-01-08,99,Success
PAY-004202,CUST-0225,2025-02-07,99,Success
PAY-004203,CUST-0225,2025-03-09,99,Success
PAY-004204,CUST-0225,2025-04-08,99,Success
PAY-004205,CUST-0225,2025-05-08,99,Failed
PAY-004206,CUST-0225,2025-06-07,99,Failed
PAY-004207,CUST-0225,2025-07-07,99,Success
PAY-004208,CUST-0225,2025-08-06,99,Success
PAY-004209,CUST-0225,2025-09-05,99,Success
PAY-004210,CUST-0225,2025-10-05,99,Success
PAY-004211,CUST-0225,2025-11-04,99,Success
PAY-004212,CUST-0225,2025-12-04,99,Success
PAY-004213,CUST-0225,2026-01-03,99,Success
PAY-004214,CUST-0225,2026-02-02,99,Success
PAY-004215,CUST-0225,2026-03-04,99,Success
PAY-004216,CUST-0225,2026-04-03,99,Success
PAY-004217,CUST-0225,2026-05-03,99,Success
PAY-004218,CUST-0225,2026-06-02,99,Success
PAY-004219,CUST-0226,2025-03-12,29,Success
PAY-004220,CUST-0226,2025-04-11,29,Success
PAY-004221,CUST-0226,2025-05-11,29,Success
PAY-004222,CUST-0226,2025-06-10,29,Success
PAY-004223,CUST-0226,2025-07-10,29,Success
PAY-004224,CUST-0226,2025-08-09,29,Success
PAY-004225,CUST-0226,2025-09-08,29,Success
PAY-004226,CUST-0226,2025-10-08,29,Success
PAY-004227,CUST-0226,2025-11-07,29,Success
PAY-004228,CUST-0226,2025-12-07,29,Failed
PAY-004229,CUST-0226,2026-01-06,29,Success
PAY-004230,CUST-0226,2026-02-05,29,Success
PAY-004231,CUST-0226,2026-03-07,29,Success
PAY-004232,CUST-0226,2026-04-06,29,Success
PAY-004233,CUST-0226,2026-05-06,29,Success
PAY-004234,CUST-0226,2026-06-05,29,Success
PAY-004235,CUST-0227,2024-05-22,99,Success
PAY-004236,CUST-0227,2024-06-21,99,Success
PAY-004237,CUST-0227,2024-07-21,99,Success
PAY-004238,CUST-0227,2024-08-20,99,Success
PAY-004239,CUST-0227,2024-09-19,99,Success
PAY-004240,CUST-0227,2024-10-19,99,Success
PAY-004241,CUST-0227,2024-11-18,99,Success
PAY-004242,CUST-0227,2024-12-18,99,Failed
PAY-004243,CUST-0227,2025-01-17,99,Success
PAY-004244,CUST-0227,2025-02-16,99,Success
PAY-004245,CUST-0227,2025-03-18,99,Success
PAY-004246,CUST-0227,2025-04-17,99,Success
PAY-004247,CUST-0227,2025-05-17,99,Success
PAY-004248,CUST-0227,2025-06-16,99,Success
PAY-004249,CUST-0227,2025-07-16,99,Success
PAY-004250,CUST-0227,2025-08-15,99,Success
PAY-004251,CUST-0227,2025-09-14,99,Success
PAY-004252,CUST-0227,2025-10-14,99,Success
PAY-004253,CUST-0227,2025-11-13,99,Success
PAY-004254,CUST-0227,2025-12-13,99,Success
PAY-004255,CUST-0227,2026-01-12,99,Success
PAY-004256,CUST-0227,2026-02-11,99,Success
PAY-004257,CUST-0227,2026-03-13,99,Success
PAY-004258,CUST-0227,2026-04-12,99,Success
PAY-004259,CUST-0227,2026-05-12,99,Success
PAY-004260,CUST-0227,2026-06-11,99,Success
PAY-004261,CUST-0228,2025-01-19,29,Failed
PAY-004262,CUST-0228,2025-02-18,29,Success
PAY-004263,CUST-0228,2025-03-20,29,Success
PAY-004264,CUST-0228,2025-04-19,29,Success
PAY-004265,CUST-0228,2025-05-19,29,Success
PAY-004266,CUST-0228,2025-06-18,29,Success
PAY-004267,CUST-0228,2025-07-18,29,Failed
PAY-004268,CUST-0228,2025-08-17,29,Success
PAY-004269,CUST-0228,2025-09-16,29,Success
PAY-004270,CUST-0228,2025-10-16,29,Success
PAY-004271,CUST-0228,2025-11-15,29,Success
PAY-004272,CUST-0228,2025-12-15,29,Success
PAY-004273,CUST-0228,2026-01-14,29,Success
PAY-004274,CUST-0228,2026-02-13,29,Success
PAY-004275,CUST-0228,2026-03-15,29,Success
PAY-004276,CUST-0228,2026-04-14,29,Success
PAY-004277,CUST-0228,2026-05-14,29,Success
PAY-004278,CUST-0228,2026-06-13,29,Success
PAY-004279,CUST-0229,2024-06-21,29,Success
PAY-004280,CUST-0229,2024-07-21,29,Success
PAY-004281,CUST-0229,2024-08-20,29,Success
PAY-004282,CUST-0229,2024-09-19,29,Success
PAY-004283,CUST-0229,2024-10-19,29,Success
PAY-004284,CUST-0229,2024-11-18,29,Success
PAY-004285,CUST-0229,2024-12-18,29,Success
PAY-004286,CUST-0229,2025-01-17,29,Success
PAY-004287,CUST-0229,2025-02-16,29,Success
PAY-004288,CUST-0229,2025-03-18,29,Success
PAY-004289,CUST-0229,2025-04-17,29,Success
PAY-004290,CUST-0229,2025-05-17,29,Success
PAY-004291,CUST-0229,2025-06-16,29,Success
PAY-004292,CUST-0229,2025-07-16,29,Success
PAY-004293,CUST-0229,2025-08-15,29,Success
PAY-004294,CUST-0229,2025-09-14,29,Success
PAY-004295,CUST-0229,2025-10-14,29,Success
PAY-004296,CUST-0229,2025-11-13,29,Failed
PAY-004297,CUST-0229,2025-12-13,29,Success
PAY-004298,CUST-0229,2026-01-12,29,Failed
PAY-004299,CUST-0229,2026-02-11,29,Success
PAY-004300,CUST-0229,2026-03-13,29,Success
PAY-004301,CUST-0229,2026-04-12,29,Success
PAY-004302,CUST-0229,2026-05-12,29,Success
PAY-004303,CUST-0229,2026-06-11,29,Success
PAY-004304,CUST-0230,2025-03-11,299,Success
PAY-004305,CUST-0230,2025-04-10,299,Success
PAY-004306,CUST-0230,2025-05-10,299,Success
PAY-004307,CUST-0230,2025-06-09,299,Success
PAY-004308,CUST-0230,2025-07-09,299,Success
PAY-004309,CUST-0230,2025-08-08,299,Success
PAY-004310,CUST-0230,2025-09-07,299,Success
PAY-004311,CUST-0230,2025-10-07,299,Success
PAY-004312,CUST-0230,2025-11-06,299,Success
PAY-004313,CUST-0230,2025-12-06,299,Success
PAY-004314,CUST-0230,2026-01-05,299,Success
PAY-004315,CUST-0230,2026-02-04,299,Success
PAY-004316,CUST-0230,2026-03-06,299,Success
PAY-004317,CUST-0230,2026-04-05,299,Success
PAY-004318,CUST-0230,2026-05-05,299,Success
PAY-004319,CUST-0230,2026-06-04,299,Success
PAY-004320,CUST-0231,2024-09-06,99,Success
PAY-004321,CUST-0231,2024-10-06,99,Success
PAY-004322,CUST-0231,2024-11-05,99,Success
PAY-004323,CUST-0231,2024-12-05,99,Success
PAY-004324,CUST-0231,2025-01-04,99,Success
PAY-004325,CUST-0231,2025-02-03,99,Success
PAY-004326,CUST-0231,2025-03-05,99,Success
PAY-004327,CUST-0231,2025-04-04,99,Success
PAY-004328,CUST-0231,2025-05-04,99,Success
PAY-004329,CUST-0231,2025-06-03,99,Success
PAY-004330,CUST-0231,2025-07-03,99,Success
PAY-004331,CUST-0232,2025-02-12,29,Success
PAY-004332,CUST-0232,2025-03-14,29,Success
PAY-004333,CUST-0232,2025-04-13,29,Success
PAY-004334,CUST-0232,2025-05-13,29,Success
PAY-004335,CUST-0232,2025-06-12,29,Success
PAY-004336,CUST-0232,2025-07-12,29,Success
PAY-004337,CUST-0232,2025-08-11,29,Success
PAY-004338,CUST-0232,2025-09-10,29,Success
PAY-004339,CUST-0232,2025-10-10,29,Success
PAY-004340,CUST-0232,2025-11-09,29,Success
PAY-004341,CUST-0232,2025-12-09,29,Success
PAY-004342,CUST-0232,2026-01-08,29,Success
PAY-004343,CUST-0232,2026-02-07,29,Success
PAY-004344,CUST-0232,2026-03-09,29,Success
PAY-004345,CUST-0232,2026-04-08,29,Success
PAY-004346,CUST-0232,2026-05-08,29,Success
PAY-004347,CUST-0232,2026-06-07,29,Success
PAY-004348,CUST-0233,2024-05-23,29,Success
PAY-004349,CUST-0233,2024-06-22,29,Success
PAY-004350,CUST-0233,2024-07-22,29,Success
PAY-004351,CUST-0233,2024-08-21,29,Success
PAY-004352,CUST-0233,2024-09-20,29,Success
PAY-004353,CUST-0233,2024-10-20,29,Success
PAY-004354,CUST-0233,2024-11-19,29,Success
PAY-004355,CUST-0233,2024-12-19,29,Success
PAY-004356,CUST-0233,2025-01-18,29,Success
PAY-004357,CUST-0233,2025-02-17,29,Success
PAY-004358,CUST-0233,2025-03-19,29,Success
PAY-004359,CUST-0233,2025-04-18,29,Success
PAY-004360,CUST-0233,2025-05-18,29,Success
PAY-004361,CUST-0233,2025-06-17,29,Success
PAY-004362,CUST-0233,2025-07-17,29,Success
PAY-004363,CUST-0233,2025-08-16,29,Failed
PAY-004364,CUST-0233,2025-09-15,29,Success
PAY-004365,CUST-0233,2025-10-15,29,Success
PAY-004366,CUST-0233,2025-11-14,29,Success
PAY-004367,CUST-0233,2025-12-14,29,Success
PAY-004368,CUST-0233,2026-01-13,29,Success
PAY-004369,CUST-0233,2026-02-12,29,Success
PAY-004370,CUST-0233,2026-03-14,29,Success
PAY-004371,CUST-0233,2026-04-13,29,Success
PAY-004372,CUST-0233,2026-05-13,29,Success
PAY-004373,CUST-0233,2026-06-12,29,Success
PAY-004374,CUST-0234,2024-09-21,99,Success
PAY-004375,CUST-0234,2024-10-21,99,Success
PAY-004376,CUST-0234,2024-11-20,99,Success
PAY-004377,CUST-0234,2024-12-20,99,Success
PAY-004378,CUST-0234,2025-01-19,99,Success
PAY-004379,CUST-0234,2025-02-18,99,Success
PAY-004380,CUST-0234,2025-03-20,99,Success
PAY-004381,CUST-0234,2025-04-19,99,Success
PAY-004382,CUST-0234,2025-05-19,99,Success
PAY-004383,CUST-0234,2025-06-18,99,Success
PAY-004384,CUST-0234,2025-07-18,99,Success
PAY-004385,CUST-0234,2025-08-17,99,Success
PAY-004386,CUST-0234,2025-09-16,99,Success
PAY-004387,CUST-0234,2025-10-16,99,Success
PAY-004388,CUST-0234,2025-11-15,99,Failed
PAY-004389,CUST-0234,2025-12-15,99,Success
PAY-004390,CUST-0234,2026-01-14,99,Success
PAY-004391,CUST-0234,2026-02-13,99,Success
PAY-004392,CUST-0234,2026-03-15,99,Success
PAY-004393,CUST-0234,2026-04-14,99,Success
PAY-004394,CUST-0234,2026-05-14,99,Success
PAY-004395,CUST-0234,2026-06-13,99,Success
PAY-004396,CUST-0235,2024-05-03,99,Success
PAY-004397,CUST-0235,2024-06-02,99,Failed
PAY-004398,CUST-0235,2024-07-02,99,Failed
PAY-004399,CUST-0235,2024-08-01,99,Success
PAY-004400,CUST-0236,2024-10-11,99,Success
PAY-004401,CUST-0236,2024-11-10,99,Success
PAY-004402,CUST-0236,2024-12-10,99,Success
PAY-004403,CUST-0236,2025-01-09,99,Success
PAY-004404,CUST-0236,2025-02-08,99,Failed
PAY-004405,CUST-0236,2025-03-10,99,Success
PAY-004406,CUST-0236,2025-04-09,99,Success
PAY-004407,CUST-0236,2025-05-09,99,Success
PAY-004408,CUST-0236,2025-06-08,99,Success
PAY-004409,CUST-0237,2024-11-26,29,Success
PAY-004410,CUST-0237,2024-12-26,29,Failed
PAY-004411,CUST-0237,2025-01-25,29,Success
PAY-004412,CUST-0237,2025-02-24,29,Success
PAY-004413,CUST-0237,2025-03-26,29,Failed
PAY-004414,CUST-0237,2025-04-25,29,Success
PAY-004415,CUST-0237,2025-05-25,29,Success
PAY-004416,CUST-0237,2025-06-24,29,Success
PAY-004417,CUST-0237,2025-07-24,29,Success
PAY-004418,CUST-0237,2025-08-23,29,Success
PAY-004419,CUST-0237,2025-09-22,29,Success
PAY-004420,CUST-0237,2025-10-22,29,Success
PAY-004421,CUST-0237,2025-11-21,29,Success
PAY-004422,CUST-0237,2025-12-21,29,Success
PAY-004423,CUST-0237,2026-01-20,29,Success
PAY-004424,CUST-0237,2026-02-19,29,Success
PAY-004425,CUST-0237,2026-03-21,29,Success
PAY-004426,CUST-0237,2026-04-20,29,Success
PAY-004427,CUST-0237,2026-05-20,29,Success
PAY-004428,CUST-0237,2026-06-19,29,Success
PAY-004429,CUST-0238,2025-02-09,29,Success
PAY-004430,CUST-0238,2025-03-11,29,Success
PAY-004431,CUST-0238,2025-04-10,29,Success
PAY-004432,CUST-0238,2025-05-10,29,Success
PAY-004433,CUST-0238,2025-06-09,29,Success
PAY-004434,CUST-0238,2025-07-09,29,Success
PAY-004435,CUST-0238,2025-08-08,29,Success
PAY-004436,CUST-0238,2025-09-07,29,Success
PAY-004437,CUST-0238,2025-10-07,29,Success
PAY-004438,CUST-0238,2025-11-06,29,Success
PAY-004439,CUST-0238,2025-12-06,29,Success
PAY-004440,CUST-0238,2026-01-05,29,Success
PAY-004441,CUST-0238,2026-02-04,29,Success
PAY-004442,CUST-0238,2026-03-06,29,Success
PAY-004443,CUST-0238,2026-04-05,29,Success
PAY-004444,CUST-0238,2026-05-05,29,Success
PAY-004445,CUST-0238,2026-06-04,29,Success
PAY-004446,CUST-0239,2024-05-30,299,Success
PAY-004447,CUST-0239,2024-06-29,299,Success
PAY-004448,CUST-0239,2024-07-29,299,Success
PAY-004449,CUST-0239,2024-08-28,299,Success
PAY-004450,CUST-0239,2024-09-27,299,Success
PAY-004451,CUST-0239,2024-10-27,299,Success
PAY-004452,CUST-0239,2024-11-26,299,Success
PAY-004453,CUST-0239,2024-12-26,299,Success
PAY-004454,CUST-0239,2025-01-25,299,Success
PAY-004455,CUST-0239,2025-02-24,299,Success
PAY-004456,CUST-0239,2025-03-26,299,Success
PAY-004457,CUST-0239,2025-04-25,299,Success
PAY-004458,CUST-0239,2025-05-25,299,Success
PAY-004459,CUST-0239,2025-06-24,299,Success
PAY-004460,CUST-0239,2025-07-24,299,Success
PAY-004461,CUST-0239,2025-08-23,299,Success
PAY-004462,CUST-0239,2025-09-22,299,Success
PAY-004463,CUST-0239,2025-10-22,299,Success
PAY-004464,CUST-0239,2025-11-21,299,Success
PAY-004465,CUST-0239,2025-12-21,299,Success
PAY-004466,CUST-0239,2026-01-20,299,Success
PAY-004467,CUST-0239,2026-02-19,299,Success
PAY-004468,CUST-0239,2026-03-21,299,Success
PAY-004469,CUST-0239,2026-04-20,299,Success
PAY-004470,CUST-0239,2026-05-20,299,Success
PAY-004471,CUST-0239,2026-06-19,299,Success
PAY-004472,CUST-0240,2024-12-20,299,Success
PAY-004473,CUST-0240,2025-01-19,299,Success
PAY-004474,CUST-0240,2025-02-18,299,Success
PAY-004475,CUST-0240,2025-03-20,299,Success
PAY-004476,CUST-0240,2025-04-19,299,Success
PAY-004477,CUST-0240,2025-05-19,299,Success
PAY-004478,CUST-0240,2025-06-18,299,Success
PAY-004479,CUST-0240,2025-07-18,299,Success
PAY-004480,CUST-0240,2025-08-17,299,Success
PAY-004481,CUST-0240,2025-09-16,299,Success
PAY-004482,CUST-0240,2025-10-16,299,Success
PAY-004483,CUST-0240,2025-11-15,299,Success
PAY-004484,CUST-0240,2025-12-15,299,Success
PAY-004485,CUST-0240,2026-01-14,299,Success
PAY-004486,CUST-0240,2026-02-13,299,Success
PAY-004487,CUST-0240,2026-03-15,299,Success
PAY-004488,CUST-0240,2026-04-14,299,Success
PAY-004489,CUST-0240,2026-05-14,299,Success
PAY-004490,CUST-0240,2026-06-13,299,Success
PAY-004491,CUST-0241,2024-12-05,29,Success
PAY-004492,CUST-0241,2025-01-04,29,Success
PAY-004493,CUST-0241,2025-02-03,29,Success
PAY-004494,CUST-0241,2025-03-05,29,Success
PAY-004495,CUST-0241,2025-04-04,29,Success
PAY-004496,CUST-0241,2025-05-04,29,Success
PAY-004497,CUST-0241,2025-06-03,29,Success
PAY-004498,CUST-0241,2025-07-03,29,Success
PAY-004499,CUST-0241,2025-08-02,29,Success
PAY-004500,CUST-0241,2025-09-01,29,Success
PAY-004501,CUST-0242,2024-10-10,29,Success
PAY-004502,CUST-0242,2024-11-09,29,Success
PAY-004503,CUST-0242,2024-12-09,29,Success
PAY-004504,CUST-0242,2025-01-08,29,Success
PAY-004505,CUST-0242,2025-02-07,29,Success
PAY-004506,CUST-0242,2025-03-09,29,Success
PAY-004507,CUST-0242,2025-04-08,29,Success
PAY-004508,CUST-0242,2025-05-08,29,Success
PAY-004509,CUST-0242,2025-06-07,29,Failed
PAY-004510,CUST-0242,2025-07-07,29,Success
PAY-004511,CUST-0242,2025-08-06,29,Success
PAY-004512,CUST-0242,2025-09-05,29,Success
PAY-004513,CUST-0242,2025-10-05,29,Success
PAY-004514,CUST-0242,2025-11-04,29,Success
PAY-004515,CUST-0242,2025-12-04,29,Success
PAY-004516,CUST-0242,2026-01-03,29,Success
PAY-004517,CUST-0242,2026-02-02,29,Success
PAY-004518,CUST-0242,2026-03-04,29,Success
PAY-004519,CUST-0242,2026-04-03,29,Success
PAY-004520,CUST-0242,2026-05-03,29,Success
PAY-004521,CUST-0242,2026-06-02,29,Success
PAY-004522,CUST-0243,2025-01-16,29,Success
PAY-004523,CUST-0243,2025-02-15,29,Success
PAY-004524,CUST-0243,2025-03-17,29,Success
PAY-004525,CUST-0243,2025-04-16,29,Success
PAY-004526,CUST-0243,2025-05-16,29,Success
PAY-004527,CUST-0243,2025-06-15,29,Success
PAY-004528,CUST-0243,2025-07-15,29,Success
PAY-004529,CUST-0243,2025-08-14,29,Success
PAY-004530,CUST-0243,2025-09-13,29,Success
PAY-004531,CUST-0243,2025-10-13,29,Success
PAY-004532,CUST-0243,2025-11-12,29,Success
PAY-004533,CUST-0243,2025-12-12,29,Success
PAY-004534,CUST-0243,2026-01-11,29,Success
PAY-004535,CUST-0243,2026-02-10,29,Success
PAY-004536,CUST-0243,2026-03-12,29,Success
PAY-004537,CUST-0243,2026-04-11,29,Success
PAY-004538,CUST-0243,2026-05-11,29,Success
PAY-004539,CUST-0243,2026-06-10,29,Success
PAY-004540,CUST-0244,2024-12-25,29,Success
PAY-004541,CUST-0244,2025-01-24,29,Success
PAY-004542,CUST-0244,2025-02-23,29,Success
PAY-004543,CUST-0244,2025-03-25,29,Success
PAY-004544,CUST-0244,2025-04-24,29,Success
PAY-004545,CUST-0244,2025-05-24,29,Success
PAY-004546,CUST-0244,2025-06-23,29,Success
PAY-004547,CUST-0244,2025-07-23,29,Success
PAY-004548,CUST-0244,2025-08-22,29,Failed
PAY-004549,CUST-0244,2025-09-21,29,Success
PAY-004550,CUST-0244,2025-10-21,29,Success
PAY-004551,CUST-0244,2025-11-20,29,Success
PAY-004552,CUST-0244,2025-12-20,29,Success
PAY-004553,CUST-0244,2026-01-19,29,Success
PAY-004554,CUST-0244,2026-02-18,29,Success
PAY-004555,CUST-0244,2026-03-20,29,Success
PAY-004556,CUST-0244,2026-04-19,29,Success
PAY-004557,CUST-0244,2026-05-19,29,Success
PAY-004558,CUST-0244,2026-06-18,29,Success
PAY-004559,CUST-0245,2024-06-05,29,Success
PAY-004560,CUST-0245,2024-07-05,29,Success
PAY-004561,CUST-0245,2024-08-04,29,Success
PAY-004562,CUST-0245,2024-09-03,29,Success
PAY-004563,CUST-0245,2024-10-03,29,Success
PAY-004564,CUST-0245,2024-11-02,29,Success
PAY-004565,CUST-0245,2024-12-02,29,Success
PAY-004566,CUST-0245,2025-01-01,29,Success
PAY-004567,CUST-0245,2025-01-31,29,Success
PAY-004568,CUST-0245,2025-03-02,29,Success
PAY-004569,CUST-0245,2025-04-01,29,Success
PAY-004570,CUST-0245,2025-05-01,29,Success
PAY-004571,CUST-0245,2025-05-31,29,Success
PAY-004572,CUST-0245,2025-06-30,29,Success
PAY-004573,CUST-0245,2025-07-30,29,Success
PAY-004574,CUST-0245,2025-08-29,29,Success
PAY-004575,CUST-0245,2025-09-28,29,Success
PAY-004576,CUST-0245,2025-10-28,29,Success
PAY-004577,CUST-0245,2025-11-27,29,Success
PAY-004578,CUST-0245,2025-12-27,29,Success
PAY-004579,CUST-0245,2026-01-26,29,Success
PAY-004580,CUST-0245,2026-02-25,29,Success
PAY-004581,CUST-0245,2026-03-27,29,Success
PAY-004582,CUST-0245,2026-04-26,29,Success
PAY-004583,CUST-0245,2026-05-26,29,Success
PAY-004584,CUST-0245,2026-06-25,29,Success
PAY-004585,CUST-0246,2024-03-02,99,Success
PAY-004586,CUST-0246,2024-04-01,99,Success
PAY-004587,CUST-0246,2024-05-01,99,Success
PAY-004588,CUST-0246,2024-05-31,99,Success
PAY-004589,CUST-0246,2024-06-30,99,Success
PAY-004590,CUST-0246,2024-07-30,99,Success
PAY-004591,CUST-0246,2024-08-29,99,Success
PAY-004592,CUST-0246,2024-09-28,99,Success
PAY-004593,CUST-0246,2024-10-28,99,Success
PAY-004594,CUST-0246,2024-11-27,99,Success
PAY-004595,CUST-0246,2024-12-27,99,Success
PAY-004596,CUST-0246,2025-01-26,99,Success
PAY-004597,CUST-0246,2025-02-25,99,Success
PAY-004598,CUST-0246,2025-03-27,99,Success
PAY-004599,CUST-0246,2025-04-26,99,Failed
PAY-004600,CUST-0246,2025-05-26,99,Success
PAY-004601,CUST-0246,2025-06-25,99,Success
PAY-004602,CUST-0246,2025-07-25,99,Success
PAY-004603,CUST-0246,2025-08-24,99,Success
PAY-004604,CUST-0246,2025-09-23,99,Success
PAY-004605,CUST-0246,2025-10-23,99,Success
PAY-004606,CUST-0246,2025-11-22,99,Success
PAY-004607,CUST-0246,2025-12-22,99,Success
PAY-004608,CUST-0246,2026-01-21,99,Success
PAY-004609,CUST-0246,2026-02-20,99,Success
PAY-004610,CUST-0246,2026-03-22,99,Success
PAY-004611,CUST-0246,2026-04-21,99,Success
PAY-004612,CUST-0246,2026-05-21,99,Success
PAY-004613,CUST-0246,2026-06-20,99,Success
PAY-004614,CUST-0247,2024-03-02,99,Success
PAY-004615,CUST-0247,2024-04-01,99,Success
PAY-004616,CUST-0247,2024-05-01,99,Success
PAY-004617,CUST-0247,2024-05-31,99,Success
PAY-004618,CUST-0247,2024-06-30,99,Success
PAY-004619,CUST-0247,2024-07-30,99,Success
PAY-004620,CUST-0247,2024-08-29,99,Success
PAY-004621,CUST-0247,2024-09-28,99,Success
PAY-004622,CUST-0247,2024-10-28,99,Success
PAY-004623,CUST-0247,2024-11-27,99,Success
PAY-004624,CUST-0247,2024-12-27,99,Success
PAY-004625,CUST-0247,2025-01-26,99,Success
PAY-004626,CUST-0247,2025-02-25,99,Success
PAY-004627,CUST-0247,2025-03-27,99,Success
PAY-004628,CUST-0247,2025-04-26,99,Success
PAY-004629,CUST-0247,2025-05-26,99,Success
PAY-004630,CUST-0247,2025-06-25,99,Success
PAY-004631,CUST-0247,2025-07-25,99,Success
PAY-004632,CUST-0247,2025-08-24,99,Success
PAY-004633,CUST-0247,2025-09-23,99,Success
PAY-004634,CUST-0247,2025-10-23,99,Success
PAY-004635,CUST-0247,2025-11-22,99,Success
PAY-004636,CUST-0247,2025-12-22,99,Success
PAY-004637,CUST-0247,2026-01-21,99,Success
PAY-004638,CUST-0247,2026-02-20,99,Success
PAY-004639,CUST-0247,2026-03-22,99,Success
PAY-004640,CUST-0247,2026-04-21,99,Success
PAY-004641,CUST-0247,2026-05-21,99,Success
PAY-004642,CUST-0247,2026-06-20,99,Success
PAY-004643,CUST-0248,2024-04-20,29,Success
PAY-004644,CUST-0248,2024-05-20,29,Success
PAY-004645,CUST-0248,2024-06-19,29,Success
PAY-004646,CUST-0248,2024-07-19,29,Success
PAY-004647,CUST-0248,2024-08-18,29,Success
PAY-004648,CUST-0248,2024-09-17,29,Success
PAY-004649,CUST-0248,2024-10-17,29,Success
PAY-004650,CUST-0248,2024-11-16,29,Success
PAY-004651,CUST-0248,2024-12-16,29,Success
PAY-004652,CUST-0248,2025-01-15,29,Failed
PAY-004653,CUST-0248,2025-02-14,29,Success
PAY-004654,CUST-0248,2025-03-16,29,Success
PAY-004655,CUST-0248,2025-04-15,29,Success
PAY-004656,CUST-0248,2025-05-15,29,Success
PAY-004657,CUST-0248,2025-06-14,29,Success
PAY-004658,CUST-0248,2025-07-14,29,Success
PAY-004659,CUST-0248,2025-08-13,29,Success
PAY-004660,CUST-0248,2025-09-12,29,Success
PAY-004661,CUST-0248,2025-10-12,29,Success
PAY-004662,CUST-0248,2025-11-11,29,Success
PAY-004663,CUST-0248,2025-12-11,29,Success
PAY-004664,CUST-0248,2026-01-10,29,Success
PAY-004665,CUST-0248,2026-02-09,29,Success
PAY-004666,CUST-0248,2026-03-11,29,Failed
PAY-004667,CUST-0248,2026-04-10,29,Success
PAY-004668,CUST-0248,2026-05-10,29,Success
PAY-004669,CUST-0248,2026-06-09,29,Success
PAY-004670,CUST-0249,2025-01-05,29,Success
PAY-004671,CUST-0249,2025-02-04,29,Success
PAY-004672,CUST-0250,2025-03-02,29,Success
PAY-004673,CUST-0250,2025-04-01,29,Success
PAY-004674,CUST-0251,2024-04-26,29,Success
PAY-004675,CUST-0251,2024-05-26,29,Success
PAY-004676,CUST-0251,2024-06-25,29,Success
PAY-004677,CUST-0251,2024-07-25,29,Success
PAY-004678,CUST-0251,2024-08-24,29,Success
PAY-004679,CUST-0251,2024-09-23,29,Success
PAY-004680,CUST-0251,2024-10-23,29,Success
PAY-004681,CUST-0251,2024-11-22,29,Failed
PAY-004682,CUST-0251,2024-12-22,29,Success
PAY-004683,CUST-0251,2025-01-21,29,Success
PAY-004684,CUST-0251,2025-02-20,29,Success
PAY-004685,CUST-0251,2025-03-22,29,Success
PAY-004686,CUST-0252,2024-06-03,29,Failed
PAY-004687,CUST-0252,2024-07-03,29,Failed
PAY-004688,CUST-0252,2024-08-02,29,Success
PAY-004689,CUST-0252,2024-09-01,29,Success
PAY-004690,CUST-0252,2024-10-01,29,Success
PAY-004691,CUST-0252,2024-10-31,29,Success
PAY-004692,CUST-0252,2024-11-30,29,Success
PAY-004693,CUST-0252,2024-12-30,29,Success
PAY-004694,CUST-0253,2024-05-20,99,Success
PAY-004695,CUST-0253,2024-06-19,99,Success
PAY-004696,CUST-0253,2024-07-19,99,Success
PAY-004697,CUST-0253,2024-08-18,99,Success
PAY-004698,CUST-0253,2024-09-17,99,Success
PAY-004699,CUST-0253,2024-10-17,99,Success
PAY-004700,CUST-0253,2024-11-16,99,Success
PAY-004701,CUST-0253,2024-12-16,99,Success
PAY-004702,CUST-0253,2025-01-15,99,Success
PAY-004703,CUST-0253,2025-02-14,99,Success
PAY-004704,CUST-0253,2025-03-16,99,Success
PAY-004705,CUST-0253,2025-04-15,99,Success
PAY-004706,CUST-0253,2025-05-15,99,Failed
PAY-004707,CUST-0253,2025-06-14,99,Success
PAY-004708,CUST-0253,2025-07-14,99,Failed
PAY-004709,CUST-0253,2025-08-13,99,Success
PAY-004710,CUST-0253,2025-09-12,99,Success
PAY-004711,CUST-0253,2025-10-12,99,Success
PAY-004712,CUST-0253,2025-11-11,99,Success
PAY-004713,CUST-0253,2025-12-11,99,Success
PAY-004714,CUST-0253,2026-01-10,99,Success
PAY-004715,CUST-0253,2026-02-09,99,Success
PAY-004716,CUST-0253,2026-03-11,99,Success
PAY-004717,CUST-0253,2026-04-10,99,Success
PAY-004718,CUST-0253,2026-05-10,99,Success
PAY-004719,CUST-0253,2026-06-09,99,Success
PAY-004720,CUST-0254,2024-10-10,99,Success
PAY-004721,CUST-0254,2024-11-09,99,Success
PAY-004722,CUST-0254,2024-12-09,99,Success
PAY-004723,CUST-0254,2025-01-08,99,Success
PAY-004724,CUST-0254,2025-02-07,99,Success
PAY-004725,CUST-0254,2025-03-09,99,Success
PAY-004726,CUST-0254,2025-04-08,99,Success
PAY-004727,CUST-0254,2025-05-08,99,Success
PAY-004728,CUST-0254,2025-06-07,99,Success
PAY-004729,CUST-0254,2025-07-07,99,Success
PAY-004730,CUST-0254,2025-08-06,99,Success
PAY-004731,CUST-0254,2025-09-05,99,Success
PAY-004732,CUST-0254,2025-10-05,99,Success
PAY-004733,CUST-0254,2025-11-04,99,Success
PAY-004734,CUST-0254,2025-12-04,99,Success
PAY-004735,CUST-0254,2026-01-03,99,Success
PAY-004736,CUST-0254,2026-02-02,99,Failed
PAY-004737,CUST-0254,2026-03-04,99,Success
PAY-004738,CUST-0254,2026-04-03,99,Success
PAY-004739,CUST-0254,2026-05-03,99,Success
PAY-004740,CUST-0254,2026-06-02,99,Success
PAY-004741,CUST-0255,2024-11-22,99,Failed
PAY-004742,CUST-0255,2024-12-22,99,Failed
PAY-004743,CUST-0255,2025-01-21,99,Success
PAY-004744,CUST-0255,2025-02-20,99,Success
PAY-004745,CUST-0255,2025-03-22,99,Success
PAY-004746,CUST-0255,2025-04-21,99,Success
PAY-004747,CUST-0255,2025-05-21,99,Success
PAY-004748,CUST-0255,2025-06-20,99,Success
PAY-004749,CUST-0255,2025-07-20,99,Success
PAY-004750,CUST-0255,2025-08-19,99,Success
PAY-004751,CUST-0255,2025-09-18,99,Success
PAY-004752,CUST-0255,2025-10-18,99,Success
PAY-004753,CUST-0255,2025-11-17,99,Success
PAY-004754,CUST-0255,2025-12-17,99,Success
PAY-004755,CUST-0255,2026-01-16,99,Success
PAY-004756,CUST-0255,2026-02-15,99,Success
PAY-004757,CUST-0255,2026-03-17,99,Success
PAY-004758,CUST-0255,2026-04-16,99,Success
PAY-004759,CUST-0255,2026-05-16,99,Success
PAY-004760,CUST-0255,2026-06-15,99,Success
PAY-004761,CUST-0256,2025-03-22,99,Success
PAY-004762,CUST-0256,2025-04-21,99,Success
PAY-004763,CUST-0256,2025-05-21,99,Failed
PAY-004764,CUST-0256,2025-06-20,99,Success
PAY-004765,CUST-0256,2025-07-20,99,Success
PAY-004766,CUST-0256,2025-08-19,99,Success
PAY-004767,CUST-0256,2025-09-18,99,Success
PAY-004768,CUST-0256,2025-10-18,99,Success
PAY-004769,CUST-0257,2024-08-28,99,Success
PAY-004770,CUST-0257,2024-09-27,99,Success
PAY-004771,CUST-0257,2024-10-27,99,Success
PAY-004772,CUST-0257,2024-11-26,99,Success
PAY-004773,CUST-0257,2024-12-26,99,Success
PAY-004774,CUST-0257,2025-01-25,99,Success
PAY-004775,CUST-0257,2025-02-24,99,Success
PAY-004776,CUST-0257,2025-03-26,99,Success
PAY-004777,CUST-0257,2025-04-25,99,Success
PAY-004778,CUST-0257,2025-05-25,99,Success
PAY-004779,CUST-0257,2025-06-24,99,Success
PAY-004780,CUST-0257,2025-07-24,99,Success
PAY-004781,CUST-0258,2024-06-23,29,Success
PAY-004782,CUST-0258,2024-07-23,29,Success
PAY-004783,CUST-0258,2024-08-22,29,Success
PAY-004784,CUST-0258,2024-09-21,29,Success
PAY-004785,CUST-0258,2024-10-21,29,Success
PAY-004786,CUST-0258,2024-11-20,29,Success
PAY-004787,CUST-0258,2024-12-20,29,Success
PAY-004788,CUST-0258,2025-01-19,29,Success
PAY-004789,CUST-0258,2025-02-18,29,Success
PAY-004790,CUST-0258,2025-03-20,29,Success
PAY-004791,CUST-0259,2024-05-09,29,Success
PAY-004792,CUST-0259,2024-06-08,29,Success
PAY-004793,CUST-0259,2024-07-08,29,Success
PAY-004794,CUST-0259,2024-08-07,29,Success
PAY-004795,CUST-0259,2024-09-06,29,Success
PAY-004796,CUST-0259,2024-10-06,29,Success
PAY-004797,CUST-0259,2024-11-05,29,Success
PAY-004798,CUST-0259,2024-12-05,29,Success
PAY-004799,CUST-0259,2025-01-04,29,Success
PAY-004800,CUST-0259,2025-02-03,29,Success
PAY-004801,CUST-0259,2025-03-05,29,Success
PAY-004802,CUST-0259,2025-04-04,29,Success
PAY-004803,CUST-0259,2025-05-04,29,Success
PAY-004804,CUST-0259,2025-06-03,29,Failed
PAY-004805,CUST-0259,2025-07-03,29,Success
PAY-004806,CUST-0259,2025-08-02,29,Success
PAY-004807,CUST-0259,2025-09-01,29,Success
PAY-004808,CUST-0259,2025-10-01,29,Success
PAY-004809,CUST-0259,2025-10-31,29,Success
PAY-004810,CUST-0259,2025-11-30,29,Success
PAY-004811,CUST-0259,2025-12-30,29,Success
PAY-004812,CUST-0259,2026-01-29,29,Success
PAY-004813,CUST-0259,2026-02-28,29,Success
PAY-004814,CUST-0259,2026-03-30,29,Success
PAY-004815,CUST-0259,2026-04-29,29,Success
PAY-004816,CUST-0259,2026-05-29,29,Success
PAY-004817,CUST-0259,2026-06-28,29,Success
PAY-004818,CUST-0260,2025-02-24,29,Success
PAY-004819,CUST-0260,2025-03-26,29,Success
PAY-004820,CUST-0260,2025-04-25,29,Failed
PAY-004821,CUST-0260,2025-05-25,29,Success
PAY-004822,CUST-0260,2025-06-24,29,Success
PAY-004823,CUST-0260,2025-07-24,29,Success
PAY-004824,CUST-0260,2025-08-23,29,Success
PAY-004825,CUST-0260,2025-09-22,29,Success
PAY-004826,CUST-0260,2025-10-22,29,Success
PAY-004827,CUST-0260,2025-11-21,29,Success
PAY-004828,CUST-0260,2025-12-21,29,Success
PAY-004829,CUST-0260,2026-01-20,29,Success
PAY-004830,CUST-0260,2026-02-19,29,Success
PAY-004831,CUST-0260,2026-03-21,29,Success
PAY-004832,CUST-0260,2026-04-20,29,Success
PAY-004833,CUST-0260,2026-05-20,29,Success
PAY-004834,CUST-0260,2026-06-19,29,Success
PAY-004835,CUST-0261,2024-09-08,99,Success
PAY-004836,CUST-0261,2024-10-08,99,Success
PAY-004837,CUST-0261,2024-11-07,99,Success
PAY-004838,CUST-0261,2024-12-07,99,Success
PAY-004839,CUST-0261,2025-01-06,99,Success
PAY-004840,CUST-0261,2025-02-05,99,Success
PAY-004841,CUST-0261,2025-03-07,99,Success
PAY-004842,CUST-0261,2025-04-06,99,Success
PAY-004843,CUST-0262,2024-03-18,29,Success
PAY-004844,CUST-0262,2024-04-17,29,Success
PAY-004845,CUST-0262,2024-05-17,29,Success
PAY-004846,CUST-0262,2024-06-16,29,Success
PAY-004847,CUST-0262,2024-07-16,29,Success
PAY-004848,CUST-0262,2024-08-15,29,Failed
PAY-004849,CUST-0262,2024-09-14,29,Success
PAY-004850,CUST-0262,2024-10-14,29,Success
PAY-004851,CUST-0262,2024-11-13,29,Success
PAY-004852,CUST-0262,2024-12-13,29,Success
PAY-004853,CUST-0262,2025-01-12,29,Success
PAY-004854,CUST-0262,2025-02-11,29,Success
PAY-004855,CUST-0262,2025-03-13,29,Success
PAY-004856,CUST-0262,2025-04-12,29,Success
PAY-004857,CUST-0262,2025-05-12,29,Success
PAY-004858,CUST-0262,2025-06-11,29,Success
PAY-004859,CUST-0262,2025-07-11,29,Success
PAY-004860,CUST-0262,2025-08-10,29,Success
PAY-004861,CUST-0262,2025-09-09,29,Success
PAY-004862,CUST-0262,2025-10-09,29,Success
PAY-004863,CUST-0262,2025-11-08,29,Success
PAY-004864,CUST-0262,2025-12-08,29,Success
PAY-004865,CUST-0262,2026-01-07,29,Success
PAY-004866,CUST-0262,2026-02-06,29,Success
PAY-004867,CUST-0262,2026-03-08,29,Success
PAY-004868,CUST-0262,2026-04-07,29,Success
PAY-004869,CUST-0262,2026-05-07,29,Success
PAY-004870,CUST-0262,2026-06-06,29,Success
PAY-004871,CUST-0263,2024-02-13,99,Success
PAY-004872,CUST-0263,2024-03-14,99,Success
PAY-004873,CUST-0263,2024-04-13,99,Success
PAY-004874,CUST-0263,2024-05-13,99,Success
PAY-004875,CUST-0263,2024-06-12,99,Success
PAY-004876,CUST-0263,2024-07-12,99,Success
PAY-004877,CUST-0263,2024-08-11,99,Success
PAY-004878,CUST-0263,2024-09-10,99,Success
PAY-004879,CUST-0263,2024-10-10,99,Success
PAY-004880,CUST-0263,2024-11-09,99,Success
PAY-004881,CUST-0263,2024-12-09,99,Success
PAY-004882,CUST-0263,2025-01-08,99,Success
PAY-004883,CUST-0263,2025-02-07,99,Success
PAY-004884,CUST-0263,2025-03-09,99,Failed
PAY-004885,CUST-0263,2025-04-08,99,Success
PAY-004886,CUST-0263,2025-05-08,99,Success
PAY-004887,CUST-0263,2025-06-07,99,Success
PAY-004888,CUST-0263,2025-07-07,99,Success
PAY-004889,CUST-0263,2025-08-06,99,Success
PAY-004890,CUST-0263,2025-09-05,99,Success
PAY-004891,CUST-0263,2025-10-05,99,Success
PAY-004892,CUST-0263,2025-11-04,99,Success
PAY-004893,CUST-0263,2025-12-04,99,Success
PAY-004894,CUST-0263,2026-01-03,99,Success
PAY-004895,CUST-0263,2026-02-02,99,Success
PAY-004896,CUST-0263,2026-03-04,99,Success
PAY-004897,CUST-0263,2026-04-03,99,Success
PAY-004898,CUST-0263,2026-05-03,99,Success
PAY-004899,CUST-0263,2026-06-02,99,Success
PAY-004900,CUST-0264,2024-10-12,29,Success
PAY-004901,CUST-0264,2024-11-11,29,Success
PAY-004902,CUST-0264,2024-12-11,29,Success
PAY-004903,CUST-0264,2025-01-10,29,Success
PAY-004904,CUST-0264,2025-02-09,29,Success
PAY-004905,CUST-0264,2025-03-11,29,Success
PAY-004906,CUST-0264,2025-04-10,29,Success
PAY-004907,CUST-0264,2025-05-10,29,Success
PAY-004908,CUST-0264,2025-06-09,29,Success
PAY-004909,CUST-0264,2025-07-09,29,Success
PAY-004910,CUST-0264,2025-08-08,29,Success
PAY-004911,CUST-0264,2025-09-07,29,Success
PAY-004912,CUST-0264,2025-10-07,29,Success
PAY-004913,CUST-0265,2025-02-01,99,Success
PAY-004914,CUST-0265,2025-03-03,99,Success
PAY-004915,CUST-0265,2025-04-02,99,Success
PAY-004916,CUST-0265,2025-05-02,99,Success
PAY-004917,CUST-0265,2025-06-01,99,Failed
PAY-004918,CUST-0265,2025-07-01,99,Success
PAY-004919,CUST-0265,2025-07-31,99,Success
PAY-004920,CUST-0265,2025-08-30,99,Success
PAY-004921,CUST-0265,2025-09-29,99,Success
PAY-004922,CUST-0265,2025-10-29,99,Failed
PAY-004923,CUST-0265,2025-11-28,99,Success
PAY-004924,CUST-0265,2025-12-28,99,Success
PAY-004925,CUST-0265,2026-01-27,99,Success
PAY-004926,CUST-0265,2026-02-26,99,Success
PAY-004927,CUST-0265,2026-03-28,99,Success
PAY-004928,CUST-0265,2026-04-27,99,Success
PAY-004929,CUST-0265,2026-05-27,99,Success
PAY-004930,CUST-0265,2026-06-26,99,Success
PAY-004931,CUST-0266,2025-04-10,299,Success
PAY-004932,CUST-0266,2025-05-10,299,Success
PAY-004933,CUST-0266,2025-06-09,299,Success
PAY-004934,CUST-0266,2025-07-09,299,Success
PAY-004935,CUST-0266,2025-08-08,299,Success
PAY-004936,CUST-0266,2025-09-07,299,Success
PAY-004937,CUST-0266,2025-10-07,299,Success
PAY-004938,CUST-0266,2025-11-06,299,Success
PAY-004939,CUST-0266,2025-12-06,299,Success
PAY-004940,CUST-0266,2026-01-05,299,Success
PAY-004941,CUST-0266,2026-02-04,299,Success
PAY-004942,CUST-0266,2026-03-06,299,Success
PAY-004943,CUST-0266,2026-04-05,299,Success
PAY-004944,CUST-0266,2026-05-05,299,Success
PAY-004945,CUST-0266,2026-06-04,299,Success
PAY-004946,CUST-0267,2025-03-16,29,Success
PAY-004947,CUST-0267,2025-04-15,29,Success
PAY-004948,CUST-0267,2025-05-15,29,Success
PAY-004949,CUST-0267,2025-06-14,29,Success
PAY-004950,CUST-0267,2025-07-14,29,Success
PAY-004951,CUST-0267,2025-08-13,29,Success
PAY-004952,CUST-0267,2025-09-12,29,Success
PAY-004953,CUST-0267,2025-10-12,29,Success
PAY-004954,CUST-0267,2025-11-11,29,Success
PAY-004955,CUST-0267,2025-12-11,29,Success
PAY-004956,CUST-0267,2026-01-10,29,Failed
PAY-004957,CUST-0267,2026-02-09,29,Success
PAY-004958,CUST-0267,2026-03-11,29,Success
PAY-004959,CUST-0267,2026-04-10,29,Success
PAY-004960,CUST-0267,2026-05-10,29,Success
PAY-004961,CUST-0267,2026-06-09,29,Success
PAY-004962,CUST-0268,2024-10-18,99,Success
PAY-004963,CUST-0268,2024-11-17,99,Success
PAY-004964,CUST-0268,2024-12-17,99,Success
PAY-004965,CUST-0268,2025-01-16,99,Success
PAY-004966,CUST-0268,2025-02-15,99,Success
PAY-004967,CUST-0268,2025-03-17,99,Success
PAY-004968,CUST-0268,2025-04-16,99,Success
PAY-004969,CUST-0268,2025-05-16,99,Success
PAY-004970,CUST-0268,2025-06-15,99,Success
PAY-004971,CUST-0268,2025-07-15,99,Success
PAY-004972,CUST-0268,2025-08-14,99,Success
PAY-004973,CUST-0268,2025-09-13,99,Success
PAY-004974,CUST-0268,2025-10-13,99,Success
PAY-004975,CUST-0268,2025-11-12,99,Success
PAY-004976,CUST-0268,2025-12-12,99,Success
PAY-004977,CUST-0268,2026-01-11,99,Success
PAY-004978,CUST-0268,2026-02-10,99,Success
PAY-004979,CUST-0268,2026-03-12,99,Success
PAY-004980,CUST-0268,2026-04-11,99,Success
PAY-004981,CUST-0268,2026-05-11,99,Success
PAY-004982,CUST-0268,2026-06-10,99,Success
PAY-004983,CUST-0269,2025-04-30,299,Success
PAY-004984,CUST-0269,2025-05-30,299,Success
PAY-004985,CUST-0269,2025-06-29,299,Success
PAY-004986,CUST-0269,2025-07-29,299,Success
PAY-004987,CUST-0269,2025-08-28,299,Success
PAY-004988,CUST-0269,2025-09-27,299,Success
PAY-004989,CUST-0269,2025-10-27,299,Success
PAY-004990,CUST-0269,2025-11-26,299,Success
PAY-004991,CUST-0269,2025-12-26,299,Success
PAY-004992,CUST-0270,2024-05-15,29,Success
PAY-004993,CUST-0270,2024-06-14,29,Success
PAY-004994,CUST-0270,2024-07-14,29,Success
PAY-004995,CUST-0270,2024-08-13,29,Success
PAY-004996,CUST-0270,2024-09-12,29,Success
PAY-004997,CUST-0270,2024-10-12,29,Success
PAY-004998,CUST-0270,2024-11-11,29,Success
PAY-004999,CUST-0270,2024-12-11,29,Success
PAY-005000,CUST-0270,2025-01-10,29,Success
PAY-005001,CUST-0270,2025-02-09,29,Success
PAY-005002,CUST-0270,2025-03-11,29,Success
PAY-005003,CUST-0270,2025-04-10,29,Success
PAY-005004,CUST-0270,2025-05-10,29,Success
PAY-005005,CUST-0270,2025-06-09,29,Success
PAY-005006,CUST-0270,2025-07-09,29,Success
PAY-005007,CUST-0270,2025-08-08,29,Success
PAY-005008,CUST-0270,2025-09-07,29,Success
PAY-005009,CUST-0270,2025-10-07,29,Success
PAY-005010,CUST-0270,2025-11-06,29,Success
PAY-005011,CUST-0270,2025-12-06,29,Success
PAY-005012,CUST-0270,2026-01-05,29,Success
PAY-005013,CUST-0270,2026-02-04,29,Success
PAY-005014,CUST-0270,2026-03-06,29,Success
PAY-005015,CUST-0270,2026-04-05,29,Success
PAY-005016,CUST-0270,2026-05-05,29,Success
PAY-005017,CUST-0270,2026-06-04,29,Success
PAY-005018,CUST-0271,2024-05-02,29,Success
PAY-005019,CUST-0271,2024-06-01,29,Success
PAY-005020,CUST-0271,2024-07-01,29,Success
PAY-005021,CUST-0271,2024-07-31,29,Success
PAY-005022,CUST-0271,2024-08-30,29,Success
PAY-005023,CUST-0271,2024-09-29,29,Success
PAY-005024,CUST-0271,2024-10-29,29,Success
PAY-005025,CUST-0271,2024-11-28,29,Success
PAY-005026,CUST-0271,2024-12-28,29,Success
PAY-005027,CUST-0271,2025-01-27,29,Success
PAY-005028,CUST-0271,2025-02-26,29,Success
PAY-005029,CUST-0271,2025-03-28,29,Success
PAY-005030,CUST-0271,2025-04-27,29,Success
PAY-005031,CUST-0271,2025-05-27,29,Success
PAY-005032,CUST-0271,2025-06-26,29,Success
PAY-005033,CUST-0271,2025-07-26,29,Success
PAY-005034,CUST-0271,2025-08-25,29,Success
PAY-005035,CUST-0271,2025-09-24,29,Success
PAY-005036,CUST-0271,2025-10-24,29,Success
PAY-005037,CUST-0271,2025-11-23,29,Success
PAY-005038,CUST-0271,2025-12-23,29,Success
PAY-005039,CUST-0271,2026-01-22,29,Success
PAY-005040,CUST-0271,2026-02-21,29,Failed
PAY-005041,CUST-0271,2026-03-23,29,Success
PAY-005042,CUST-0271,2026-04-22,29,Success
PAY-005043,CUST-0271,2026-05-22,29,Success
PAY-005044,CUST-0271,2026-06-21,29,Success
PAY-005045,CUST-0272,2024-03-21,29,Success
PAY-005046,CUST-0272,2024-04-20,29,Success
PAY-005047,CUST-0272,2024-05-20,29,Success
PAY-005048,CUST-0272,2024-06-19,29,Success
PAY-005049,CUST-0272,2024-07-19,29,Success
PAY-005050,CUST-0272,2024-08-18,29,Success
PAY-005051,CUST-0272,2024-09-17,29,Success
PAY-005052,CUST-0272,2024-10-17,29,Success
PAY-005053,CUST-0272,2024-11-16,29,Success
PAY-005054,CUST-0272,2024-12-16,29,Success
PAY-005055,CUST-0272,2025-01-15,29,Success
PAY-005056,CUST-0272,2025-02-14,29,Success
PAY-005057,CUST-0272,2025-03-16,29,Success
PAY-005058,CUST-0272,2025-04-15,29,Success
PAY-005059,CUST-0272,2025-05-15,29,Success
PAY-005060,CUST-0272,2025-06-14,29,Success
PAY-005061,CUST-0272,2025-07-14,29,Success
PAY-005062,CUST-0272,2025-08-13,29,Success
PAY-005063,CUST-0272,2025-09-12,29,Success
PAY-005064,CUST-0272,2025-10-12,29,Success
PAY-005065,CUST-0272,2025-11-11,29,Success
PAY-005066,CUST-0272,2025-12-11,29,Success
PAY-005067,CUST-0272,2026-01-10,29,Success
PAY-005068,CUST-0272,2026-02-09,29,Success
PAY-005069,CUST-0272,2026-03-11,29,Success
PAY-005070,CUST-0272,2026-04-10,29,Success
PAY-005071,CUST-0272,2026-05-10,29,Success
PAY-005072,CUST-0272,2026-06-09,29,Success
PAY-005073,CUST-0273,2024-08-18,29,Success
PAY-005074,CUST-0273,2024-09-17,29,Success
PAY-005075,CUST-0273,2024-10-17,29,Failed
PAY-005076,CUST-0273,2024-11-16,29,Success
PAY-005077,CUST-0273,2024-12-16,29,Success
PAY-005078,CUST-0273,2025-01-15,29,Success
PAY-005079,CUST-0273,2025-02-14,29,Success
PAY-005080,CUST-0273,2025-03-16,29,Success
PAY-005081,CUST-0273,2025-04-15,29,Success
PAY-005082,CUST-0273,2025-05-15,29,Success
PAY-005083,CUST-0273,2025-06-14,29,Success
PAY-005084,CUST-0273,2025-07-14,29,Success
PAY-005085,CUST-0273,2025-08-13,29,Success
PAY-005086,CUST-0273,2025-09-12,29,Success
PAY-005087,CUST-0273,2025-10-12,29,Success
PAY-005088,CUST-0273,2025-11-11,29,Success
PAY-005089,CUST-0273,2025-12-11,29,Success
PAY-005090,CUST-0273,2026-01-10,29,Success
PAY-005091,CUST-0273,2026-02-09,29,Success
PAY-005092,CUST-0273,2026-03-11,29,Success
PAY-005093,CUST-0273,2026-04-10,29,Success
PAY-005094,CUST-0273,2026-05-10,29,Success
PAY-005095,CUST-0273,2026-06-09,29,Success
PAY-005096,CUST-0274,2024-01-17,29,Success
PAY-005097,CUST-0274,2024-02-16,29,Success
PAY-005098,CUST-0274,2024-03-17,29,Success
PAY-005099,CUST-0274,2024-04-16,29,Success
PAY-005100,CUST-0274,2024-05-16,29,Success
PAY-005101,CUST-0274,2024-06-15,29,Success
PAY-005102,CUST-0274,2024-07-15,29,Success
PAY-005103,CUST-0274,2024-08-14,29,Success
PAY-005104,CUST-0274,2024-09-13,29,Success
PAY-005105,CUST-0274,2024-10-13,29,Success
PAY-005106,CUST-0274,2024-11-12,29,Success
PAY-005107,CUST-0274,2024-12-12,29,Success
PAY-005108,CUST-0274,2025-01-11,29,Success
PAY-005109,CUST-0274,2025-02-10,29,Success
PAY-005110,CUST-0274,2025-03-12,29,Success
PAY-005111,CUST-0274,2025-04-11,29,Success
PAY-005112,CUST-0274,2025-05-11,29,Success
PAY-005113,CUST-0274,2025-06-10,29,Success
PAY-005114,CUST-0274,2025-07-10,29,Success
PAY-005115,CUST-0274,2025-08-09,29,Success
PAY-005116,CUST-0274,2025-09-08,29,Success
PAY-005117,CUST-0274,2025-10-08,29,Success
PAY-005118,CUST-0274,2025-11-07,29,Success
PAY-005119,CUST-0274,2025-12-07,29,Success
PAY-005120,CUST-0274,2026-01-06,29,Success
PAY-005121,CUST-0274,2026-02-05,29,Success
PAY-005122,CUST-0274,2026-03-07,29,Success
PAY-005123,CUST-0274,2026-04-06,29,Success
PAY-005124,CUST-0274,2026-05-06,29,Success
PAY-005125,CUST-0274,2026-06-05,29,Success
PAY-005126,CUST-0275,2024-12-27,99,Success
PAY-005127,CUST-0275,2025-01-26,99,Success
PAY-005128,CUST-0275,2025-02-25,99,Success
PAY-005129,CUST-0275,2025-03-27,99,Success
PAY-005130,CUST-0275,2025-04-26,99,Success
PAY-005131,CUST-0275,2025-05-26,99,Success
PAY-005132,CUST-0275,2025-06-25,99,Success
PAY-005133,CUST-0275,2025-07-25,99,Success
PAY-005134,CUST-0275,2025-08-24,99,Failed
PAY-005135,CUST-0275,2025-09-23,99,Success
PAY-005136,CUST-0275,2025-10-23,99,Success
PAY-005137,CUST-0275,2025-11-22,99,Success
PAY-005138,CUST-0275,2025-12-22,99,Success
PAY-005139,CUST-0275,2026-01-21,99,Success
PAY-005140,CUST-0275,2026-02-20,99,Success
PAY-005141,CUST-0275,2026-03-22,99,Success
PAY-005142,CUST-0275,2026-04-21,99,Success
PAY-005143,CUST-0275,2026-05-21,99,Success
PAY-005144,CUST-0275,2026-06-20,99,Success
PAY-005145,CUST-0276,2024-02-06,99,Success
PAY-005146,CUST-0276,2024-03-07,99,Success
PAY-005147,CUST-0276,2024-04-06,99,Success
PAY-005148,CUST-0276,2024-05-06,99,Success
PAY-005149,CUST-0276,2024-06-05,99,Success
PAY-005150,CUST-0276,2024-07-05,99,Success
PAY-005151,CUST-0276,2024-08-04,99,Success
PAY-005152,CUST-0276,2024-09-03,99,Success
PAY-005153,CUST-0276,2024-10-03,99,Success
PAY-005154,CUST-0276,2024-11-02,99,Success
PAY-005155,CUST-0276,2024-12-02,99,Success
PAY-005156,CUST-0276,2025-01-01,99,Success
PAY-005157,CUST-0276,2025-01-31,99,Success
PAY-005158,CUST-0276,2025-03-02,99,Success
PAY-005159,CUST-0276,2025-04-01,99,Success
PAY-005160,CUST-0276,2025-05-01,99,Success
PAY-005161,CUST-0276,2025-05-31,99,Success
PAY-005162,CUST-0276,2025-06-30,99,Success
PAY-005163,CUST-0276,2025-07-30,99,Success
PAY-005164,CUST-0276,2025-08-29,99,Success
PAY-005165,CUST-0276,2025-09-28,99,Success
PAY-005166,CUST-0276,2025-10-28,99,Success
PAY-005167,CUST-0276,2025-11-27,99,Success
PAY-005168,CUST-0276,2025-12-27,99,Success
PAY-005169,CUST-0276,2026-01-26,99,Success
PAY-005170,CUST-0276,2026-02-25,99,Failed
PAY-005171,CUST-0276,2026-03-27,99,Success
PAY-005172,CUST-0276,2026-04-26,99,Success
PAY-005173,CUST-0276,2026-05-26,99,Success
PAY-005174,CUST-0276,2026-06-25,99,Success
PAY-005175,CUST-0277,2025-02-07,99,Success
PAY-005176,CUST-0277,2025-03-09,99,Success
PAY-005177,CUST-0277,2025-04-08,99,Success
PAY-005178,CUST-0277,2025-05-08,99,Success
PAY-005179,CUST-0277,2025-06-07,99,Success
PAY-005180,CUST-0277,2025-07-07,99,Success
PAY-005181,CUST-0278,2024-02-28,29,Failed
PAY-005182,CUST-0278,2024-03-29,29,Success
PAY-005183,CUST-0278,2024-04-28,29,Success
PAY-005184,CUST-0278,2024-05-28,29,Success
PAY-005185,CUST-0278,2024-06-27,29,Success
PAY-005186,CUST-0278,2024-07-27,29,Success
PAY-005187,CUST-0278,2024-08-26,29,Success
PAY-005188,CUST-0278,2024-09-25,29,Success
PAY-005189,CUST-0278,2024-10-25,29,Success
PAY-005190,CUST-0278,2024-11-24,29,Success
PAY-005191,CUST-0278,2024-12-24,29,Success
PAY-005192,CUST-0278,2025-01-23,29,Success
PAY-005193,CUST-0278,2025-02-22,29,Success
PAY-005194,CUST-0278,2025-03-24,29,Success
PAY-005195,CUST-0278,2025-04-23,29,Success
PAY-005196,CUST-0278,2025-05-23,29,Success
PAY-005197,CUST-0278,2025-06-22,29,Success
PAY-005198,CUST-0278,2025-07-22,29,Success
PAY-005199,CUST-0278,2025-08-21,29,Success
PAY-005200,CUST-0278,2025-09-20,29,Success
PAY-005201,CUST-0278,2025-10-20,29,Success
PAY-005202,CUST-0278,2025-11-19,29,Success
PAY-005203,CUST-0278,2025-12-19,29,Success
PAY-005204,CUST-0278,2026-01-18,29,Success
PAY-005205,CUST-0278,2026-02-17,29,Success
PAY-005206,CUST-0278,2026-03-19,29,Success
PAY-005207,CUST-0278,2026-04-18,29,Success
PAY-005208,CUST-0278,2026-05-18,29,Success
PAY-005209,CUST-0278,2026-06-17,29,Success
PAY-005210,CUST-0279,2025-04-10,299,Success
PAY-005211,CUST-0279,2025-05-10,299,Success
PAY-005212,CUST-0279,2025-06-09,299,Success
PAY-005213,CUST-0279,2025-07-09,299,Success
PAY-005214,CUST-0279,2025-08-08,299,Success
PAY-005215,CUST-0279,2025-09-07,299,Success
PAY-005216,CUST-0279,2025-10-07,299,Success
PAY-005217,CUST-0279,2025-11-06,299,Success
PAY-005218,CUST-0279,2025-12-06,299,Success
PAY-005219,CUST-0279,2026-01-05,299,Success
PAY-005220,CUST-0279,2026-02-04,299,Success
PAY-005221,CUST-0279,2026-03-06,299,Success
PAY-005222,CUST-0279,2026-04-05,299,Success
PAY-005223,CUST-0279,2026-05-05,299,Success
PAY-005224,CUST-0279,2026-06-04,299,Success
PAY-005225,CUST-0280,2024-02-06,29,Success
PAY-005226,CUST-0280,2024-03-07,29,Failed
PAY-005227,CUST-0280,2024-04-06,29,Success
PAY-005228,CUST-0280,2024-05-06,29,Success
PAY-005229,CUST-0280,2024-06-05,29,Success
PAY-005230,CUST-0280,2024-07-05,29,Success
PAY-005231,CUST-0280,2024-08-04,29,Success
PAY-005232,CUST-0280,2024-09-03,29,Success
PAY-005233,CUST-0280,2024-10-03,29,Success
PAY-005234,CUST-0280,2024-11-02,29,Success
PAY-005235,CUST-0280,2024-12-02,29,Success
PAY-005236,CUST-0280,2025-01-01,29,Success
PAY-005237,CUST-0280,2025-01-31,29,Success
PAY-005238,CUST-0280,2025-03-02,29,Success
PAY-005239,CUST-0280,2025-04-01,29,Failed
PAY-005240,CUST-0280,2025-05-01,29,Success
PAY-005241,CUST-0280,2025-05-31,29,Success
PAY-005242,CUST-0280,2025-06-30,29,Success
PAY-005243,CUST-0280,2025-07-30,29,Success
PAY-005244,CUST-0280,2025-08-29,29,Success
PAY-005245,CUST-0280,2025-09-28,29,Success
PAY-005246,CUST-0280,2025-10-28,29,Success
PAY-005247,CUST-0280,2025-11-27,29,Success
PAY-005248,CUST-0280,2025-12-27,29,Success
PAY-005249,CUST-0280,2026-01-26,29,Success
PAY-005250,CUST-0280,2026-02-25,29,Success
PAY-005251,CUST-0280,2026-03-27,29,Success
PAY-005252,CUST-0280,2026-04-26,29,Success
PAY-005253,CUST-0280,2026-05-26,29,Success
PAY-005254,CUST-0280,2026-06-25,29,Success
PAY-005255,CUST-0281,2025-02-09,299,Success
PAY-005256,CUST-0281,2025-03-11,299,Success
PAY-005257,CUST-0281,2025-04-10,299,Success
PAY-005258,CUST-0281,2025-05-10,299,Success
PAY-005259,CUST-0281,2025-06-09,299,Success
PAY-005260,CUST-0281,2025-07-09,299,Success
PAY-005261,CUST-0281,2025-08-08,299,Success
PAY-005262,CUST-0281,2025-09-07,299,Success
PAY-005263,CUST-0282,2024-08-12,29,Success
PAY-005264,CUST-0282,2024-09-11,29,Success
PAY-005265,CUST-0282,2024-10-11,29,Success
PAY-005266,CUST-0282,2024-11-10,29,Success
PAY-005267,CUST-0282,2024-12-10,29,Success
PAY-005268,CUST-0282,2025-01-09,29,Success
PAY-005269,CUST-0282,2025-02-08,29,Success
PAY-005270,CUST-0282,2025-03-10,29,Success
PAY-005271,CUST-0282,2025-04-09,29,Success
PAY-005272,CUST-0282,2025-05-09,29,Success
PAY-005273,CUST-0282,2025-06-08,29,Success
PAY-005274,CUST-0282,2025-07-08,29,Success
PAY-005275,CUST-0282,2025-08-07,29,Success
PAY-005276,CUST-0282,2025-09-06,29,Success
PAY-005277,CUST-0282,2025-10-06,29,Success
PAY-005278,CUST-0282,2025-11-05,29,Success
PAY-005279,CUST-0282,2025-12-05,29,Success
PAY-005280,CUST-0282,2026-01-04,29,Success
PAY-005281,CUST-0282,2026-02-03,29,Success
PAY-005282,CUST-0282,2026-03-05,29,Success
PAY-005283,CUST-0282,2026-04-04,29,Success
PAY-005284,CUST-0282,2026-05-04,29,Success
PAY-005285,CUST-0282,2026-06-03,29,Success
PAY-005286,CUST-0283,2024-12-18,29,Success
PAY-005287,CUST-0283,2025-01-17,29,Success
PAY-005288,CUST-0283,2025-02-16,29,Success
PAY-005289,CUST-0283,2025-03-18,29,Success
PAY-005290,CUST-0283,2025-04-17,29,Success
PAY-005291,CUST-0283,2025-05-17,29,Success
PAY-005292,CUST-0283,2025-06-16,29,Success
PAY-005293,CUST-0283,2025-07-16,29,Success
PAY-005294,CUST-0283,2025-08-15,29,Success
PAY-005295,CUST-0283,2025-09-14,29,Success
PAY-005296,CUST-0283,2025-10-14,29,Failed
PAY-005297,CUST-0283,2025-11-13,29,Success
PAY-005298,CUST-0283,2025-12-13,29,Success
PAY-005299,CUST-0283,2026-01-12,29,Success
PAY-005300,CUST-0283,2026-02-11,29,Success
PAY-005301,CUST-0283,2026-03-13,29,Success
PAY-005302,CUST-0283,2026-04-12,29,Success
PAY-005303,CUST-0283,2026-05-12,29,Success
PAY-005304,CUST-0283,2026-06-11,29,Success
PAY-005305,CUST-0284,2025-04-27,29,Success
PAY-005306,CUST-0284,2025-05-27,29,Success
PAY-005307,CUST-0284,2025-06-26,29,Success
PAY-005308,CUST-0284,2025-07-26,29,Success
PAY-005309,CUST-0284,2025-08-25,29,Success
PAY-005310,CUST-0285,2024-08-12,29,Success
PAY-005311,CUST-0285,2024-09-11,29,Success
PAY-005312,CUST-0285,2024-10-11,29,Success
PAY-005313,CUST-0285,2024-11-10,29,Success
PAY-005314,CUST-0285,2024-12-10,29,Success
PAY-005315,CUST-0285,2025-01-09,29,Success
PAY-005316,CUST-0285,2025-02-08,29,Success
PAY-005317,CUST-0285,2025-03-10,29,Success
PAY-005318,CUST-0285,2025-04-09,29,Success
PAY-005319,CUST-0285,2025-05-09,29,Success
PAY-005320,CUST-0285,2025-06-08,29,Success
PAY-005321,CUST-0285,2025-07-08,29,Success
PAY-005322,CUST-0285,2025-08-07,29,Success
PAY-005323,CUST-0285,2025-09-06,29,Success
PAY-005324,CUST-0285,2025-10-06,29,Success
PAY-005325,CUST-0285,2025-11-05,29,Success
PAY-005326,CUST-0285,2025-12-05,29,Success
PAY-005327,CUST-0285,2026-01-04,29,Success
PAY-005328,CUST-0285,2026-02-03,29,Success
PAY-005329,CUST-0285,2026-03-05,29,Success
PAY-005330,CUST-0285,2026-04-04,29,Success
PAY-005331,CUST-0285,2026-05-04,29,Success
PAY-005332,CUST-0285,2026-06-03,29,Success
PAY-005333,CUST-0286,2025-03-31,29,Success
PAY-005334,CUST-0286,2025-04-30,29,Success
PAY-005335,CUST-0286,2025-05-30,29,Success
PAY-005336,CUST-0286,2025-06-29,29,Success
PAY-005337,CUST-0286,2025-07-29,29,Success
PAY-005338,CUST-0286,2025-08-28,29,Success
PAY-005339,CUST-0286,2025-09-27,29,Success
PAY-005340,CUST-0286,2025-10-27,29,Success
PAY-005341,CUST-0286,2025-11-26,29,Success
PAY-005342,CUST-0286,2025-12-26,29,Success
PAY-005343,CUST-0286,2026-01-25,29,Success
PAY-005344,CUST-0286,2026-02-24,29,Success
PAY-005345,CUST-0286,2026-03-26,29,Success
PAY-005346,CUST-0286,2026-04-25,29,Success
PAY-005347,CUST-0286,2026-05-25,29,Success
PAY-005348,CUST-0286,2026-06-24,29,Success
PAY-005349,CUST-0287,2024-11-05,29,Success
PAY-005350,CUST-0287,2024-12-05,29,Success
PAY-005351,CUST-0287,2025-01-04,29,Success
PAY-005352,CUST-0287,2025-02-03,29,Success
PAY-005353,CUST-0287,2025-03-05,29,Success
PAY-005354,CUST-0287,2025-04-04,29,Success
PAY-005355,CUST-0287,2025-05-04,29,Success
PAY-005356,CUST-0287,2025-06-03,29,Success
PAY-005357,CUST-0287,2025-07-03,29,Success
PAY-005358,CUST-0287,2025-08-02,29,Success
PAY-005359,CUST-0287,2025-09-01,29,Success
PAY-005360,CUST-0287,2025-10-01,29,Success
PAY-005361,CUST-0287,2025-10-31,29,Success
PAY-005362,CUST-0288,2024-02-16,29,Success
PAY-005363,CUST-0288,2024-03-17,29,Success
PAY-005364,CUST-0288,2024-04-16,29,Success
PAY-005365,CUST-0288,2024-05-16,29,Success
PAY-005366,CUST-0288,2024-06-15,29,Success
PAY-005367,CUST-0288,2024-07-15,29,Success
PAY-005368,CUST-0288,2024-08-14,29,Success
PAY-005369,CUST-0288,2024-09-13,29,Success
PAY-005370,CUST-0288,2024-10-13,29,Success
PAY-005371,CUST-0288,2024-11-12,29,Success
PAY-005372,CUST-0288,2024-12-12,29,Success
PAY-005373,CUST-0288,2025-01-11,29,Success
PAY-005374,CUST-0288,2025-02-10,29,Success
PAY-005375,CUST-0288,2025-03-12,29,Success
PAY-005376,CUST-0288,2025-04-11,29,Success
PAY-005377,CUST-0288,2025-05-11,29,Success
PAY-005378,CUST-0288,2025-06-10,29,Success
PAY-005379,CUST-0288,2025-07-10,29,Success
PAY-005380,CUST-0288,2025-08-09,29,Success
PAY-005381,CUST-0288,2025-09-08,29,Success
PAY-005382,CUST-0288,2025-10-08,29,Success
PAY-005383,CUST-0288,2025-11-07,29,Success
PAY-005384,CUST-0288,2025-12-07,29,Success
PAY-005385,CUST-0288,2026-01-06,29,Success
PAY-005386,CUST-0288,2026-02-05,29,Success
PAY-005387,CUST-0288,2026-03-07,29,Success
PAY-005388,CUST-0288,2026-04-06,29,Success
PAY-005389,CUST-0288,2026-05-06,29,Success
PAY-005390,CUST-0288,2026-06-05,29,Success
PAY-005391,CUST-0289,2025-01-26,299,Success
PAY-005392,CUST-0289,2025-02-25,299,Success
PAY-005393,CUST-0289,2025-03-27,299,Success
PAY-005394,CUST-0289,2025-04-26,299,Failed
PAY-005395,CUST-0289,2025-05-26,299,Success
PAY-005396,CUST-0289,2025-06-25,299,Success
PAY-005397,CUST-0289,2025-07-25,299,Success
PAY-005398,CUST-0289,2025-08-24,299,Success
PAY-005399,CUST-0289,2025-09-23,299,Success
PAY-005400,CUST-0289,2025-10-23,299,Success
PAY-005401,CUST-0289,2025-11-22,299,Success
PAY-005402,CUST-0289,2025-12-22,299,Success
PAY-005403,CUST-0289,2026-01-21,299,Success
PAY-005404,CUST-0289,2026-02-20,299,Success
PAY-005405,CUST-0289,2026-03-22,299,Success
PAY-005406,CUST-0289,2026-04-21,299,Success
PAY-005407,CUST-0289,2026-05-21,299,Success
PAY-005408,CUST-0289,2026-06-20,299,Success
PAY-005409,CUST-0290,2025-01-25,99,Success
PAY-005410,CUST-0290,2025-02-24,99,Success
PAY-005411,CUST-0290,2025-03-26,99,Success
PAY-005412,CUST-0291,2024-09-22,99,Success
PAY-005413,CUST-0291,2024-10-22,99,Success
PAY-005414,CUST-0291,2024-11-21,99,Success
PAY-005415,CUST-0291,2024-12-21,99,Success
PAY-005416,CUST-0291,2025-01-20,99,Success
PAY-005417,CUST-0291,2025-02-19,99,Success
PAY-005418,CUST-0291,2025-03-21,99,Success
PAY-005419,CUST-0291,2025-04-20,99,Success
PAY-005420,CUST-0291,2025-05-20,99,Success
PAY-005421,CUST-0291,2025-06-19,99,Success
PAY-005422,CUST-0291,2025-07-19,99,Success
PAY-005423,CUST-0291,2025-08-18,99,Success
PAY-005424,CUST-0291,2025-09-17,99,Success
PAY-005425,CUST-0292,2024-04-02,29,Success
PAY-005426,CUST-0292,2024-05-02,29,Success
PAY-005427,CUST-0293,2025-05-11,99,Success
PAY-005428,CUST-0293,2025-06-10,99,Success
PAY-005429,CUST-0293,2025-07-10,99,Success
PAY-005430,CUST-0293,2025-08-09,99,Success
PAY-005431,CUST-0293,2025-09-08,99,Success
PAY-005432,CUST-0293,2025-10-08,99,Success
PAY-005433,CUST-0293,2025-11-07,99,Success
PAY-005434,CUST-0293,2025-12-07,99,Success
PAY-005435,CUST-0293,2026-01-06,99,Success
PAY-005436,CUST-0293,2026-02-05,99,Success
PAY-005437,CUST-0293,2026-03-07,99,Success
PAY-005438,CUST-0293,2026-04-06,99,Success
PAY-005439,CUST-0293,2026-05-06,99,Failed
PAY-005440,CUST-0293,2026-06-05,99,Success
PAY-005441,CUST-0294,2024-06-27,29,Success
PAY-005442,CUST-0294,2024-07-27,29,Success
PAY-005443,CUST-0294,2024-08-26,29,Success
PAY-005444,CUST-0294,2024-09-25,29,Success
PAY-005445,CUST-0294,2024-10-25,29,Success
PAY-005446,CUST-0294,2024-11-24,29,Success
PAY-005447,CUST-0294,2024-12-24,29,Success
PAY-005448,CUST-0294,2025-01-23,29,Success
PAY-005449,CUST-0294,2025-02-22,29,Success
PAY-005450,CUST-0294,2025-03-24,29,Success
PAY-005451,CUST-0294,2025-04-23,29,Success
PAY-005452,CUST-0294,2025-05-23,29,Success
PAY-005453,CUST-0294,2025-06-22,29,Success
PAY-005454,CUST-0294,2025-07-22,29,Success
PAY-005455,CUST-0294,2025-08-21,29,Success
PAY-005456,CUST-0294,2025-09-20,29,Success
PAY-005457,CUST-0294,2025-10-20,29,Success
PAY-005458,CUST-0294,2025-11-19,29,Success
PAY-005459,CUST-0294,2025-12-19,29,Success
PAY-005460,CUST-0294,2026-01-18,29,Success
PAY-005461,CUST-0294,2026-02-17,29,Success
PAY-005462,CUST-0294,2026-03-19,29,Success
PAY-005463,CUST-0294,2026-04-18,29,Success
PAY-005464,CUST-0294,2026-05-18,29,Success
PAY-005465,CUST-0294,2026-06-17,29,Success
PAY-005466,CUST-0295,2024-06-13,299,Success
PAY-005467,CUST-0295,2024-07-13,299,Success
PAY-005468,CUST-0295,2024-08-12,299,Success
PAY-005469,CUST-0295,2024-09-11,299,Success
PAY-005470,CUST-0295,2024-10-11,299,Success
PAY-005471,CUST-0295,2024-11-10,299,Success
PAY-005472,CUST-0295,2024-12-10,299,Success
PAY-005473,CUST-0295,2025-01-09,299,Success
PAY-005474,CUST-0295,2025-02-08,299,Success
PAY-005475,CUST-0295,2025-03-10,299,Success
PAY-005476,CUST-0295,2025-04-09,299,Success
PAY-005477,CUST-0295,2025-05-09,299,Success
PAY-005478,CUST-0295,2025-06-08,299,Success
PAY-005479,CUST-0295,2025-07-08,299,Success
PAY-005480,CUST-0295,2025-08-07,299,Success
PAY-005481,CUST-0295,2025-09-06,299,Success
PAY-005482,CUST-0295,2025-10-06,299,Success
PAY-005483,CUST-0295,2025-11-05,299,Success
PAY-005484,CUST-0295,2025-12-05,299,Success
PAY-005485,CUST-0295,2026-01-04,299,Success
PAY-005486,CUST-0295,2026-02-03,299,Success
PAY-005487,CUST-0295,2026-03-05,299,Success
PAY-005488,CUST-0295,2026-04-04,299,Success
PAY-005489,CUST-0295,2026-05-04,299,Success
PAY-005490,CUST-0295,2026-06-03,299,Success
PAY-005491,CUST-0296,2024-06-17,99,Success
PAY-005492,CUST-0296,2024-07-17,99,Success
PAY-005493,CUST-0296,2024-08-16,99,Success
PAY-005494,CUST-0296,2024-09-15,99,Success
PAY-005495,CUST-0296,2024-10-15,99,Success
PAY-005496,CUST-0296,2024-11-14,99,Success
PAY-005497,CUST-0297,2024-05-27,99,Success
PAY-005498,CUST-0297,2024-06-26,99,Success
PAY-005499,CUST-0297,2024-07-26,99,Success
PAY-005500,CUST-0297,2024-08-25,99,Success
PAY-005501,CUST-0297,2024-09-24,99,Success
PAY-005502,CUST-0297,2024-10-24,99,Success
PAY-005503,CUST-0297,2024-11-23,99,Success
PAY-005504,CUST-0297,2024-12-23,99,Success
PAY-005505,CUST-0297,2025-01-22,99,Success
PAY-005506,CUST-0297,2025-02-21,99,Success
PAY-005507,CUST-0297,2025-03-23,99,Success
PAY-005508,CUST-0297,2025-04-22,99,Success
PAY-005509,CUST-0297,2025-05-22,99,Success
PAY-005510,CUST-0297,2025-06-21,99,Success
PAY-005511,CUST-0297,2025-07-21,99,Success
PAY-005512,CUST-0297,2025-08-20,99,Success
PAY-005513,CUST-0297,2025-09-19,99,Success
PAY-005514,CUST-0297,2025-10-19,99,Success
PAY-005515,CUST-0297,2025-11-18,99,Success
PAY-005516,CUST-0297,2025-12-18,99,Success
PAY-005517,CUST-0297,2026-01-17,99,Success
PAY-005518,CUST-0297,2026-02-16,99,Success
PAY-005519,CUST-0297,2026-03-18,99,Success
PAY-005520,CUST-0297,2026-04-17,99,Success
PAY-005521,CUST-0297,2026-05-17,99,Success
PAY-005522,CUST-0297,2026-06-16,99,Success
PAY-005523,CUST-0298,2024-08-20,29,Success
PAY-005524,CUST-0298,2024-09-19,29,Success
PAY-005525,CUST-0298,2024-10-19,29,Success
PAY-005526,CUST-0298,2024-11-18,29,Success
PAY-005527,CUST-0298,2024-12-18,29,Success
PAY-005528,CUST-0298,2025-01-17,29,Success
PAY-005529,CUST-0298,2025-02-16,29,Success
PAY-005530,CUST-0298,2025-03-18,29,Failed
PAY-005531,CUST-0298,2025-04-17,29,Success
PAY-005532,CUST-0298,2025-05-17,29,Success
PAY-005533,CUST-0298,2025-06-16,29,Success
PAY-005534,CUST-0298,2025-07-16,29,Success
PAY-005535,CUST-0298,2025-08-15,29,Success
PAY-005536,CUST-0298,2025-09-14,29,Success
PAY-005537,CUST-0298,2025-10-14,29,Success
PAY-005538,CUST-0298,2025-11-13,29,Success
PAY-005539,CUST-0298,2025-12-13,29,Success
PAY-005540,CUST-0298,2026-01-12,29,Success
PAY-005541,CUST-0298,2026-02-11,29,Success
PAY-005542,CUST-0298,2026-03-13,29,Success
PAY-005543,CUST-0298,2026-04-12,29,Success
PAY-005544,CUST-0298,2026-05-12,29,Success
PAY-005545,CUST-0298,2026-06-11,29,Success
PAY-005546,CUST-0299,2024-05-09,29,Success
PAY-005547,CUST-0299,2024-06-08,29,Success
PAY-005548,CUST-0299,2024-07-08,29,Success
PAY-005549,CUST-0299,2024-08-07,29,Success
PAY-005550,CUST-0299,2024-09-06,29,Success
PAY-005551,CUST-0299,2024-10-06,29,Success
PAY-005552,CUST-0299,2024-11-05,29,Success
PAY-005553,CUST-0299,2024-12-05,29,Success
PAY-005554,CUST-0299,2025-01-04,29,Success
PAY-005555,CUST-0299,2025-02-03,29,Success
PAY-005556,CUST-0299,2025-03-05,29,Success
PAY-005557,CUST-0299,2025-04-04,29,Success
PAY-005558,CUST-0299,2025-05-04,29,Success
PAY-005559,CUST-0299,2025-06-03,29,Success
PAY-005560,CUST-0299,2025-07-03,29,Success
PAY-005561,CUST-0299,2025-08-02,29,Success
PAY-005562,CUST-0299,2025-09-01,29,Success
PAY-005563,CUST-0299,2025-10-01,29,Success
PAY-005564,CUST-0299,2025-10-31,29,Success
PAY-005565,CUST-0299,2025-11-30,29,Success
PAY-005566,CUST-0299,2025-12-30,29,Success
PAY-005567,CUST-0299,2026-01-29,29,Success
PAY-005568,CUST-0299,2026-02-28,29,Success
PAY-005569,CUST-0299,2026-03-30,29,Success
PAY-005570,CUST-0299,2026-04-29,29,Success
PAY-005571,CUST-0299,2026-05-29,29,Success
PAY-005572,CUST-0299,2026-06-28,29,Success
PAY-005573,CUST-0300,2025-05-11,29,Success
PAY-005574,CUST-0300,2025-06-10,29,Failed
PAY-005575,CUST-0300,2025-07-10,29,Success
PAY-005576,CUST-0300,2025-08-09,29,Success
PAY-005577,CUST-0300,2025-09-08,29,Success
PAY-005578,CUST-0300,2025-10-08,29,Success
PAY-005579,CUST-0300,2025-11-07,29,Success
PAY-005580,CUST-0300,2025-12-07,29,Success
PAY-005581,CUST-0300,2026-01-06,29,Success
PAY-005582,CUST-0300,2026-02-05,29,Success
PAY-005583,CUST-0300,2026-03-07,29,Success
PAY-005584,CUST-0300,2026-04-06,29,Success
PAY-005585,CUST-0300,2026-05-06,29,Success
PAY-005586,CUST-0300,2026-06-05,29,Success
PAY-005587,CUST-0301,2024-12-02,99,Success
PAY-005588,CUST-0301,2025-01-01,99,Failed
PAY-005589,CUST-0301,2025-01-31,99,Success
PAY-005590,CUST-0301,2025-03-02,99,Success
PAY-005591,CUST-0301,2025-04-01,99,Success
PAY-005592,CUST-0301,2025-05-01,99,Success
PAY-005593,CUST-0301,2025-05-31,99,Success
PAY-005594,CUST-0301,2025-06-30,99,Success
PAY-005595,CUST-0301,2025-07-30,99,Success
PAY-005596,CUST-0301,2025-08-29,99,Success
PAY-005597,CUST-0301,2025-09-28,99,Failed
PAY-005598,CUST-0301,2025-10-28,99,Success
PAY-005599,CUST-0301,2025-11-27,99,Success
PAY-005600,CUST-0301,2025-12-27,99,Success
PAY-005601,CUST-0301,2026-01-26,99,Success
PAY-005602,CUST-0301,2026-02-25,99,Success
PAY-005603,CUST-0301,2026-03-27,99,Success
PAY-005604,CUST-0301,2026-04-26,99,Success
PAY-005605,CUST-0301,2026-05-26,99,Success
PAY-005606,CUST-0301,2026-06-25,99,Success
PAY-005607,CUST-0302,2024-01-28,29,Success
PAY-005608,CUST-0302,2024-02-27,29,Success
PAY-005609,CUST-0302,2024-03-28,29,Success
PAY-005610,CUST-0302,2024-04-27,29,Success
PAY-005611,CUST-0302,2024-05-27,29,Success
PAY-005612,CUST-0302,2024-06-26,29,Failed
PAY-005613,CUST-0302,2024-07-26,29,Success
PAY-005614,CUST-0303,2024-11-14,99,Success
PAY-005615,CUST-0303,2024-12-14,99,Success
PAY-005616,CUST-0303,2025-01-13,99,Failed
PAY-005617,CUST-0303,2025-02-12,99,Success
PAY-005618,CUST-0303,2025-03-14,99,Success
PAY-005619,CUST-0303,2025-04-13,99,Success
PAY-005620,CUST-0303,2025-05-13,99,Success
PAY-005621,CUST-0303,2025-06-12,99,Success
PAY-005622,CUST-0304,2025-01-24,29,Success
PAY-005623,CUST-0304,2025-02-23,29,Success
PAY-005624,CUST-0304,2025-03-25,29,Success
PAY-005625,CUST-0304,2025-04-24,29,Success
PAY-005626,CUST-0304,2025-05-24,29,Success
PAY-005627,CUST-0304,2025-06-23,29,Success
PAY-005628,CUST-0304,2025-07-23,29,Success
PAY-005629,CUST-0304,2025-08-22,29,Success
PAY-005630,CUST-0304,2025-09-21,29,Success
PAY-005631,CUST-0304,2025-10-21,29,Success
PAY-005632,CUST-0304,2025-11-20,29,Success
PAY-005633,CUST-0304,2025-12-20,29,Success
PAY-005634,CUST-0304,2026-01-19,29,Success
PAY-005635,CUST-0304,2026-02-18,29,Success
PAY-005636,CUST-0304,2026-03-20,29,Success
PAY-005637,CUST-0304,2026-04-19,29,Success
PAY-005638,CUST-0304,2026-05-19,29,Success
PAY-005639,CUST-0304,2026-06-18,29,Success
PAY-005640,CUST-0305,2024-05-16,99,Success
PAY-005641,CUST-0305,2024-06-15,99,Success
PAY-005642,CUST-0305,2024-07-15,99,Success
PAY-005643,CUST-0305,2024-08-14,99,Success
PAY-005644,CUST-0305,2024-09-13,99,Success
PAY-005645,CUST-0305,2024-10-13,99,Success
PAY-005646,CUST-0305,2024-11-12,99,Success
PAY-005647,CUST-0305,2024-12-12,99,Success
PAY-005648,CUST-0305,2025-01-11,99,Success
PAY-005649,CUST-0305,2025-02-10,99,Failed
PAY-005650,CUST-0305,2025-03-12,99,Success
PAY-005651,CUST-0305,2025-04-11,99,Success
PAY-005652,CUST-0305,2025-05-11,99,Success
PAY-005653,CUST-0305,2025-06-10,99,Success
PAY-005654,CUST-0305,2025-07-10,99,Success
PAY-005655,CUST-0305,2025-08-09,99,Success
PAY-005656,CUST-0305,2025-09-08,99,Success
PAY-005657,CUST-0305,2025-10-08,99,Success
PAY-005658,CUST-0305,2025-11-07,99,Success
PAY-005659,CUST-0305,2025-12-07,99,Success
PAY-005660,CUST-0305,2026-01-06,99,Success
PAY-005661,CUST-0305,2026-02-05,99,Success
PAY-005662,CUST-0305,2026-03-07,99,Success
PAY-005663,CUST-0305,2026-04-06,99,Success
PAY-005664,CUST-0305,2026-05-06,99,Success
PAY-005665,CUST-0305,2026-06-05,99,Success
PAY-005666,CUST-0306,2024-08-12,29,Success
PAY-005667,CUST-0306,2024-09-11,29,Success
PAY-005668,CUST-0306,2024-10-11,29,Success
PAY-005669,CUST-0306,2024-11-10,29,Success
PAY-005670,CUST-0306,2024-12-10,29,Success
PAY-005671,CUST-0306,2025-01-09,29,Success
PAY-005672,CUST-0306,2025-02-08,29,Success
PAY-005673,CUST-0306,2025-03-10,29,Success
PAY-005674,CUST-0306,2025-04-09,29,Success
PAY-005675,CUST-0306,2025-05-09,29,Success
PAY-005676,CUST-0306,2025-06-08,29,Success
PAY-005677,CUST-0306,2025-07-08,29,Success
PAY-005678,CUST-0306,2025-08-07,29,Success
PAY-005679,CUST-0306,2025-09-06,29,Success
PAY-005680,CUST-0306,2025-10-06,29,Success
PAY-005681,CUST-0306,2025-11-05,29,Success
PAY-005682,CUST-0306,2025-12-05,29,Success
PAY-005683,CUST-0306,2026-01-04,29,Success
PAY-005684,CUST-0306,2026-02-03,29,Success
PAY-005685,CUST-0306,2026-03-05,29,Success
PAY-005686,CUST-0306,2026-04-04,29,Failed
PAY-005687,CUST-0306,2026-05-04,29,Success
PAY-005688,CUST-0306,2026-06-03,29,Failed
PAY-005689,CUST-0307,2024-01-15,99,Success
PAY-005690,CUST-0307,2024-02-14,99,Success
PAY-005691,CUST-0307,2024-03-15,99,Success
PAY-005692,CUST-0307,2024-04-14,99,Success
PAY-005693,CUST-0307,2024-05-14,99,Success
PAY-005694,CUST-0307,2024-06-13,99,Success
PAY-005695,CUST-0307,2024-07-13,99,Success
PAY-005696,CUST-0307,2024-08-12,99,Success
PAY-005697,CUST-0307,2024-09-11,99,Success
PAY-005698,CUST-0307,2024-10-11,99,Success
PAY-005699,CUST-0307,2024-11-10,99,Success
PAY-005700,CUST-0307,2024-12-10,99,Success
PAY-005701,CUST-0307,2025-01-09,99,Success
PAY-005702,CUST-0307,2025-02-08,99,Success
PAY-005703,CUST-0307,2025-03-10,99,Success
PAY-005704,CUST-0307,2025-04-09,99,Success
PAY-005705,CUST-0307,2025-05-09,99,Success
PAY-005706,CUST-0307,2025-06-08,99,Success
PAY-005707,CUST-0307,2025-07-08,99,Failed
PAY-005708,CUST-0307,2025-08-07,99,Success
PAY-005709,CUST-0307,2025-09-06,99,Success
PAY-005710,CUST-0307,2025-10-06,99,Success
PAY-005711,CUST-0307,2025-11-05,99,Success
PAY-005712,CUST-0307,2025-12-05,99,Success
PAY-005713,CUST-0307,2026-01-04,99,Success
PAY-005714,CUST-0307,2026-02-03,99,Success
PAY-005715,CUST-0307,2026-03-05,99,Success
PAY-005716,CUST-0307,2026-04-04,99,Success
PAY-005717,CUST-0307,2026-05-04,99,Success
PAY-005718,CUST-0307,2026-06-03,99,Success
PAY-005719,CUST-0308,2024-06-08,99,Success
PAY-005720,CUST-0308,2024-07-08,99,Success
PAY-005721,CUST-0308,2024-08-07,99,Success
PAY-005722,CUST-0308,2024-09-06,99,Success
PAY-005723,CUST-0308,2024-10-06,99,Success
PAY-005724,CUST-0308,2024-11-05,99,Success
PAY-005725,CUST-0308,2024-12-05,99,Success
PAY-005726,CUST-0308,2025-01-04,99,Success
PAY-005727,CUST-0308,2025-02-03,99,Success
PAY-005728,CUST-0308,2025-03-05,99,Success
PAY-005729,CUST-0308,2025-04-04,99,Success
PAY-005730,CUST-0308,2025-05-04,99,Success
PAY-005731,CUST-0308,2025-06-03,99,Success
PAY-005732,CUST-0308,2025-07-03,99,Success
PAY-005733,CUST-0308,2025-08-02,99,Success
PAY-005734,CUST-0308,2025-09-01,99,Success
PAY-005735,CUST-0308,2025-10-01,99,Failed
PAY-005736,CUST-0308,2025-10-31,99,Success
PAY-005737,CUST-0308,2025-11-30,99,Success
PAY-005738,CUST-0308,2025-12-30,99,Success
PAY-005739,CUST-0308,2026-01-29,99,Success
PAY-005740,CUST-0308,2026-02-28,99,Success
PAY-005741,CUST-0308,2026-03-30,99,Success
PAY-005742,CUST-0308,2026-04-29,99,Success
PAY-005743,CUST-0308,2026-05-29,99,Success
PAY-005744,CUST-0308,2026-06-28,99,Success
PAY-005745,CUST-0309,2024-02-17,29,Success
PAY-005746,CUST-0309,2024-03-18,29,Success
PAY-005747,CUST-0309,2024-04-17,29,Success
PAY-005748,CUST-0309,2024-05-17,29,Success
PAY-005749,CUST-0309,2024-06-16,29,Success
PAY-005750,CUST-0309,2024-07-16,29,Success
PAY-005751,CUST-0309,2024-08-15,29,Success
PAY-005752,CUST-0309,2024-09-14,29,Success
PAY-005753,CUST-0309,2024-10-14,29,Success
PAY-005754,CUST-0309,2024-11-13,29,Success
PAY-005755,CUST-0309,2024-12-13,29,Success
PAY-005756,CUST-0309,2025-01-12,29,Success
PAY-005757,CUST-0309,2025-02-11,29,Success
PAY-005758,CUST-0309,2025-03-13,29,Success
PAY-005759,CUST-0309,2025-04-12,29,Success
PAY-005760,CUST-0309,2025-05-12,29,Success
PAY-005761,CUST-0309,2025-06-11,29,Success
PAY-005762,CUST-0309,2025-07-11,29,Success
PAY-005763,CUST-0309,2025-08-10,29,Success
PAY-005764,CUST-0309,2025-09-09,29,Success
PAY-005765,CUST-0309,2025-10-09,29,Success
PAY-005766,CUST-0309,2025-11-08,29,Success
PAY-005767,CUST-0309,2025-12-08,29,Success
PAY-005768,CUST-0309,2026-01-07,29,Failed
PAY-005769,CUST-0309,2026-02-06,29,Success
PAY-005770,CUST-0309,2026-03-08,29,Success
PAY-005771,CUST-0309,2026-04-07,29,Success
PAY-005772,CUST-0309,2026-05-07,29,Success
PAY-005773,CUST-0309,2026-06-06,29,Success
PAY-005774,CUST-0310,2024-08-24,29,Success
PAY-005775,CUST-0310,2024-09-23,29,Success
PAY-005776,CUST-0310,2024-10-23,29,Success
PAY-005777,CUST-0310,2024-11-22,29,Success
PAY-005778,CUST-0310,2024-12-22,29,Success
PAY-005779,CUST-0310,2025-01-21,29,Success
PAY-005780,CUST-0310,2025-02-20,29,Success
PAY-005781,CUST-0310,2025-03-22,29,Success
PAY-005782,CUST-0310,2025-04-21,29,Success
PAY-005783,CUST-0310,2025-05-21,29,Success
PAY-005784,CUST-0310,2025-06-20,29,Failed
PAY-005785,CUST-0310,2025-07-20,29,Success
PAY-005786,CUST-0310,2025-08-19,29,Success
PAY-005787,CUST-0310,2025-09-18,29,Success
PAY-005788,CUST-0310,2025-10-18,29,Success
PAY-005789,CUST-0310,2025-11-17,29,Success
PAY-005790,CUST-0310,2025-12-17,29,Success
PAY-005791,CUST-0310,2026-01-16,29,Success
PAY-005792,CUST-0310,2026-02-15,29,Success
PAY-005793,CUST-0310,2026-03-17,29,Success
PAY-005794,CUST-0310,2026-04-16,29,Success
PAY-005795,CUST-0310,2026-05-16,29,Success
PAY-005796,CUST-0310,2026-06-15,29,Success
PAY-005797,CUST-0311,2024-09-12,99,Success
PAY-005798,CUST-0311,2024-10-12,99,Success
PAY-005799,CUST-0311,2024-11-11,99,Success
PAY-005800,CUST-0311,2024-12-11,99,Success
PAY-005801,CUST-0311,2025-01-10,99,Success
PAY-005802,CUST-0311,2025-02-09,99,Success
PAY-005803,CUST-0311,2025-03-11,99,Success
PAY-005804,CUST-0311,2025-04-10,99,Success
PAY-005805,CUST-0311,2025-05-10,99,Success
PAY-005806,CUST-0311,2025-06-09,99,Success
PAY-005807,CUST-0311,2025-07-09,99,Success
PAY-005808,CUST-0312,2024-07-31,99,Success
PAY-005809,CUST-0312,2024-08-30,99,Success
PAY-005810,CUST-0312,2024-09-29,99,Success
PAY-005811,CUST-0312,2024-10-29,99,Success
PAY-005812,CUST-0312,2024-11-28,99,Success
PAY-005813,CUST-0312,2024-12-28,99,Success
PAY-005814,CUST-0312,2025-01-27,99,Success
PAY-005815,CUST-0312,2025-02-26,99,Success
PAY-005816,CUST-0312,2025-03-28,99,Success
PAY-005817,CUST-0312,2025-04-27,99,Success
PAY-005818,CUST-0312,2025-05-27,99,Success
PAY-005819,CUST-0312,2025-06-26,99,Success
PAY-005820,CUST-0312,2025-07-26,99,Success
PAY-005821,CUST-0313,2024-05-04,99,Success
PAY-005822,CUST-0313,2024-06-03,99,Success
PAY-005823,CUST-0313,2024-07-03,99,Success
PAY-005824,CUST-0313,2024-08-02,99,Success
PAY-005825,CUST-0313,2024-09-01,99,Success
PAY-005826,CUST-0313,2024-10-01,99,Success
PAY-005827,CUST-0313,2024-10-31,99,Success
PAY-005828,CUST-0313,2024-11-30,99,Success
PAY-005829,CUST-0313,2024-12-30,99,Success
PAY-005830,CUST-0313,2025-01-29,99,Success
PAY-005831,CUST-0313,2025-02-28,99,Success
PAY-005832,CUST-0313,2025-03-30,99,Success
PAY-005833,CUST-0313,2025-04-29,99,Success
PAY-005834,CUST-0313,2025-05-29,99,Success
PAY-005835,CUST-0313,2025-06-28,99,Success
PAY-005836,CUST-0313,2025-07-28,99,Success
PAY-005837,CUST-0313,2025-08-27,99,Success
PAY-005838,CUST-0313,2025-09-26,99,Success
PAY-005839,CUST-0313,2025-10-26,99,Success
PAY-005840,CUST-0313,2025-11-25,99,Success
PAY-005841,CUST-0313,2025-12-25,99,Success
PAY-005842,CUST-0313,2026-01-24,99,Success
PAY-005843,CUST-0313,2026-02-23,99,Success
PAY-005844,CUST-0313,2026-03-25,99,Success
PAY-005845,CUST-0313,2026-04-24,99,Success
PAY-005846,CUST-0313,2026-05-24,99,Success
PAY-005847,CUST-0313,2026-06-23,99,Success
PAY-005848,CUST-0314,2024-07-15,29,Success
PAY-005849,CUST-0314,2024-08-14,29,Success
PAY-005850,CUST-0314,2024-09-13,29,Success
PAY-005851,CUST-0314,2024-10-13,29,Success
PAY-005852,CUST-0314,2024-11-12,29,Success
PAY-005853,CUST-0314,2024-12-12,29,Success
PAY-005854,CUST-0314,2025-01-11,29,Success
PAY-005855,CUST-0314,2025-02-10,29,Success
PAY-005856,CUST-0314,2025-03-12,29,Success
PAY-005857,CUST-0314,2025-04-11,29,Success
PAY-005858,CUST-0314,2025-05-11,29,Success
PAY-005859,CUST-0315,2025-03-18,29,Success
PAY-005860,CUST-0315,2025-04-17,29,Success
PAY-005861,CUST-0315,2025-05-17,29,Success
PAY-005862,CUST-0315,2025-06-16,29,Success
PAY-005863,CUST-0315,2025-07-16,29,Success
PAY-005864,CUST-0315,2025-08-15,29,Success
PAY-005865,CUST-0315,2025-09-14,29,Success
PAY-005866,CUST-0315,2025-10-14,29,Success
PAY-005867,CUST-0315,2025-11-13,29,Success
PAY-005868,CUST-0315,2025-12-13,29,Success
PAY-005869,CUST-0315,2026-01-12,29,Success
PAY-005870,CUST-0315,2026-02-11,29,Success
PAY-005871,CUST-0315,2026-03-13,29,Success
PAY-005872,CUST-0315,2026-04-12,29,Success
PAY-005873,CUST-0315,2026-05-12,29,Success
PAY-005874,CUST-0315,2026-06-11,29,Success
PAY-005875,CUST-0316,2025-01-30,29,Success
PAY-005876,CUST-0316,2025-03-01,29,Success
PAY-005877,CUST-0316,2025-03-31,29,Success
PAY-005878,CUST-0316,2025-04-30,29,Success
PAY-005879,CUST-0316,2025-05-30,29,Success
PAY-005880,CUST-0316,2025-06-29,29,Success
PAY-005881,CUST-0316,2025-07-29,29,Success
PAY-005882,CUST-0316,2025-08-28,29,Success
PAY-005883,CUST-0316,2025-09-27,29,Success
PAY-005884,CUST-0316,2025-10-27,29,Success
PAY-005885,CUST-0316,2025-11-26,29,Success
PAY-005886,CUST-0316,2025-12-26,29,Success
PAY-005887,CUST-0316,2026-01-25,29,Success
PAY-005888,CUST-0316,2026-02-24,29,Success
PAY-005889,CUST-0316,2026-03-26,29,Success
PAY-005890,CUST-0316,2026-04-25,29,Success
PAY-005891,CUST-0316,2026-05-25,29,Success
PAY-005892,CUST-0316,2026-06-24,29,Success
PAY-005893,CUST-0317,2025-04-23,29,Success
PAY-005894,CUST-0317,2025-05-23,29,Success
PAY-005895,CUST-0317,2025-06-22,29,Success
PAY-005896,CUST-0317,2025-07-22,29,Success
PAY-005897,CUST-0317,2025-08-21,29,Success
PAY-005898,CUST-0317,2025-09-20,29,Success
PAY-005899,CUST-0317,2025-10-20,29,Success
PAY-005900,CUST-0317,2025-11-19,29,Success
PAY-005901,CUST-0317,2025-12-19,29,Success
PAY-005902,CUST-0317,2026-01-18,29,Success
PAY-005903,CUST-0317,2026-02-17,29,Success
PAY-005904,CUST-0318,2024-05-24,29,Success
PAY-005905,CUST-0318,2024-06-23,29,Success
PAY-005906,CUST-0318,2024-07-23,29,Success
PAY-005907,CUST-0318,2024-08-22,29,Success
PAY-005908,CUST-0318,2024-09-21,29,Success
PAY-005909,CUST-0318,2024-10-21,29,Success
PAY-005910,CUST-0318,2024-11-20,29,Success
PAY-005911,CUST-0318,2024-12-20,29,Success
PAY-005912,CUST-0318,2025-01-19,29,Success
PAY-005913,CUST-0318,2025-02-18,29,Success
PAY-005914,CUST-0318,2025-03-20,29,Success
PAY-005915,CUST-0318,2025-04-19,29,Success
PAY-005916,CUST-0318,2025-05-19,29,Success
PAY-005917,CUST-0318,2025-06-18,29,Success
PAY-005918,CUST-0318,2025-07-18,29,Success
PAY-005919,CUST-0318,2025-08-17,29,Success
PAY-005920,CUST-0318,2025-09-16,29,Success
PAY-005921,CUST-0318,2025-10-16,29,Success
PAY-005922,CUST-0318,2025-11-15,29,Success
PAY-005923,CUST-0318,2025-12-15,29,Success
PAY-005924,CUST-0318,2026-01-14,29,Success
PAY-005925,CUST-0318,2026-02-13,29,Success
PAY-005926,CUST-0318,2026-03-15,29,Success
PAY-005927,CUST-0318,2026-04-14,29,Success
PAY-005928,CUST-0318,2026-05-14,29,Failed
PAY-005929,CUST-0318,2026-06-13,29,Success
PAY-005930,CUST-0319,2025-03-19,99,Success
PAY-005931,CUST-0319,2025-04-18,99,Success
PAY-005932,CUST-0319,2025-05-18,99,Success
PAY-005933,CUST-0319,2025-06-17,99,Success
PAY-005934,CUST-0319,2025-07-17,99,Success
PAY-005935,CUST-0319,2025-08-16,99,Success
PAY-005936,CUST-0319,2025-09-15,99,Success
PAY-005937,CUST-0319,2025-10-15,99,Failed
PAY-005938,CUST-0319,2025-11-14,99,Success
PAY-005939,CUST-0319,2025-12-14,99,Success
PAY-005940,CUST-0319,2026-01-13,99,Success
PAY-005941,CUST-0319,2026-02-12,99,Success
PAY-005942,CUST-0320,2024-10-02,99,Success
PAY-005943,CUST-0320,2024-11-01,99,Success
PAY-005944,CUST-0320,2024-12-01,99,Success
PAY-005945,CUST-0320,2024-12-31,99,Success
PAY-005946,CUST-0320,2025-01-30,99,Success
PAY-005947,CUST-0320,2025-03-01,99,Success
PAY-005948,CUST-0320,2025-03-31,99,Success
PAY-005949,CUST-0320,2025-04-30,99,Success
PAY-005950,CUST-0320,2025-05-30,99,Success
PAY-005951,CUST-0320,2025-06-29,99,Success
PAY-005952,CUST-0320,2025-07-29,99,Success
PAY-005953,CUST-0320,2025-08-28,99,Success
PAY-005954,CUST-0320,2025-09-27,99,Success
PAY-005955,CUST-0320,2025-10-27,99,Success
PAY-005956,CUST-0320,2025-11-26,99,Success
PAY-005957,CUST-0320,2025-12-26,99,Success
PAY-005958,CUST-0320,2026-01-25,99,Success
PAY-005959,CUST-0320,2026-02-24,99,Success
PAY-005960,CUST-0320,2026-03-26,99,Success
PAY-005961,CUST-0320,2026-04-25,99,Success
PAY-005962,CUST-0320,2026-05-25,99,Success
PAY-005963,CUST-0320,2026-06-24,99,Success
PAY-005964,CUST-0321,2024-06-19,29,Success
PAY-005965,CUST-0321,2024-07-19,29,Success
PAY-005966,CUST-0321,2024-08-18,29,Success
PAY-005967,CUST-0321,2024-09-17,29,Success
PAY-005968,CUST-0321,2024-10-17,29,Success
PAY-005969,CUST-0321,2024-11-16,29,Success
PAY-005970,CUST-0321,2024-12-16,29,Success
PAY-005971,CUST-0321,2025-01-15,29,Success
PAY-005972,CUST-0321,2025-02-14,29,Success
PAY-005973,CUST-0321,2025-03-16,29,Success
PAY-005974,CUST-0321,2025-04-15,29,Success
PAY-005975,CUST-0321,2025-05-15,29,Success
PAY-005976,CUST-0321,2025-06-14,29,Success
PAY-005977,CUST-0321,2025-07-14,29,Success
PAY-005978,CUST-0321,2025-08-13,29,Success
PAY-005979,CUST-0321,2025-09-12,29,Success
PAY-005980,CUST-0321,2025-10-12,29,Success
PAY-005981,CUST-0321,2025-11-11,29,Success
PAY-005982,CUST-0321,2025-12-11,29,Success
PAY-005983,CUST-0321,2026-01-10,29,Success
PAY-005984,CUST-0321,2026-02-09,29,Success
PAY-005985,CUST-0321,2026-03-11,29,Success
PAY-005986,CUST-0321,2026-04-10,29,Success
PAY-005987,CUST-0321,2026-05-10,29,Success
PAY-005988,CUST-0321,2026-06-09,29,Success
PAY-005989,CUST-0322,2025-04-22,29,Success
PAY-005990,CUST-0322,2025-05-22,29,Success
PAY-005991,CUST-0322,2025-06-21,29,Success
PAY-005992,CUST-0322,2025-07-21,29,Success
PAY-005993,CUST-0322,2025-08-20,29,Success
PAY-005994,CUST-0322,2025-09-19,29,Success
PAY-005995,CUST-0322,2025-10-19,29,Success
PAY-005996,CUST-0322,2025-11-18,29,Success
PAY-005997,CUST-0323,2024-12-23,299,Success
PAY-005998,CUST-0323,2025-01-22,299,Success
PAY-005999,CUST-0323,2025-02-21,299,Success
PAY-006000,CUST-0323,2025-03-23,299,Success
PAY-006001,CUST-0323,2025-04-22,299,Success
PAY-006002,CUST-0323,2025-05-22,299,Success
PAY-006003,CUST-0323,2025-06-21,299,Success
PAY-006004,CUST-0323,2025-07-21,299,Success
PAY-006005,CUST-0323,2025-08-20,299,Success
PAY-006006,CUST-0324,2024-04-29,99,Success
PAY-006007,CUST-0324,2024-05-29,99,Success
PAY-006008,CUST-0324,2024-06-28,99,Success
PAY-006009,CUST-0324,2024-07-28,99,Success
PAY-006010,CUST-0324,2024-08-27,99,Success
PAY-006011,CUST-0324,2024-09-26,99,Success
PAY-006012,CUST-0324,2024-10-26,99,Success
PAY-006013,CUST-0324,2024-11-25,99,Success
PAY-006014,CUST-0324,2024-12-25,99,Success
PAY-006015,CUST-0324,2025-01-24,99,Failed
PAY-006016,CUST-0324,2025-02-23,99,Success
PAY-006017,CUST-0324,2025-03-25,99,Success
PAY-006018,CUST-0324,2025-04-24,99,Failed
PAY-006019,CUST-0324,2025-05-24,99,Success
PAY-006020,CUST-0324,2025-06-23,99,Success
PAY-006021,CUST-0324,2025-07-23,99,Success
PAY-006022,CUST-0324,2025-08-22,99,Success
PAY-006023,CUST-0324,2025-09-21,99,Success
PAY-006024,CUST-0324,2025-10-21,99,Success
PAY-006025,CUST-0324,2025-11-20,99,Success
PAY-006026,CUST-0324,2025-12-20,99,Success
PAY-006027,CUST-0324,2026-01-19,99,Success
PAY-006028,CUST-0324,2026-02-18,99,Success
PAY-006029,CUST-0324,2026-03-20,99,Success
PAY-006030,CUST-0324,2026-04-19,99,Success
PAY-006031,CUST-0324,2026-05-19,99,Success
PAY-006032,CUST-0324,2026-06-18,99,Success
PAY-006033,CUST-0325,2024-06-11,29,Success
PAY-006034,CUST-0325,2024-07-11,29,Success
PAY-006035,CUST-0325,2024-08-10,29,Success
PAY-006036,CUST-0325,2024-09-09,29,Success
PAY-006037,CUST-0325,2024-10-09,29,Success
PAY-006038,CUST-0325,2024-11-08,29,Success
PAY-006039,CUST-0325,2024-12-08,29,Success
PAY-006040,CUST-0325,2025-01-07,29,Success
PAY-006041,CUST-0325,2025-02-06,29,Success
PAY-006042,CUST-0325,2025-03-08,29,Success
PAY-006043,CUST-0325,2025-04-07,29,Success
PAY-006044,CUST-0325,2025-05-07,29,Success
PAY-006045,CUST-0325,2025-06-06,29,Success
PAY-006046,CUST-0325,2025-07-06,29,Success
PAY-006047,CUST-0325,2025-08-05,29,Success
PAY-006048,CUST-0325,2025-09-04,29,Success
PAY-006049,CUST-0325,2025-10-04,29,Success
PAY-006050,CUST-0325,2025-11-03,29,Failed
PAY-006051,CUST-0325,2025-12-03,29,Failed
PAY-006052,CUST-0325,2026-01-02,29,Success
PAY-006053,CUST-0325,2026-02-01,29,Success
PAY-006054,CUST-0325,2026-03-03,29,Success
PAY-006055,CUST-0325,2026-04-02,29,Success
PAY-006056,CUST-0325,2026-05-02,29,Success
PAY-006057,CUST-0325,2026-06-01,29,Success
PAY-006058,CUST-0326,2024-07-16,29,Success
PAY-006059,CUST-0326,2024-08-15,29,Success
PAY-006060,CUST-0326,2024-09-14,29,Success
PAY-006061,CUST-0326,2024-10-14,29,Success
PAY-006062,CUST-0326,2024-11-13,29,Success
PAY-006063,CUST-0326,2024-12-13,29,Success
PAY-006064,CUST-0326,2025-01-12,29,Success
PAY-006065,CUST-0326,2025-02-11,29,Success
PAY-006066,CUST-0326,2025-03-13,29,Success
PAY-006067,CUST-0326,2025-04-12,29,Success
PAY-006068,CUST-0326,2025-05-12,29,Success
PAY-006069,CUST-0326,2025-06-11,29,Success
PAY-006070,CUST-0326,2025-07-11,29,Success
PAY-006071,CUST-0326,2025-08-10,29,Success
PAY-006072,CUST-0326,2025-09-09,29,Success
PAY-006073,CUST-0326,2025-10-09,29,Failed
PAY-006074,CUST-0326,2025-11-08,29,Success
PAY-006075,CUST-0326,2025-12-08,29,Success
PAY-006076,CUST-0326,2026-01-07,29,Success
PAY-006077,CUST-0326,2026-02-06,29,Success
PAY-006078,CUST-0326,2026-03-08,29,Success
PAY-006079,CUST-0326,2026-04-07,29,Success
PAY-006080,CUST-0326,2026-05-07,29,Success
PAY-006081,CUST-0326,2026-06-06,29,Success
PAY-006082,CUST-0327,2025-05-08,29,Success
PAY-006083,CUST-0327,2025-06-07,29,Success
PAY-006084,CUST-0327,2025-07-07,29,Success
PAY-006085,CUST-0327,2025-08-06,29,Success
PAY-006086,CUST-0327,2025-09-05,29,Success
PAY-006087,CUST-0327,2025-10-05,29,Success
PAY-006088,CUST-0327,2025-11-04,29,Success
PAY-006089,CUST-0327,2025-12-04,29,Success
PAY-006090,CUST-0327,2026-01-03,29,Success
PAY-006091,CUST-0327,2026-02-02,29,Success
PAY-006092,CUST-0327,2026-03-04,29,Success
PAY-006093,CUST-0327,2026-04-03,29,Success
PAY-006094,CUST-0327,2026-05-03,29,Success
PAY-006095,CUST-0327,2026-06-02,29,Success
PAY-006096,CUST-0328,2024-09-14,299,Success
PAY-006097,CUST-0328,2024-10-14,299,Success
PAY-006098,CUST-0328,2024-11-13,299,Success
PAY-006099,CUST-0328,2024-12-13,299,Success
PAY-006100,CUST-0328,2025-01-12,299,Success
PAY-006101,CUST-0328,2025-02-11,299,Success
PAY-006102,CUST-0328,2025-03-13,299,Success
PAY-006103,CUST-0328,2025-04-12,299,Failed
PAY-006104,CUST-0328,2025-05-12,299,Success
PAY-006105,CUST-0328,2025-06-11,299,Success
PAY-006106,CUST-0328,2025-07-11,299,Success
PAY-006107,CUST-0328,2025-08-10,299,Success
PAY-006108,CUST-0328,2025-09-09,299,Success
PAY-006109,CUST-0328,2025-10-09,299,Success
PAY-006110,CUST-0328,2025-11-08,299,Success
PAY-006111,CUST-0328,2025-12-08,299,Success
PAY-006112,CUST-0328,2026-01-07,299,Success
PAY-006113,CUST-0328,2026-02-06,299,Success
PAY-006114,CUST-0328,2026-03-08,299,Failed
PAY-006115,CUST-0328,2026-04-07,299,Success
PAY-006116,CUST-0328,2026-05-07,299,Success
PAY-006117,CUST-0328,2026-06-06,299,Success
PAY-006118,CUST-0329,2025-03-23,29,Success
PAY-006119,CUST-0329,2025-04-22,29,Success
PAY-006120,CUST-0329,2025-05-22,29,Success
PAY-006121,CUST-0329,2025-06-21,29,Success
PAY-006122,CUST-0329,2025-07-21,29,Success
PAY-006123,CUST-0329,2025-08-20,29,Success
PAY-006124,CUST-0329,2025-09-19,29,Success
PAY-006125,CUST-0329,2025-10-19,29,Success
PAY-006126,CUST-0329,2025-11-18,29,Success
PAY-006127,CUST-0329,2025-12-18,29,Success
PAY-006128,CUST-0329,2026-01-17,29,Success
PAY-006129,CUST-0329,2026-02-16,29,Success
PAY-006130,CUST-0329,2026-03-18,29,Success
PAY-006131,CUST-0329,2026-04-17,29,Success
PAY-006132,CUST-0329,2026-05-17,29,Success
PAY-006133,CUST-0329,2026-06-16,29,Success
PAY-006134,CUST-0330,2024-09-26,99,Success
PAY-006135,CUST-0330,2024-10-26,99,Success
PAY-006136,CUST-0330,2024-11-25,99,Success
PAY-006137,CUST-0330,2024-12-25,99,Success
PAY-006138,CUST-0330,2025-01-24,99,Success
PAY-006139,CUST-0331,2025-01-04,99,Success
PAY-006140,CUST-0331,2025-02-03,99,Success
PAY-006141,CUST-0331,2025-03-05,99,Success
PAY-006142,CUST-0331,2025-04-04,99,Success
PAY-006143,CUST-0331,2025-05-04,99,Success
PAY-006144,CUST-0331,2025-06-03,99,Success
PAY-006145,CUST-0331,2025-07-03,99,Success
PAY-006146,CUST-0331,2025-08-02,99,Success
PAY-006147,CUST-0331,2025-09-01,99,Success
PAY-006148,CUST-0331,2025-10-01,99,Success
PAY-006149,CUST-0331,2025-10-31,99,Success
PAY-006150,CUST-0331,2025-11-30,99,Success
PAY-006151,CUST-0331,2025-12-30,99,Success
PAY-006152,CUST-0331,2026-01-29,99,Success
PAY-006153,CUST-0331,2026-02-28,99,Success
PAY-006154,CUST-0331,2026-03-30,99,Failed
PAY-006155,CUST-0331,2026-04-29,99,Success
PAY-006156,CUST-0331,2026-05-29,99,Success
PAY-006157,CUST-0331,2026-06-28,99,Success
PAY-006158,CUST-0332,2025-03-21,29,Success
PAY-006159,CUST-0332,2025-04-20,29,Success
PAY-006160,CUST-0332,2025-05-20,29,Success
PAY-006161,CUST-0332,2025-06-19,29,Failed
PAY-006162,CUST-0332,2025-07-19,29,Success
PAY-006163,CUST-0332,2025-08-18,29,Success
PAY-006164,CUST-0332,2025-09-17,29,Success
PAY-006165,CUST-0332,2025-10-17,29,Success
PAY-006166,CUST-0332,2025-11-16,29,Success
PAY-006167,CUST-0332,2025-12-16,29,Success
PAY-006168,CUST-0332,2026-01-15,29,Success
PAY-006169,CUST-0332,2026-02-14,29,Success
PAY-006170,CUST-0333,2024-08-28,29,Success
PAY-006171,CUST-0333,2024-09-27,29,Success
PAY-006172,CUST-0333,2024-10-27,29,Success
PAY-006173,CUST-0333,2024-11-26,29,Success
PAY-006174,CUST-0333,2024-12-26,29,Success
PAY-006175,CUST-0333,2025-01-25,29,Success
PAY-006176,CUST-0333,2025-02-24,29,Success
PAY-006177,CUST-0333,2025-03-26,29,Success
PAY-006178,CUST-0333,2025-04-25,29,Success
PAY-006179,CUST-0333,2025-05-25,29,Success
PAY-006180,CUST-0334,2024-11-15,29,Success
PAY-006181,CUST-0334,2024-12-15,29,Success
PAY-006182,CUST-0334,2025-01-14,29,Success
PAY-006183,CUST-0334,2025-02-13,29,Success
PAY-006184,CUST-0334,2025-03-15,29,Success
PAY-006185,CUST-0334,2025-04-14,29,Success
PAY-006186,CUST-0334,2025-05-14,29,Success
PAY-006187,CUST-0334,2025-06-13,29,Success
PAY-006188,CUST-0334,2025-07-13,29,Success
PAY-006189,CUST-0334,2025-08-12,29,Success
PAY-006190,CUST-0334,2025-09-11,29,Success
PAY-006191,CUST-0334,2025-10-11,29,Success
PAY-006192,CUST-0334,2025-11-10,29,Success
PAY-006193,CUST-0334,2025-12-10,29,Success
PAY-006194,CUST-0334,2026-01-09,29,Success
PAY-006195,CUST-0334,2026-02-08,29,Success
PAY-006196,CUST-0334,2026-03-10,29,Success
PAY-006197,CUST-0334,2026-04-09,29,Success
PAY-006198,CUST-0334,2026-05-09,29,Success
PAY-006199,CUST-0334,2026-06-08,29,Success
PAY-006200,CUST-0335,2025-03-12,29,Success
PAY-006201,CUST-0335,2025-04-11,29,Success
PAY-006202,CUST-0335,2025-05-11,29,Success
PAY-006203,CUST-0335,2025-06-10,29,Success
PAY-006204,CUST-0335,2025-07-10,29,Success
PAY-006205,CUST-0335,2025-08-09,29,Success
PAY-006206,CUST-0335,2025-09-08,29,Success
PAY-006207,CUST-0335,2025-10-08,29,Success
PAY-006208,CUST-0336,2025-05-03,99,Success
PAY-006209,CUST-0336,2025-06-02,99,Success
PAY-006210,CUST-0336,2025-07-02,99,Success
PAY-006211,CUST-0336,2025-08-01,99,Success
PAY-006212,CUST-0336,2025-08-31,99,Success
PAY-006213,CUST-0336,2025-09-30,99,Failed
PAY-006214,CUST-0336,2025-10-30,99,Success
PAY-006215,CUST-0336,2025-11-29,99,Failed
PAY-006216,CUST-0336,2025-12-29,99,Success
PAY-006217,CUST-0336,2026-01-28,99,Success
PAY-006218,CUST-0336,2026-02-27,99,Success
PAY-006219,CUST-0336,2026-03-29,99,Success
PAY-006220,CUST-0336,2026-04-28,99,Success
PAY-006221,CUST-0336,2026-05-28,99,Success
PAY-006222,CUST-0336,2026-06-27,99,Success
PAY-006223,CUST-0337,2025-03-22,29,Success
PAY-006224,CUST-0337,2025-04-21,29,Success
PAY-006225,CUST-0337,2025-05-21,29,Success
PAY-006226,CUST-0337,2025-06-20,29,Success
PAY-006227,CUST-0337,2025-07-20,29,Success
PAY-006228,CUST-0337,2025-08-19,29,Success
PAY-006229,CUST-0337,2025-09-18,29,Success
PAY-006230,CUST-0337,2025-10-18,29,Success
PAY-006231,CUST-0337,2025-11-17,29,Success
PAY-006232,CUST-0337,2025-12-17,29,Success
PAY-006233,CUST-0337,2026-01-16,29,Success
PAY-006234,CUST-0337,2026-02-15,29,Success
PAY-006235,CUST-0337,2026-03-17,29,Success
PAY-006236,CUST-0337,2026-04-16,29,Success
PAY-006237,CUST-0337,2026-05-16,29,Success
PAY-006238,CUST-0337,2026-06-15,29,Success
PAY-006239,CUST-0338,2024-04-30,299,Success
PAY-006240,CUST-0338,2024-05-30,299,Success
PAY-006241,CUST-0338,2024-06-29,299,Success
PAY-006242,CUST-0338,2024-07-29,299,Success
PAY-006243,CUST-0338,2024-08-28,299,Success
PAY-006244,CUST-0338,2024-09-27,299,Success
PAY-006245,CUST-0338,2024-10-27,299,Success
PAY-006246,CUST-0338,2024-11-26,299,Success
PAY-006247,CUST-0338,2024-12-26,299,Success
PAY-006248,CUST-0338,2025-01-25,299,Success
PAY-006249,CUST-0338,2025-02-24,299,Success
PAY-006250,CUST-0338,2025-03-26,299,Success
PAY-006251,CUST-0338,2025-04-25,299,Success
PAY-006252,CUST-0338,2025-05-25,299,Success
PAY-006253,CUST-0338,2025-06-24,299,Success
PAY-006254,CUST-0338,2025-07-24,299,Success
PAY-006255,CUST-0338,2025-08-23,299,Success
PAY-006256,CUST-0338,2025-09-22,299,Success
PAY-006257,CUST-0338,2025-10-22,299,Success
PAY-006258,CUST-0338,2025-11-21,299,Success
PAY-006259,CUST-0338,2025-12-21,299,Success
PAY-006260,CUST-0338,2026-01-20,299,Success
PAY-006261,CUST-0338,2026-02-19,299,Success
PAY-006262,CUST-0338,2026-03-21,299,Failed
PAY-006263,CUST-0338,2026-04-20,299,Success
PAY-006264,CUST-0338,2026-05-20,299,Success
PAY-006265,CUST-0338,2026-06-19,299,Success
PAY-006266,CUST-0339,2025-01-17,29,Success
PAY-006267,CUST-0339,2025-02-16,29,Success
PAY-006268,CUST-0339,2025-03-18,29,Success
PAY-006269,CUST-0339,2025-04-17,29,Success
PAY-006270,CUST-0339,2025-05-17,29,Success
PAY-006271,CUST-0339,2025-06-16,29,Success
PAY-006272,CUST-0339,2025-07-16,29,Success
PAY-006273,CUST-0339,2025-08-15,29,Success
PAY-006274,CUST-0339,2025-09-14,29,Success
PAY-006275,CUST-0339,2025-10-14,29,Success
PAY-006276,CUST-0339,2025-11-13,29,Success
PAY-006277,CUST-0340,2025-05-15,29,Success
PAY-006278,CUST-0340,2025-06-14,29,Success
PAY-006279,CUST-0340,2025-07-14,29,Success
PAY-006280,CUST-0340,2025-08-13,29,Success
PAY-006281,CUST-0340,2025-09-12,29,Success
PAY-006282,CUST-0340,2025-10-12,29,Success
PAY-006283,CUST-0340,2025-11-11,29,Success
PAY-006284,CUST-0340,2025-12-11,29,Success
PAY-006285,CUST-0340,2026-01-10,29,Success
PAY-006286,CUST-0340,2026-02-09,29,Success
PAY-006287,CUST-0340,2026-03-11,29,Success
PAY-006288,CUST-0340,2026-04-10,29,Failed
PAY-006289,CUST-0340,2026-05-10,29,Success
PAY-006290,CUST-0340,2026-06-09,29,Success
PAY-006291,CUST-0341,2024-08-15,29,Success
PAY-006292,CUST-0341,2024-09-14,29,Success
PAY-006293,CUST-0341,2024-10-14,29,Success
PAY-006294,CUST-0341,2024-11-13,29,Success
PAY-006295,CUST-0341,2024-12-13,29,Success
PAY-006296,CUST-0341,2025-01-12,29,Success
PAY-006297,CUST-0341,2025-02-11,29,Success
PAY-006298,CUST-0341,2025-03-13,29,Success
PAY-006299,CUST-0341,2025-04-12,29,Success
PAY-006300,CUST-0341,2025-05-12,29,Success
PAY-006301,CUST-0341,2025-06-11,29,Success
PAY-006302,CUST-0341,2025-07-11,29,Success
PAY-006303,CUST-0341,2025-08-10,29,Success
PAY-006304,CUST-0341,2025-09-09,29,Success
PAY-006305,CUST-0341,2025-10-09,29,Success
PAY-006306,CUST-0341,2025-11-08,29,Success
PAY-006307,CUST-0341,2025-12-08,29,Success
PAY-006308,CUST-0341,2026-01-07,29,Success
PAY-006309,CUST-0341,2026-02-06,29,Success
PAY-006310,CUST-0341,2026-03-08,29,Success
PAY-006311,CUST-0341,2026-04-07,29,Success
PAY-006312,CUST-0341,2026-05-07,29,Success
PAY-006313,CUST-0341,2026-06-06,29,Success
PAY-006314,CUST-0342,2025-04-07,29,Success
PAY-006315,CUST-0342,2025-05-07,29,Success
PAY-006316,CUST-0342,2025-06-06,29,Success
PAY-006317,CUST-0342,2025-07-06,29,Success
PAY-006318,CUST-0342,2025-08-05,29,Success
PAY-006319,CUST-0342,2025-09-04,29,Success
PAY-006320,CUST-0342,2025-10-04,29,Success
PAY-006321,CUST-0342,2025-11-03,29,Success
PAY-006322,CUST-0342,2025-12-03,29,Success
PAY-006323,CUST-0342,2026-01-02,29,Success
PAY-006324,CUST-0342,2026-02-01,29,Success
PAY-006325,CUST-0342,2026-03-03,29,Success
PAY-006326,CUST-0342,2026-04-02,29,Success
PAY-006327,CUST-0342,2026-05-02,29,Success
PAY-006328,CUST-0342,2026-06-01,29,Success
PAY-006329,CUST-0343,2024-06-15,99,Failed
PAY-006330,CUST-0343,2024-07-15,99,Success
PAY-006331,CUST-0343,2024-08-14,99,Success
PAY-006332,CUST-0343,2024-09-13,99,Success
PAY-006333,CUST-0343,2024-10-13,99,Success
PAY-006334,CUST-0343,2024-11-12,99,Success
PAY-006335,CUST-0343,2024-12-12,99,Success
PAY-006336,CUST-0343,2025-01-11,99,Success
PAY-006337,CUST-0343,2025-02-10,99,Success
PAY-006338,CUST-0343,2025-03-12,99,Success
PAY-006339,CUST-0343,2025-04-11,99,Success
PAY-006340,CUST-0343,2025-05-11,99,Success
PAY-006341,CUST-0343,2025-06-10,99,Success
PAY-006342,CUST-0343,2025-07-10,99,Success
PAY-006343,CUST-0343,2025-08-09,99,Success
PAY-006344,CUST-0343,2025-09-08,99,Failed
PAY-006345,CUST-0343,2025-10-08,99,Success
PAY-006346,CUST-0343,2025-11-07,99,Success
PAY-006347,CUST-0343,2025-12-07,99,Success
PAY-006348,CUST-0343,2026-01-06,99,Success
PAY-006349,CUST-0343,2026-02-05,99,Failed
PAY-006350,CUST-0343,2026-03-07,99,Success
PAY-006351,CUST-0343,2026-04-06,99,Success
PAY-006352,CUST-0343,2026-05-06,99,Failed
PAY-006353,CUST-0343,2026-06-05,99,Success
PAY-006354,CUST-0344,2024-07-02,29,Success
PAY-006355,CUST-0344,2024-08-01,29,Success
PAY-006356,CUST-0345,2024-03-15,99,Success
PAY-006357,CUST-0345,2024-04-14,99,Success
PAY-006358,CUST-0345,2024-05-14,99,Success
PAY-006359,CUST-0345,2024-06-13,99,Success
PAY-006360,CUST-0345,2024-07-13,99,Success
PAY-006361,CUST-0345,2024-08-12,99,Success
PAY-006362,CUST-0345,2024-09-11,99,Success
PAY-006363,CUST-0345,2024-10-11,99,Success
PAY-006364,CUST-0345,2024-11-10,99,Success
PAY-006365,CUST-0345,2024-12-10,99,Success
PAY-006366,CUST-0345,2025-01-09,99,Success
PAY-006367,CUST-0345,2025-02-08,99,Failed
PAY-006368,CUST-0345,2025-03-10,99,Success
PAY-006369,CUST-0345,2025-04-09,99,Success
PAY-006370,CUST-0345,2025-05-09,99,Success
PAY-006371,CUST-0345,2025-06-08,99,Success
PAY-006372,CUST-0345,2025-07-08,99,Success
PAY-006373,CUST-0345,2025-08-07,99,Success
PAY-006374,CUST-0345,2025-09-06,99,Success
PAY-006375,CUST-0345,2025-10-06,99,Success
PAY-006376,CUST-0345,2025-11-05,99,Success
PAY-006377,CUST-0345,2025-12-05,99,Success
PAY-006378,CUST-0345,2026-01-04,99,Failed
PAY-006379,CUST-0345,2026-02-03,99,Success
PAY-006380,CUST-0345,2026-03-05,99,Success
PAY-006381,CUST-0345,2026-04-04,99,Success
PAY-006382,CUST-0345,2026-05-04,99,Success
PAY-006383,CUST-0345,2026-06-03,99,Success
PAY-006384,CUST-0346,2024-10-16,29,Success
PAY-006385,CUST-0346,2024-11-15,29,Success
PAY-006386,CUST-0346,2024-12-15,29,Success
PAY-006387,CUST-0346,2025-01-14,29,Success
PAY-006388,CUST-0346,2025-02-13,29,Success
PAY-006389,CUST-0346,2025-03-15,29,Success
PAY-006390,CUST-0346,2025-04-14,29,Success
PAY-006391,CUST-0346,2025-05-14,29,Success
PAY-006392,CUST-0346,2025-06-13,29,Success
PAY-006393,CUST-0346,2025-07-13,29,Success
PAY-006394,CUST-0346,2025-08-12,29,Success
PAY-006395,CUST-0346,2025-09-11,29,Success
PAY-006396,CUST-0346,2025-10-11,29,Success
PAY-006397,CUST-0346,2025-11-10,29,Success
PAY-006398,CUST-0346,2025-12-10,29,Success
PAY-006399,CUST-0346,2026-01-09,29,Success
PAY-006400,CUST-0346,2026-02-08,29,Success
PAY-006401,CUST-0346,2026-03-10,29,Success
PAY-006402,CUST-0346,2026-04-09,29,Success
PAY-006403,CUST-0346,2026-05-09,29,Success
PAY-006404,CUST-0346,2026-06-08,29,Success
PAY-006405,CUST-0347,2024-03-30,99,Success
PAY-006406,CUST-0347,2024-04-29,99,Success
PAY-006407,CUST-0347,2024-05-29,99,Success
PAY-006408,CUST-0347,2024-06-28,99,Success
PAY-006409,CUST-0347,2024-07-28,99,Success
PAY-006410,CUST-0347,2024-08-27,99,Success
PAY-006411,CUST-0347,2024-09-26,99,Success
PAY-006412,CUST-0347,2024-10-26,99,Success
PAY-006413,CUST-0347,2024-11-25,99,Success
PAY-006414,CUST-0347,2024-12-25,99,Success
PAY-006415,CUST-0347,2025-01-24,99,Success
PAY-006416,CUST-0347,2025-02-23,99,Success
PAY-006417,CUST-0347,2025-03-25,99,Success
PAY-006418,CUST-0347,2025-04-24,99,Success
PAY-006419,CUST-0347,2025-05-24,99,Success
PAY-006420,CUST-0347,2025-06-23,99,Success
PAY-006421,CUST-0347,2025-07-23,99,Success
PAY-006422,CUST-0347,2025-08-22,99,Failed
PAY-006423,CUST-0347,2025-09-21,99,Success
PAY-006424,CUST-0347,2025-10-21,99,Success
PAY-006425,CUST-0347,2025-11-20,99,Success
PAY-006426,CUST-0347,2025-12-20,99,Success
PAY-006427,CUST-0347,2026-01-19,99,Success
PAY-006428,CUST-0347,2026-02-18,99,Success
PAY-006429,CUST-0347,2026-03-20,99,Success
PAY-006430,CUST-0347,2026-04-19,99,Failed
PAY-006431,CUST-0347,2026-05-19,99,Success
PAY-006432,CUST-0347,2026-06-18,99,Success
PAY-006433,CUST-0348,2024-11-13,29,Success
PAY-006434,CUST-0348,2024-12-13,29,Success
PAY-006435,CUST-0348,2025-01-12,29,Success
PAY-006436,CUST-0348,2025-02-11,29,Success
PAY-006437,CUST-0348,2025-03-13,29,Success
PAY-006438,CUST-0348,2025-04-12,29,Success
PAY-006439,CUST-0348,2025-05-12,29,Success
PAY-006440,CUST-0348,2025-06-11,29,Success
PAY-006441,CUST-0348,2025-07-11,29,Success
PAY-006442,CUST-0348,2025-08-10,29,Success
PAY-006443,CUST-0348,2025-09-09,29,Success
PAY-006444,CUST-0348,2025-10-09,29,Success
PAY-006445,CUST-0348,2025-11-08,29,Success
PAY-006446,CUST-0348,2025-12-08,29,Success
PAY-006447,CUST-0348,2026-01-07,29,Success
PAY-006448,CUST-0348,2026-02-06,29,Success
PAY-006449,CUST-0348,2026-03-08,29,Success
PAY-006450,CUST-0348,2026-04-07,29,Success
PAY-006451,CUST-0348,2026-05-07,29,Success
PAY-006452,CUST-0348,2026-06-06,29,Success
PAY-006453,CUST-0349,2025-04-12,99,Success
PAY-006454,CUST-0349,2025-05-12,99,Success
PAY-006455,CUST-0349,2025-06-11,99,Success
PAY-006456,CUST-0349,2025-07-11,99,Success
PAY-006457,CUST-0349,2025-08-10,99,Success
PAY-006458,CUST-0349,2025-09-09,99,Success
PAY-006459,CUST-0349,2025-10-09,99,Success
PAY-006460,CUST-0349,2025-11-08,99,Success
PAY-006461,CUST-0349,2025-12-08,99,Success
PAY-006462,CUST-0349,2026-01-07,99,Success
PAY-006463,CUST-0349,2026-02-06,99,Success
PAY-006464,CUST-0349,2026-03-08,99,Success
PAY-006465,CUST-0349,2026-04-07,99,Success
PAY-006466,CUST-0349,2026-05-07,99,Success
PAY-006467,CUST-0349,2026-06-06,99,Success
PAY-006468,CUST-0350,2024-08-24,29,Success
PAY-006469,CUST-0350,2024-09-23,29,Success
PAY-006470,CUST-0350,2024-10-23,29,Success
PAY-006471,CUST-0350,2024-11-22,29,Success
PAY-006472,CUST-0350,2024-12-22,29,Success
PAY-006473,CUST-0350,2025-01-21,29,Success
PAY-006474,CUST-0350,2025-02-20,29,Failed
PAY-006475,CUST-0350,2025-03-22,29,Success
PAY-006476,CUST-0350,2025-04-21,29,Success
PAY-006477,CUST-0350,2025-05-21,29,Success
PAY-006478,CUST-0350,2025-06-20,29,Success
PAY-006479,CUST-0350,2025-07-20,29,Success
PAY-006480,CUST-0350,2025-08-19,29,Success
PAY-006481,CUST-0350,2025-09-18,29,Success
PAY-006482,CUST-0350,2025-10-18,29,Success
PAY-006483,CUST-0350,2025-11-17,29,Success
PAY-006484,CUST-0350,2025-12-17,29,Success
PAY-006485,CUST-0350,2026-01-16,29,Success
PAY-006486,CUST-0350,2026-02-15,29,Success
PAY-006487,CUST-0350,2026-03-17,29,Success
PAY-006488,CUST-0350,2026-04-16,29,Success
PAY-006489,CUST-0350,2026-05-16,29,Success
PAY-006490,CUST-0350,2026-06-15,29,Failed
PAY-006491,CUST-0351,2024-05-10,99,Success
PAY-006492,CUST-0351,2024-06-09,99,Success
PAY-006493,CUST-0351,2024-07-09,99,Success
PAY-006494,CUST-0351,2024-08-08,99,Success
PAY-006495,CUST-0351,2024-09-07,99,Success
PAY-006496,CUST-0351,2024-10-07,99,Success
PAY-006497,CUST-0351,2024-11-06,99,Success
PAY-006498,CUST-0351,2024-12-06,99,Success
PAY-006499,CUST-0351,2025-01-05,99,Success
PAY-006500,CUST-0351,2025-02-04,99,Success
PAY-006501,CUST-0351,2025-03-06,99,Success
PAY-006502,CUST-0351,2025-04-05,99,Success
PAY-006503,CUST-0351,2025-05-05,99,Success
PAY-006504,CUST-0351,2025-06-04,99,Success
PAY-006505,CUST-0351,2025-07-04,99,Success
PAY-006506,CUST-0351,2025-08-03,99,Success
PAY-006507,CUST-0351,2025-09-02,99,Success
PAY-006508,CUST-0351,2025-10-02,99,Success
PAY-006509,CUST-0351,2025-11-01,99,Success
PAY-006510,CUST-0351,2025-12-01,99,Success
PAY-006511,CUST-0351,2025-12-31,99,Success
PAY-006512,CUST-0351,2026-01-30,99,Success
PAY-006513,CUST-0351,2026-03-01,99,Success
PAY-006514,CUST-0351,2026-03-31,99,Success
PAY-006515,CUST-0351,2026-04-30,99,Success
PAY-006516,CUST-0351,2026-05-30,99,Failed
PAY-006517,CUST-0351,2026-06-29,99,Success
PAY-006518,CUST-0352,2025-04-06,99,Success
PAY-006519,CUST-0352,2025-05-06,99,Success
PAY-006520,CUST-0353,2024-02-07,99,Success
PAY-006521,CUST-0353,2024-03-08,99,Success
PAY-006522,CUST-0353,2024-04-07,99,Success
PAY-006523,CUST-0354,2024-10-27,29,Success
PAY-006524,CUST-0354,2024-11-26,29,Success
PAY-006525,CUST-0354,2024-12-26,29,Success
PAY-006526,CUST-0354,2025-01-25,29,Success
PAY-006527,CUST-0354,2025-02-24,29,Success
PAY-006528,CUST-0354,2025-03-26,29,Success
PAY-006529,CUST-0354,2025-04-25,29,Success
PAY-006530,CUST-0354,2025-05-25,29,Success
PAY-006531,CUST-0355,2024-12-19,29,Success
PAY-006532,CUST-0355,2025-01-18,29,Success
PAY-006533,CUST-0356,2025-03-08,99,Success
PAY-006534,CUST-0356,2025-04-07,99,Success
PAY-006535,CUST-0356,2025-05-07,99,Success
PAY-006536,CUST-0356,2025-06-06,99,Success
PAY-006537,CUST-0356,2025-07-06,99,Success
PAY-006538,CUST-0356,2025-08-05,99,Success
PAY-006539,CUST-0356,2025-09-04,99,Success
PAY-006540,CUST-0356,2025-10-04,99,Success
PAY-006541,CUST-0356,2025-11-03,99,Success
PAY-006542,CUST-0356,2025-12-03,99,Success
PAY-006543,CUST-0356,2026-01-02,99,Success
PAY-006544,CUST-0356,2026-02-01,99,Success
PAY-006545,CUST-0356,2026-03-03,99,Success
PAY-006546,CUST-0357,2024-07-15,29,Failed
PAY-006547,CUST-0357,2024-08-14,29,Success
PAY-006548,CUST-0357,2024-09-13,29,Success
PAY-006549,CUST-0357,2024-10-13,29,Success
PAY-006550,CUST-0357,2024-11-12,29,Success
PAY-006551,CUST-0357,2024-12-12,29,Success
PAY-006552,CUST-0357,2025-01-11,29,Success
PAY-006553,CUST-0357,2025-02-10,29,Success
PAY-006554,CUST-0358,2024-05-01,29,Success
PAY-006555,CUST-0358,2024-05-31,29,Success
PAY-006556,CUST-0358,2024-06-30,29,Success
PAY-006557,CUST-0358,2024-07-30,29,Success
PAY-006558,CUST-0358,2024-08-29,29,Success
PAY-006559,CUST-0358,2024-09-28,29,Success
PAY-006560,CUST-0358,2024-10-28,29,Success
PAY-006561,CUST-0358,2024-11-27,29,Success
PAY-006562,CUST-0358,2024-12-27,29,Success
PAY-006563,CUST-0358,2025-01-26,29,Success
PAY-006564,CUST-0358,2025-02-25,29,Success
PAY-006565,CUST-0358,2025-03-27,29,Success
PAY-006566,CUST-0358,2025-04-26,29,Success
PAY-006567,CUST-0358,2025-05-26,29,Success
PAY-006568,CUST-0358,2025-06-25,29,Success
PAY-006569,CUST-0358,2025-07-25,29,Success
PAY-006570,CUST-0358,2025-08-24,29,Success
PAY-006571,CUST-0358,2025-09-23,29,Success
PAY-006572,CUST-0358,2025-10-23,29,Success
PAY-006573,CUST-0358,2025-11-22,29,Success
PAY-006574,CUST-0358,2025-12-22,29,Success
PAY-006575,CUST-0358,2026-01-21,29,Success
PAY-006576,CUST-0358,2026-02-20,29,Success
PAY-006577,CUST-0358,2026-03-22,29,Success
PAY-006578,CUST-0358,2026-04-21,29,Success
PAY-006579,CUST-0358,2026-05-21,29,Success
PAY-006580,CUST-0358,2026-06-20,29,Success
PAY-006581,CUST-0359,2024-10-21,99,Success
PAY-006582,CUST-0359,2024-11-20,99,Success
PAY-006583,CUST-0359,2024-12-20,99,Success
PAY-006584,CUST-0359,2025-01-19,99,Success
PAY-006585,CUST-0359,2025-02-18,99,Success
PAY-006586,CUST-0359,2025-03-20,99,Failed
PAY-006587,CUST-0359,2025-04-19,99,Success
PAY-006588,CUST-0360,2024-01-12,29,Success
PAY-006589,CUST-0360,2024-02-11,29,Success
PAY-006590,CUST-0360,2024-03-12,29,Success
PAY-006591,CUST-0360,2024-04-11,29,Success
PAY-006592,CUST-0360,2024-05-11,29,Success
PAY-006593,CUST-0360,2024-06-10,29,Success
PAY-006594,CUST-0360,2024-07-10,29,Success
PAY-006595,CUST-0360,2024-08-09,29,Success
PAY-006596,CUST-0360,2024-09-08,29,Success
PAY-006597,CUST-0360,2024-10-08,29,Success
PAY-006598,CUST-0360,2024-11-07,29,Success
PAY-006599,CUST-0360,2024-12-07,29,Success
PAY-006600,CUST-0360,2025-01-06,29,Success
PAY-006601,CUST-0360,2025-02-05,29,Success
PAY-006602,CUST-0360,2025-03-07,29,Success
PAY-006603,CUST-0360,2025-04-06,29,Success
PAY-006604,CUST-0360,2025-05-06,29,Success
PAY-006605,CUST-0360,2025-06-05,29,Success
PAY-006606,CUST-0360,2025-07-05,29,Success
PAY-006607,CUST-0360,2025-08-04,29,Success
PAY-006608,CUST-0360,2025-09-03,29,Failed
PAY-006609,CUST-0360,2025-10-03,29,Success
PAY-006610,CUST-0360,2025-11-02,29,Success
PAY-006611,CUST-0360,2025-12-02,29,Success
PAY-006612,CUST-0360,2026-01-01,29,Success
PAY-006613,CUST-0360,2026-01-31,29,Success
PAY-006614,CUST-0360,2026-03-02,29,Success
PAY-006615,CUST-0360,2026-04-01,29,Success
PAY-006616,CUST-0360,2026-05-01,29,Success
PAY-006617,CUST-0360,2026-05-31,29,Success
PAY-006618,CUST-0360,2026-06-30,29,Success
PAY-006619,CUST-0361,2024-01-05,99,Success
PAY-006620,CUST-0361,2024-02-04,99,Success
PAY-006621,CUST-0361,2024-03-05,99,Success
PAY-006622,CUST-0361,2024-04-04,99,Failed
PAY-006623,CUST-0361,2024-05-04,99,Success
PAY-006624,CUST-0361,2024-06-03,99,Success
PAY-006625,CUST-0361,2024-07-03,99,Success
PAY-006626,CUST-0361,2024-08-02,99,Success
PAY-006627,CUST-0361,2024-09-01,99,Failed
PAY-006628,CUST-0361,2024-10-01,99,Success
PAY-006629,CUST-0361,2024-10-31,99,Success
PAY-006630,CUST-0361,2024-11-30,99,Success
PAY-006631,CUST-0361,2024-12-30,99,Success
PAY-006632,CUST-0361,2025-01-29,99,Success
PAY-006633,CUST-0361,2025-02-28,99,Success
PAY-006634,CUST-0361,2025-03-30,99,Success
PAY-006635,CUST-0361,2025-04-29,99,Success
PAY-006636,CUST-0361,2025-05-29,99,Success
PAY-006637,CUST-0361,2025-06-28,99,Success
PAY-006638,CUST-0361,2025-07-28,99,Success
PAY-006639,CUST-0361,2025-08-27,99,Success
PAY-006640,CUST-0361,2025-09-26,99,Success
PAY-006641,CUST-0361,2025-10-26,99,Success
PAY-006642,CUST-0361,2025-11-25,99,Success
PAY-006643,CUST-0361,2025-12-25,99,Success
PAY-006644,CUST-0361,2026-01-24,99,Success
PAY-006645,CUST-0361,2026-02-23,99,Success
PAY-006646,CUST-0361,2026-03-25,99,Success
PAY-006647,CUST-0361,2026-04-24,99,Success
PAY-006648,CUST-0361,2026-05-24,99,Success
PAY-006649,CUST-0361,2026-06-23,99,Success
PAY-006650,CUST-0362,2025-03-02,29,Success
PAY-006651,CUST-0362,2025-04-01,29,Success
PAY-006652,CUST-0362,2025-05-01,29,Failed
PAY-006653,CUST-0362,2025-05-31,29,Success
PAY-006654,CUST-0362,2025-06-30,29,Success
PAY-006655,CUST-0362,2025-07-30,29,Success
PAY-006656,CUST-0362,2025-08-29,29,Success
PAY-006657,CUST-0362,2025-09-28,29,Success
PAY-006658,CUST-0362,2025-10-28,29,Success
PAY-006659,CUST-0362,2025-11-27,29,Success
PAY-006660,CUST-0362,2025-12-27,29,Success
PAY-006661,CUST-0362,2026-01-26,29,Success
PAY-006662,CUST-0362,2026-02-25,29,Success
PAY-006663,CUST-0362,2026-03-27,29,Success
PAY-006664,CUST-0362,2026-04-26,29,Success
PAY-006665,CUST-0362,2026-05-26,29,Success
PAY-006666,CUST-0362,2026-06-25,29,Success
PAY-006667,CUST-0363,2024-11-06,99,Success
PAY-006668,CUST-0363,2024-12-06,99,Success
PAY-006669,CUST-0363,2025-01-05,99,Success
PAY-006670,CUST-0363,2025-02-04,99,Success
PAY-006671,CUST-0363,2025-03-06,99,Success
PAY-006672,CUST-0363,2025-04-05,99,Success
PAY-006673,CUST-0363,2025-05-05,99,Success
PAY-006674,CUST-0363,2025-06-04,99,Success
PAY-006675,CUST-0363,2025-07-04,99,Success
PAY-006676,CUST-0363,2025-08-03,99,Success
PAY-006677,CUST-0363,2025-09-02,99,Success
PAY-006678,CUST-0363,2025-10-02,99,Success
PAY-006679,CUST-0363,2025-11-01,99,Success
PAY-006680,CUST-0363,2025-12-01,99,Success
PAY-006681,CUST-0363,2025-12-31,99,Success
PAY-006682,CUST-0363,2026-01-30,99,Success
PAY-006683,CUST-0363,2026-03-01,99,Success
PAY-006684,CUST-0363,2026-03-31,99,Success
PAY-006685,CUST-0363,2026-04-30,99,Success
PAY-006686,CUST-0363,2026-05-30,99,Success
PAY-006687,CUST-0363,2026-06-29,99,Success
PAY-006688,CUST-0364,2024-11-21,29,Success
PAY-006689,CUST-0364,2024-12-21,29,Success
PAY-006690,CUST-0364,2025-01-20,29,Success
PAY-006691,CUST-0364,2025-02-19,29,Success
PAY-006692,CUST-0364,2025-03-21,29,Success
PAY-006693,CUST-0364,2025-04-20,29,Success
PAY-006694,CUST-0364,2025-05-20,29,Success
PAY-006695,CUST-0364,2025-06-19,29,Success
PAY-006696,CUST-0365,2024-12-13,99,Success
PAY-006697,CUST-0365,2025-01-12,99,Success
PAY-006698,CUST-0365,2025-02-11,99,Success
PAY-006699,CUST-0365,2025-03-13,99,Success
PAY-006700,CUST-0365,2025-04-12,99,Failed
PAY-006701,CUST-0365,2025-05-12,99,Success
PAY-006702,CUST-0365,2025-06-11,99,Success
PAY-006703,CUST-0365,2025-07-11,99,Success
PAY-006704,CUST-0365,2025-08-10,99,Success
PAY-006705,CUST-0365,2025-09-09,99,Success
PAY-006706,CUST-0365,2025-10-09,99,Success
PAY-006707,CUST-0365,2025-11-08,99,Success
PAY-006708,CUST-0365,2025-12-08,99,Success
PAY-006709,CUST-0365,2026-01-07,99,Success
PAY-006710,CUST-0365,2026-02-06,99,Success
PAY-006711,CUST-0365,2026-03-08,99,Success
PAY-006712,CUST-0365,2026-04-07,99,Success
PAY-006713,CUST-0365,2026-05-07,99,Success
PAY-006714,CUST-0365,2026-06-06,99,Success
PAY-006715,CUST-0366,2025-04-07,29,Success
PAY-006716,CUST-0366,2025-05-07,29,Success
PAY-006717,CUST-0366,2025-06-06,29,Success
PAY-006718,CUST-0366,2025-07-06,29,Success
PAY-006719,CUST-0366,2025-08-05,29,Success
PAY-006720,CUST-0366,2025-09-04,29,Success
PAY-006721,CUST-0366,2025-10-04,29,Success
PAY-006722,CUST-0366,2025-11-03,29,Success
PAY-006723,CUST-0366,2025-12-03,29,Success
PAY-006724,CUST-0366,2026-01-02,29,Success
PAY-006725,CUST-0366,2026-02-01,29,Success
PAY-006726,CUST-0366,2026-03-03,29,Success
PAY-006727,CUST-0366,2026-04-02,29,Success
PAY-006728,CUST-0366,2026-05-02,29,Failed
PAY-006729,CUST-0366,2026-06-01,29,Success
PAY-006730,CUST-0367,2025-02-07,99,Success
PAY-006731,CUST-0367,2025-03-09,99,Success
PAY-006732,CUST-0367,2025-04-08,99,Success
PAY-006733,CUST-0367,2025-05-08,99,Success
PAY-006734,CUST-0368,2024-10-23,299,Success
PAY-006735,CUST-0368,2024-11-22,299,Success
PAY-006736,CUST-0368,2024-12-22,299,Success
PAY-006737,CUST-0368,2025-01-21,299,Success
PAY-006738,CUST-0368,2025-02-20,299,Success
PAY-006739,CUST-0368,2025-03-22,299,Success
PAY-006740,CUST-0368,2025-04-21,299,Success
PAY-006741,CUST-0368,2025-05-21,299,Success
PAY-006742,CUST-0368,2025-06-20,299,Success
PAY-006743,CUST-0368,2025-07-20,299,Success
PAY-006744,CUST-0368,2025-08-19,299,Success
PAY-006745,CUST-0368,2025-09-18,299,Success
PAY-006746,CUST-0368,2025-10-18,299,Success
PAY-006747,CUST-0368,2025-11-17,299,Success
PAY-006748,CUST-0368,2025-12-17,299,Success
PAY-006749,CUST-0368,2026-01-16,299,Success
PAY-006750,CUST-0368,2026-02-15,299,Success
PAY-006751,CUST-0368,2026-03-17,299,Success
PAY-006752,CUST-0368,2026-04-16,299,Success
PAY-006753,CUST-0368,2026-05-16,299,Success
PAY-006754,CUST-0368,2026-06-15,299,Success
PAY-006755,CUST-0369,2024-02-16,29,Success
PAY-006756,CUST-0369,2024-03-17,29,Success
PAY-006757,CUST-0369,2024-04-16,29,Success
PAY-006758,CUST-0369,2024-05-16,29,Success
PAY-006759,CUST-0369,2024-06-15,29,Success
PAY-006760,CUST-0369,2024-07-15,29,Success
PAY-006761,CUST-0369,2024-08-14,29,Success
PAY-006762,CUST-0369,2024-09-13,29,Success
PAY-006763,CUST-0369,2024-10-13,29,Success
PAY-006764,CUST-0369,2024-11-12,29,Success
PAY-006765,CUST-0369,2024-12-12,29,Success
PAY-006766,CUST-0369,2025-01-11,29,Success
PAY-006767,CUST-0369,2025-02-10,29,Success
PAY-006768,CUST-0369,2025-03-12,29,Success
PAY-006769,CUST-0369,2025-04-11,29,Success
PAY-006770,CUST-0369,2025-05-11,29,Success
PAY-006771,CUST-0369,2025-06-10,29,Failed
PAY-006772,CUST-0369,2025-07-10,29,Success
PAY-006773,CUST-0369,2025-08-09,29,Success
PAY-006774,CUST-0369,2025-09-08,29,Success
PAY-006775,CUST-0369,2025-10-08,29,Success
PAY-006776,CUST-0369,2025-11-07,29,Success
PAY-006777,CUST-0369,2025-12-07,29,Success
PAY-006778,CUST-0369,2026-01-06,29,Success
PAY-006779,CUST-0369,2026-02-05,29,Success
PAY-006780,CUST-0369,2026-03-07,29,Failed
PAY-006781,CUST-0369,2026-04-06,29,Success
PAY-006782,CUST-0369,2026-05-06,29,Success
PAY-006783,CUST-0369,2026-06-05,29,Success
PAY-006784,CUST-0370,2025-01-17,29,Success
PAY-006785,CUST-0370,2025-02-16,29,Success
PAY-006786,CUST-0370,2025-03-18,29,Success
PAY-006787,CUST-0370,2025-04-17,29,Success
PAY-006788,CUST-0370,2025-05-17,29,Success
PAY-006789,CUST-0370,2025-06-16,29,Success
PAY-006790,CUST-0370,2025-07-16,29,Success
PAY-006791,CUST-0370,2025-08-15,29,Success
PAY-006792,CUST-0370,2025-09-14,29,Success
PAY-006793,CUST-0370,2025-10-14,29,Success
PAY-006794,CUST-0370,2025-11-13,29,Success
PAY-006795,CUST-0370,2025-12-13,29,Success
PAY-006796,CUST-0370,2026-01-12,29,Failed
PAY-006797,CUST-0370,2026-02-11,29,Success
PAY-006798,CUST-0370,2026-03-13,29,Success
PAY-006799,CUST-0370,2026-04-12,29,Success
PAY-006800,CUST-0370,2026-05-12,29,Success
PAY-006801,CUST-0370,2026-06-11,29,Success
PAY-006802,CUST-0371,2024-04-12,99,Success
PAY-006803,CUST-0371,2024-05-12,99,Success
PAY-006804,CUST-0371,2024-06-11,99,Success
PAY-006805,CUST-0371,2024-07-11,99,Success
PAY-006806,CUST-0371,2024-08-10,99,Success
PAY-006807,CUST-0371,2024-09-09,99,Success
PAY-006808,CUST-0371,2024-10-09,99,Success
PAY-006809,CUST-0371,2024-11-08,99,Success
PAY-006810,CUST-0371,2024-12-08,99,Success
PAY-006811,CUST-0371,2025-01-07,99,Success
PAY-006812,CUST-0371,2025-02-06,99,Success
PAY-006813,CUST-0371,2025-03-08,99,Success
PAY-006814,CUST-0371,2025-04-07,99,Success
PAY-006815,CUST-0371,2025-05-07,99,Success
PAY-006816,CUST-0371,2025-06-06,99,Success
PAY-006817,CUST-0371,2025-07-06,99,Success
PAY-006818,CUST-0371,2025-08-05,99,Success
PAY-006819,CUST-0371,2025-09-04,99,Success
PAY-006820,CUST-0371,2025-10-04,99,Success
PAY-006821,CUST-0371,2025-11-03,99,Success
PAY-006822,CUST-0371,2025-12-03,99,Success
PAY-006823,CUST-0371,2026-01-02,99,Success
PAY-006824,CUST-0371,2026-02-01,99,Success
PAY-006825,CUST-0371,2026-03-03,99,Success
PAY-006826,CUST-0371,2026-04-02,99,Success
PAY-006827,CUST-0371,2026-05-02,99,Success
PAY-006828,CUST-0371,2026-06-01,99,Success
PAY-006829,CUST-0372,2024-09-28,99,Success
PAY-006830,CUST-0372,2024-10-28,99,Success
PAY-006831,CUST-0372,2024-11-27,99,Success
PAY-006832,CUST-0372,2024-12-27,99,Success
PAY-006833,CUST-0372,2025-01-26,99,Success
PAY-006834,CUST-0372,2025-02-25,99,Success
PAY-006835,CUST-0373,2024-05-11,29,Success
PAY-006836,CUST-0373,2024-06-10,29,Success
PAY-006837,CUST-0373,2024-07-10,29,Success
PAY-006838,CUST-0373,2024-08-09,29,Success
PAY-006839,CUST-0373,2024-09-08,29,Success
PAY-006840,CUST-0373,2024-10-08,29,Success
PAY-006841,CUST-0373,2024-11-07,29,Success
PAY-006842,CUST-0373,2024-12-07,29,Success
PAY-006843,CUST-0373,2025-01-06,29,Success
PAY-006844,CUST-0373,2025-02-05,29,Success
PAY-006845,CUST-0373,2025-03-07,29,Success
PAY-006846,CUST-0373,2025-04-06,29,Success
PAY-006847,CUST-0373,2025-05-06,29,Success
PAY-006848,CUST-0373,2025-06-05,29,Success
PAY-006849,CUST-0373,2025-07-05,29,Success
PAY-006850,CUST-0373,2025-08-04,29,Success
PAY-006851,CUST-0373,2025-09-03,29,Success
PAY-006852,CUST-0373,2025-10-03,29,Success
PAY-006853,CUST-0373,2025-11-02,29,Success
PAY-006854,CUST-0373,2025-12-02,29,Success
PAY-006855,CUST-0373,2026-01-01,29,Success
PAY-006856,CUST-0373,2026-01-31,29,Success
PAY-006857,CUST-0373,2026-03-02,29,Success
PAY-006858,CUST-0373,2026-04-01,29,Success
PAY-006859,CUST-0373,2026-05-01,29,Success
PAY-006860,CUST-0373,2026-05-31,29,Success
PAY-006861,CUST-0373,2026-06-30,29,Success
PAY-006862,CUST-0374,2025-01-17,29,Success
PAY-006863,CUST-0374,2025-02-16,29,Success
PAY-006864,CUST-0374,2025-03-18,29,Success
PAY-006865,CUST-0374,2025-04-17,29,Success
PAY-006866,CUST-0374,2025-05-17,29,Success
PAY-006867,CUST-0374,2025-06-16,29,Success
PAY-006868,CUST-0374,2025-07-16,29,Success
PAY-006869,CUST-0374,2025-08-15,29,Success
PAY-006870,CUST-0374,2025-09-14,29,Success
PAY-006871,CUST-0374,2025-10-14,29,Success
PAY-006872,CUST-0374,2025-11-13,29,Success
PAY-006873,CUST-0374,2025-12-13,29,Success
PAY-006874,CUST-0374,2026-01-12,29,Success
PAY-006875,CUST-0374,2026-02-11,29,Success
PAY-006876,CUST-0374,2026-03-13,29,Success
PAY-006877,CUST-0374,2026-04-12,29,Success
PAY-006878,CUST-0374,2026-05-12,29,Success
PAY-006879,CUST-0374,2026-06-11,29,Success
PAY-006880,CUST-0375,2024-08-27,99,Success
PAY-006881,CUST-0375,2024-09-26,99,Success
PAY-006882,CUST-0375,2024-10-26,99,Success
PAY-006883,CUST-0375,2024-11-25,99,Success
PAY-006884,CUST-0375,2024-12-25,99,Success
PAY-006885,CUST-0375,2025-01-24,99,Success
PAY-006886,CUST-0375,2025-02-23,99,Success
PAY-006887,CUST-0375,2025-03-25,99,Success
PAY-006888,CUST-0375,2025-04-24,99,Success
PAY-006889,CUST-0375,2025-05-24,99,Failed
PAY-006890,CUST-0375,2025-06-23,99,Success
PAY-006891,CUST-0375,2025-07-23,99,Success
PAY-006892,CUST-0375,2025-08-22,99,Success
PAY-006893,CUST-0375,2025-09-21,99,Success
PAY-006894,CUST-0375,2025-10-21,99,Success
PAY-006895,CUST-0375,2025-11-20,99,Success
PAY-006896,CUST-0375,2025-12-20,99,Success
PAY-006897,CUST-0375,2026-01-19,99,Success
PAY-006898,CUST-0375,2026-02-18,99,Success
PAY-006899,CUST-0375,2026-03-20,99,Success
PAY-006900,CUST-0375,2026-04-19,99,Success
PAY-006901,CUST-0375,2026-05-19,99,Success
PAY-006902,CUST-0375,2026-06-18,99,Success
PAY-006903,CUST-0376,2025-01-21,29,Success
PAY-006904,CUST-0376,2025-02-20,29,Success
PAY-006905,CUST-0376,2025-03-22,29,Success
PAY-006906,CUST-0376,2025-04-21,29,Success
PAY-006907,CUST-0376,2025-05-21,29,Success
PAY-006908,CUST-0377,2025-05-10,29,Success
PAY-006909,CUST-0377,2025-06-09,29,Success
PAY-006910,CUST-0377,2025-07-09,29,Success
PAY-006911,CUST-0377,2025-08-08,29,Success
PAY-006912,CUST-0377,2025-09-07,29,Success
PAY-006913,CUST-0377,2025-10-07,29,Success
PAY-006914,CUST-0377,2025-11-06,29,Success
PAY-006915,CUST-0377,2025-12-06,29,Success
PAY-006916,CUST-0377,2026-01-05,29,Success
PAY-006917,CUST-0377,2026-02-04,29,Success
PAY-006918,CUST-0377,2026-03-06,29,Success
PAY-006919,CUST-0377,2026-04-05,29,Success
PAY-006920,CUST-0377,2026-05-05,29,Success
PAY-006921,CUST-0377,2026-06-04,29,Success
PAY-006922,CUST-0378,2025-02-08,99,Success
PAY-006923,CUST-0378,2025-03-10,99,Success
PAY-006924,CUST-0378,2025-04-09,99,Success
PAY-006925,CUST-0378,2025-05-09,99,Success
PAY-006926,CUST-0378,2025-06-08,99,Success
PAY-006927,CUST-0378,2025-07-08,99,Success
PAY-006928,CUST-0378,2025-08-07,99,Success
PAY-006929,CUST-0378,2025-09-06,99,Success
PAY-006930,CUST-0378,2025-10-06,99,Success
PAY-006931,CUST-0378,2025-11-05,99,Success
PAY-006932,CUST-0378,2025-12-05,99,Success
PAY-006933,CUST-0378,2026-01-04,99,Success
PAY-006934,CUST-0378,2026-02-03,99,Success
PAY-006935,CUST-0378,2026-03-05,99,Success
PAY-006936,CUST-0378,2026-04-04,99,Success
PAY-006937,CUST-0378,2026-05-04,99,Success
PAY-006938,CUST-0378,2026-06-03,99,Success
PAY-006939,CUST-0379,2024-05-15,99,Success
PAY-006940,CUST-0379,2024-06-14,99,Success
PAY-006941,CUST-0379,2024-07-14,99,Success
PAY-006942,CUST-0379,2024-08-13,99,Success
PAY-006943,CUST-0379,2024-09-12,99,Success
PAY-006944,CUST-0379,2024-10-12,99,Success
PAY-006945,CUST-0379,2024-11-11,99,Success
PAY-006946,CUST-0379,2024-12-11,99,Success
PAY-006947,CUST-0379,2025-01-10,99,Success
PAY-006948,CUST-0379,2025-02-09,99,Success
PAY-006949,CUST-0379,2025-03-11,99,Success
PAY-006950,CUST-0379,2025-04-10,99,Success
PAY-006951,CUST-0379,2025-05-10,99,Success
PAY-006952,CUST-0379,2025-06-09,99,Success
PAY-006953,CUST-0379,2025-07-09,99,Success
PAY-006954,CUST-0379,2025-08-08,99,Success
PAY-006955,CUST-0379,2025-09-07,99,Success
PAY-006956,CUST-0379,2025-10-07,99,Success
PAY-006957,CUST-0379,2025-11-06,99,Failed
PAY-006958,CUST-0379,2025-12-06,99,Success
PAY-006959,CUST-0379,2026-01-05,99,Success
PAY-006960,CUST-0379,2026-02-04,99,Success
PAY-006961,CUST-0379,2026-03-06,99,Success
PAY-006962,CUST-0379,2026-04-05,99,Success
PAY-006963,CUST-0379,2026-05-05,99,Success
PAY-006964,CUST-0379,2026-06-04,99,Success
PAY-006965,CUST-0380,2024-07-07,99,Success
PAY-006966,CUST-0380,2024-08-06,99,Success
PAY-006967,CUST-0380,2024-09-05,99,Success
PAY-006968,CUST-0380,2024-10-05,99,Success
PAY-006969,CUST-0380,2024-11-04,99,Success
PAY-006970,CUST-0380,2024-12-04,99,Success
PAY-006971,CUST-0381,2025-02-25,29,Success
PAY-006972,CUST-0381,2025-03-27,29,Success
PAY-006973,CUST-0381,2025-04-26,29,Success
PAY-006974,CUST-0381,2025-05-26,29,Success
PAY-006975,CUST-0381,2025-06-25,29,Success
PAY-006976,CUST-0381,2025-07-25,29,Success
PAY-006977,CUST-0381,2025-08-24,29,Success
PAY-006978,CUST-0381,2025-09-23,29,Success
PAY-006979,CUST-0381,2025-10-23,29,Success
PAY-006980,CUST-0381,2025-11-22,29,Success
PAY-006981,CUST-0381,2025-12-22,29,Success
PAY-006982,CUST-0381,2026-01-21,29,Success
PAY-006983,CUST-0381,2026-02-20,29,Success
PAY-006984,CUST-0381,2026-03-22,29,Success
PAY-006985,CUST-0381,2026-04-21,29,Success
PAY-006986,CUST-0381,2026-05-21,29,Success
PAY-006987,CUST-0381,2026-06-20,29,Success
PAY-006988,CUST-0382,2024-12-11,29,Success
PAY-006989,CUST-0382,2025-01-10,29,Success
PAY-006990,CUST-0382,2025-02-09,29,Success
PAY-006991,CUST-0382,2025-03-11,29,Success
PAY-006992,CUST-0382,2025-04-10,29,Success
PAY-006993,CUST-0382,2025-05-10,29,Success
PAY-006994,CUST-0382,2025-06-09,29,Success
PAY-006995,CUST-0382,2025-07-09,29,Success
PAY-006996,CUST-0382,2025-08-08,29,Success
PAY-006997,CUST-0382,2025-09-07,29,Success
PAY-006998,CUST-0382,2025-10-07,29,Success
PAY-006999,CUST-0382,2025-11-06,29,Success
PAY-007000,CUST-0382,2025-12-06,29,Success
PAY-007001,CUST-0382,2026-01-05,29,Success
PAY-007002,CUST-0382,2026-02-04,29,Success
PAY-007003,CUST-0382,2026-03-06,29,Success
PAY-007004,CUST-0382,2026-04-05,29,Success
PAY-007005,CUST-0382,2026-05-05,29,Success
PAY-007006,CUST-0382,2026-06-04,29,Success
PAY-007007,CUST-0383,2024-01-13,99,Success
PAY-007008,CUST-0383,2024-02-12,99,Success
PAY-007009,CUST-0383,2024-03-13,99,Success
PAY-007010,CUST-0383,2024-04-12,99,Success
PAY-007011,CUST-0383,2024-05-12,99,Success
PAY-007012,CUST-0383,2024-06-11,99,Success
PAY-007013,CUST-0383,2024-07-11,99,Success
PAY-007014,CUST-0383,2024-08-10,99,Success
PAY-007015,CUST-0383,2024-09-09,99,Success
PAY-007016,CUST-0383,2024-10-09,99,Success
PAY-007017,CUST-0383,2024-11-08,99,Success
PAY-007018,CUST-0383,2024-12-08,99,Success
PAY-007019,CUST-0383,2025-01-07,99,Success
PAY-007020,CUST-0383,2025-02-06,99,Success
PAY-007021,CUST-0383,2025-03-08,99,Success
PAY-007022,CUST-0383,2025-04-07,99,Success
PAY-007023,CUST-0383,2025-05-07,99,Success
PAY-007024,CUST-0383,2025-06-06,99,Failed
PAY-007025,CUST-0383,2025-07-06,99,Success
PAY-007026,CUST-0383,2025-08-05,99,Success
PAY-007027,CUST-0383,2025-09-04,99,Success
PAY-007028,CUST-0383,2025-10-04,99,Success
PAY-007029,CUST-0383,2025-11-03,99,Failed
PAY-007030,CUST-0383,2025-12-03,99,Success
PAY-007031,CUST-0383,2026-01-02,99,Failed
PAY-007032,CUST-0383,2026-02-01,99,Success
PAY-007033,CUST-0383,2026-03-03,99,Success
PAY-007034,CUST-0383,2026-04-02,99,Success
PAY-007035,CUST-0383,2026-05-02,99,Success
PAY-007036,CUST-0383,2026-06-01,99,Success
PAY-007037,CUST-0384,2024-11-27,99,Success
PAY-007038,CUST-0384,2024-12-27,99,Success
PAY-007039,CUST-0384,2025-01-26,99,Success
PAY-007040,CUST-0384,2025-02-25,99,Success
PAY-007041,CUST-0384,2025-03-27,99,Success
PAY-007042,CUST-0384,2025-04-26,99,Success
PAY-007043,CUST-0384,2025-05-26,99,Success
PAY-007044,CUST-0384,2025-06-25,99,Success
PAY-007045,CUST-0384,2025-07-25,99,Success
PAY-007046,CUST-0384,2025-08-24,99,Success
PAY-007047,CUST-0384,2025-09-23,99,Success
PAY-007048,CUST-0384,2025-10-23,99,Success
PAY-007049,CUST-0384,2025-11-22,99,Success
PAY-007050,CUST-0384,2025-12-22,99,Success
PAY-007051,CUST-0384,2026-01-21,99,Success
PAY-007052,CUST-0384,2026-02-20,99,Success
PAY-007053,CUST-0384,2026-03-22,99,Success
PAY-007054,CUST-0384,2026-04-21,99,Success
PAY-007055,CUST-0384,2026-05-21,99,Success
PAY-007056,CUST-0384,2026-06-20,99,Success
PAY-007057,CUST-0385,2025-04-10,99,Success
PAY-007058,CUST-0385,2025-05-10,99,Success
PAY-007059,CUST-0385,2025-06-09,99,Success
PAY-007060,CUST-0385,2025-07-09,99,Success
PAY-007061,CUST-0385,2025-08-08,99,Success
PAY-007062,CUST-0385,2025-09-07,99,Success
PAY-007063,CUST-0385,2025-10-07,99,Success
PAY-007064,CUST-0385,2025-11-06,99,Success
PAY-007065,CUST-0385,2025-12-06,99,Success
PAY-007066,CUST-0385,2026-01-05,99,Success
PAY-007067,CUST-0385,2026-02-04,99,Failed
PAY-007068,CUST-0385,2026-03-06,99,Success
PAY-007069,CUST-0385,2026-04-05,99,Success
PAY-007070,CUST-0385,2026-05-05,99,Success
PAY-007071,CUST-0385,2026-06-04,99,Success
PAY-007072,CUST-0386,2024-02-29,29,Success
PAY-007073,CUST-0386,2024-03-30,29,Success
PAY-007074,CUST-0386,2024-04-29,29,Success
PAY-007075,CUST-0386,2024-05-29,29,Success
PAY-007076,CUST-0387,2025-04-29,299,Success
PAY-007077,CUST-0387,2025-05-29,299,Failed
PAY-007078,CUST-0387,2025-06-28,299,Success
PAY-007079,CUST-0387,2025-07-28,299,Success
PAY-007080,CUST-0387,2025-08-27,299,Success
PAY-007081,CUST-0387,2025-09-26,299,Success
PAY-007082,CUST-0387,2025-10-26,299,Success
PAY-007083,CUST-0387,2025-11-25,299,Success
PAY-007084,CUST-0387,2025-12-25,299,Success
PAY-007085,CUST-0387,2026-01-24,299,Success
PAY-007086,CUST-0387,2026-02-23,299,Success
PAY-007087,CUST-0387,2026-03-25,299,Success
PAY-007088,CUST-0387,2026-04-24,299,Success
PAY-007089,CUST-0387,2026-05-24,299,Success
PAY-007090,CUST-0387,2026-06-23,299,Success
PAY-007091,CUST-0388,2024-09-09,29,Success
PAY-007092,CUST-0388,2024-10-09,29,Success
PAY-007093,CUST-0388,2024-11-08,29,Success
PAY-007094,CUST-0388,2024-12-08,29,Success
PAY-007095,CUST-0388,2025-01-07,29,Success
PAY-007096,CUST-0388,2025-02-06,29,Success
PAY-007097,CUST-0388,2025-03-08,29,Success
PAY-007098,CUST-0388,2025-04-07,29,Success
PAY-007099,CUST-0388,2025-05-07,29,Success
PAY-007100,CUST-0388,2025-06-06,29,Success
PAY-007101,CUST-0388,2025-07-06,29,Success
PAY-007102,CUST-0388,2025-08-05,29,Success
PAY-007103,CUST-0388,2025-09-04,29,Success
PAY-007104,CUST-0388,2025-10-04,29,Success
PAY-007105,CUST-0388,2025-11-03,29,Success
PAY-007106,CUST-0388,2025-12-03,29,Success
PAY-007107,CUST-0388,2026-01-02,29,Success
PAY-007108,CUST-0388,2026-02-01,29,Success
PAY-007109,CUST-0388,2026-03-03,29,Success
PAY-007110,CUST-0388,2026-04-02,29,Success
PAY-007111,CUST-0388,2026-05-02,29,Success
PAY-007112,CUST-0388,2026-06-01,29,Success
PAY-007113,CUST-0389,2024-04-30,29,Success
PAY-007114,CUST-0389,2024-05-30,29,Success
PAY-007115,CUST-0389,2024-06-29,29,Success
PAY-007116,CUST-0389,2024-07-29,29,Success
PAY-007117,CUST-0389,2024-08-28,29,Success
PAY-007118,CUST-0389,2024-09-27,29,Success
PAY-007119,CUST-0389,2024-10-27,29,Success
PAY-007120,CUST-0389,2024-11-26,29,Success
PAY-007121,CUST-0389,2024-12-26,29,Success
PAY-007122,CUST-0389,2025-01-25,29,Success
PAY-007123,CUST-0389,2025-02-24,29,Success
PAY-007124,CUST-0389,2025-03-26,29,Success
PAY-007125,CUST-0389,2025-04-25,29,Success
PAY-007126,CUST-0389,2025-05-25,29,Success
PAY-007127,CUST-0389,2025-06-24,29,Success
PAY-007128,CUST-0389,2025-07-24,29,Success
PAY-007129,CUST-0389,2025-08-23,29,Success
PAY-007130,CUST-0389,2025-09-22,29,Success
PAY-007131,CUST-0389,2025-10-22,29,Success
PAY-007132,CUST-0389,2025-11-21,29,Success
PAY-007133,CUST-0389,2025-12-21,29,Success
PAY-007134,CUST-0389,2026-01-20,29,Success
PAY-007135,CUST-0389,2026-02-19,29,Success
PAY-007136,CUST-0389,2026-03-21,29,Success
PAY-007137,CUST-0389,2026-04-20,29,Success
PAY-007138,CUST-0389,2026-05-20,29,Success
PAY-007139,CUST-0389,2026-06-19,29,Success
PAY-007140,CUST-0390,2024-08-20,29,Success
PAY-007141,CUST-0390,2024-09-19,29,Success
PAY-007142,CUST-0390,2024-10-19,29,Success
PAY-007143,CUST-0390,2024-11-18,29,Success
PAY-007144,CUST-0390,2024-12-18,29,Success
PAY-007145,CUST-0390,2025-01-17,29,Success
PAY-007146,CUST-0390,2025-02-16,29,Success
PAY-007147,CUST-0390,2025-03-18,29,Success
PAY-007148,CUST-0390,2025-04-17,29,Success
PAY-007149,CUST-0390,2025-05-17,29,Success
PAY-007150,CUST-0390,2025-06-16,29,Success
PAY-007151,CUST-0390,2025-07-16,29,Success
PAY-007152,CUST-0390,2025-08-15,29,Success
PAY-007153,CUST-0390,2025-09-14,29,Success
PAY-007154,CUST-0390,2025-10-14,29,Success
PAY-007155,CUST-0390,2025-11-13,29,Success
PAY-007156,CUST-0390,2025-12-13,29,Success
PAY-007157,CUST-0390,2026-01-12,29,Success
PAY-007158,CUST-0390,2026-02-11,29,Success
PAY-007159,CUST-0390,2026-03-13,29,Success
PAY-007160,CUST-0390,2026-04-12,29,Success
PAY-007161,CUST-0390,2026-05-12,29,Failed
PAY-007162,CUST-0390,2026-06-11,29,Success
PAY-007163,CUST-0391,2024-10-27,29,Success
PAY-007164,CUST-0391,2024-11-26,29,Success
PAY-007165,CUST-0391,2024-12-26,29,Success
PAY-007166,CUST-0391,2025-01-25,29,Success
PAY-007167,CUST-0391,2025-02-24,29,Success
PAY-007168,CUST-0391,2025-03-26,29,Success
PAY-007169,CUST-0391,2025-04-25,29,Success
PAY-007170,CUST-0391,2025-05-25,29,Success
PAY-007171,CUST-0391,2025-06-24,29,Success
PAY-007172,CUST-0391,2025-07-24,29,Success
PAY-007173,CUST-0391,2025-08-23,29,Success
PAY-007174,CUST-0391,2025-09-22,29,Success
PAY-007175,CUST-0391,2025-10-22,29,Success
PAY-007176,CUST-0391,2025-11-21,29,Success
PAY-007177,CUST-0391,2025-12-21,29,Success
PAY-007178,CUST-0391,2026-01-20,29,Success
PAY-007179,CUST-0391,2026-02-19,29,Success
PAY-007180,CUST-0391,2026-03-21,29,Success
PAY-007181,CUST-0391,2026-04-20,29,Failed
PAY-007182,CUST-0391,2026-05-20,29,Success
PAY-007183,CUST-0391,2026-06-19,29,Success
PAY-007184,CUST-0392,2024-12-01,29,Success
PAY-007185,CUST-0392,2024-12-31,29,Success
PAY-007186,CUST-0392,2025-01-30,29,Success
PAY-007187,CUST-0392,2025-03-01,29,Success
PAY-007188,CUST-0392,2025-03-31,29,Success
PAY-007189,CUST-0392,2025-04-30,29,Success
PAY-007190,CUST-0392,2025-05-30,29,Failed
PAY-007191,CUST-0392,2025-06-29,29,Success
PAY-007192,CUST-0392,2025-07-29,29,Success
PAY-007193,CUST-0392,2025-08-28,29,Success
PAY-007194,CUST-0392,2025-09-27,29,Success
PAY-007195,CUST-0392,2025-10-27,29,Success
PAY-007196,CUST-0392,2025-11-26,29,Success
PAY-007197,CUST-0392,2025-12-26,29,Success
PAY-007198,CUST-0392,2026-01-25,29,Success
PAY-007199,CUST-0392,2026-02-24,29,Success
PAY-007200,CUST-0392,2026-03-26,29,Success
PAY-007201,CUST-0392,2026-04-25,29,Success
PAY-007202,CUST-0392,2026-05-25,29,Success
PAY-007203,CUST-0392,2026-06-24,29,Success
PAY-007204,CUST-0393,2024-11-11,29,Success
PAY-007205,CUST-0393,2024-12-11,29,Success
PAY-007206,CUST-0393,2025-01-10,29,Success
PAY-007207,CUST-0393,2025-02-09,29,Success
PAY-007208,CUST-0393,2025-03-11,29,Success
PAY-007209,CUST-0393,2025-04-10,29,Success
PAY-007210,CUST-0393,2025-05-10,29,Success
PAY-007211,CUST-0393,2025-06-09,29,Success
PAY-007212,CUST-0393,2025-07-09,29,Success
PAY-007213,CUST-0393,2025-08-08,29,Success
PAY-007214,CUST-0393,2025-09-07,29,Success
PAY-007215,CUST-0393,2025-10-07,29,Success
PAY-007216,CUST-0393,2025-11-06,29,Success
PAY-007217,CUST-0393,2025-12-06,29,Success
PAY-007218,CUST-0393,2026-01-05,29,Success
PAY-007219,CUST-0393,2026-02-04,29,Success
PAY-007220,CUST-0393,2026-03-06,29,Success
PAY-007221,CUST-0393,2026-04-05,29,Success
PAY-007222,CUST-0393,2026-05-05,29,Success
PAY-007223,CUST-0393,2026-06-04,29,Success
PAY-007224,CUST-0394,2024-01-17,99,Success
PAY-007225,CUST-0394,2024-02-16,99,Success
PAY-007226,CUST-0394,2024-03-17,99,Success
PAY-007227,CUST-0394,2024-04-16,99,Success
PAY-007228,CUST-0394,2024-05-16,99,Success
PAY-007229,CUST-0394,2024-06-15,99,Success
PAY-007230,CUST-0394,2024-07-15,99,Success
PAY-007231,CUST-0394,2024-08-14,99,Success
PAY-007232,CUST-0394,2024-09-13,99,Success
PAY-007233,CUST-0394,2024-10-13,99,Success
PAY-007234,CUST-0394,2024-11-12,99,Success
PAY-007235,CUST-0394,2024-12-12,99,Failed
PAY-007236,CUST-0394,2025-01-11,99,Success
PAY-007237,CUST-0394,2025-02-10,99,Success
PAY-007238,CUST-0394,2025-03-12,99,Success
PAY-007239,CUST-0394,2025-04-11,99,Success
PAY-007240,CUST-0394,2025-05-11,99,Success
PAY-007241,CUST-0394,2025-06-10,99,Success
PAY-007242,CUST-0394,2025-07-10,99,Success
PAY-007243,CUST-0394,2025-08-09,99,Success
PAY-007244,CUST-0394,2025-09-08,99,Success
PAY-007245,CUST-0394,2025-10-08,99,Success
PAY-007246,CUST-0394,2025-11-07,99,Success
PAY-007247,CUST-0394,2025-12-07,99,Success
PAY-007248,CUST-0394,2026-01-06,99,Success
PAY-007249,CUST-0394,2026-02-05,99,Success
PAY-007250,CUST-0394,2026-03-07,99,Success
PAY-007251,CUST-0394,2026-04-06,99,Success
PAY-007252,CUST-0394,2026-05-06,99,Success
PAY-007253,CUST-0394,2026-06-05,99,Success
PAY-007254,CUST-0395,2024-08-15,29,Success
PAY-007255,CUST-0395,2024-09-14,29,Success
PAY-007256,CUST-0395,2024-10-14,29,Success
PAY-007257,CUST-0395,2024-11-13,29,Success
PAY-007258,CUST-0395,2024-12-13,29,Success
PAY-007259,CUST-0395,2025-01-12,29,Success
PAY-007260,CUST-0395,2025-02-11,29,Success
PAY-007261,CUST-0395,2025-03-13,29,Success
PAY-007262,CUST-0395,2025-04-12,29,Success
PAY-007263,CUST-0395,2025-05-12,29,Success
PAY-007264,CUST-0395,2025-06-11,29,Success
PAY-007265,CUST-0395,2025-07-11,29,Success
PAY-007266,CUST-0395,2025-08-10,29,Success
PAY-007267,CUST-0395,2025-09-09,29,Success
PAY-007268,CUST-0395,2025-10-09,29,Success
PAY-007269,CUST-0395,2025-11-08,29,Success
PAY-007270,CUST-0395,2025-12-08,29,Success
PAY-007271,CUST-0395,2026-01-07,29,Success
PAY-007272,CUST-0395,2026-02-06,29,Success
PAY-007273,CUST-0395,2026-03-08,29,Success
PAY-007274,CUST-0395,2026-04-07,29,Success
PAY-007275,CUST-0395,2026-05-07,29,Success
PAY-007276,CUST-0395,2026-06-06,29,Success
PAY-007277,CUST-0396,2025-03-13,99,Success
PAY-007278,CUST-0396,2025-04-12,99,Success
PAY-007279,CUST-0396,2025-05-12,99,Success
PAY-007280,CUST-0396,2025-06-11,99,Success
PAY-007281,CUST-0396,2025-07-11,99,Success
PAY-007282,CUST-0396,2025-08-10,99,Success
PAY-007283,CUST-0396,2025-09-09,99,Success
PAY-007284,CUST-0396,2025-10-09,99,Success
PAY-007285,CUST-0396,2025-11-08,99,Failed
PAY-007286,CUST-0396,2025-12-08,99,Success
PAY-007287,CUST-0396,2026-01-07,99,Success
PAY-007288,CUST-0396,2026-02-06,99,Success
PAY-007289,CUST-0396,2026-03-08,99,Success
PAY-007290,CUST-0396,2026-04-07,99,Success
PAY-007291,CUST-0396,2026-05-07,99,Success
PAY-007292,CUST-0396,2026-06-06,99,Success
PAY-007293,CUST-0397,2024-12-17,99,Success
PAY-007294,CUST-0397,2025-01-16,99,Success
PAY-007295,CUST-0397,2025-02-15,99,Success
PAY-007296,CUST-0397,2025-03-17,99,Success
PAY-007297,CUST-0397,2025-04-16,99,Success
PAY-007298,CUST-0397,2025-05-16,99,Success
PAY-007299,CUST-0397,2025-06-15,99,Success
PAY-007300,CUST-0397,2025-07-15,99,Success
PAY-007301,CUST-0397,2025-08-14,99,Success
PAY-007302,CUST-0397,2025-09-13,99,Success
PAY-007303,CUST-0397,2025-10-13,99,Success
PAY-007304,CUST-0397,2025-11-12,99,Success
PAY-007305,CUST-0397,2025-12-12,99,Success
PAY-007306,CUST-0397,2026-01-11,99,Success
PAY-007307,CUST-0397,2026-02-10,99,Success
PAY-007308,CUST-0397,2026-03-12,99,Success
PAY-007309,CUST-0397,2026-04-11,99,Success
PAY-007310,CUST-0397,2026-05-11,99,Success
PAY-007311,CUST-0397,2026-06-10,99,Success
PAY-007312,CUST-0398,2024-02-01,29,Success
PAY-007313,CUST-0398,2024-03-02,29,Success
PAY-007314,CUST-0398,2024-04-01,29,Success
PAY-007315,CUST-0398,2024-05-01,29,Success
PAY-007316,CUST-0398,2024-05-31,29,Success
PAY-007317,CUST-0398,2024-06-30,29,Success
PAY-007318,CUST-0398,2024-07-30,29,Success
PAY-007319,CUST-0398,2024-08-29,29,Success
PAY-007320,CUST-0398,2024-09-28,29,Success
PAY-007321,CUST-0398,2024-10-28,29,Success
PAY-007322,CUST-0398,2024-11-27,29,Success
PAY-007323,CUST-0398,2024-12-27,29,Success
PAY-007324,CUST-0398,2025-01-26,29,Success
PAY-007325,CUST-0398,2025-02-25,29,Success
PAY-007326,CUST-0398,2025-03-27,29,Success
PAY-007327,CUST-0398,2025-04-26,29,Success
PAY-007328,CUST-0398,2025-05-26,29,Success
PAY-007329,CUST-0398,2025-06-25,29,Success
PAY-007330,CUST-0398,2025-07-25,29,Success
PAY-007331,CUST-0398,2025-08-24,29,Success
PAY-007332,CUST-0398,2025-09-23,29,Success
PAY-007333,CUST-0398,2025-10-23,29,Success
PAY-007334,CUST-0398,2025-11-22,29,Success
PAY-007335,CUST-0398,2025-12-22,29,Success
PAY-007336,CUST-0398,2026-01-21,29,Success
PAY-007337,CUST-0398,2026-02-20,29,Success
PAY-007338,CUST-0398,2026-03-22,29,Success
PAY-007339,CUST-0398,2026-04-21,29,Success
PAY-007340,CUST-0398,2026-05-21,29,Success
PAY-007341,CUST-0398,2026-06-20,29,Success
PAY-007342,CUST-0399,2024-04-07,29,Success
PAY-007343,CUST-0399,2024-05-07,29,Success
PAY-007344,CUST-0399,2024-06-06,29,Success
PAY-007345,CUST-0399,2024-07-06,29,Success
PAY-007346,CUST-0399,2024-08-05,29,Success
PAY-007347,CUST-0399,2024-09-04,29,Success
PAY-007348,CUST-0399,2024-10-04,29,Success
PAY-007349,CUST-0399,2024-11-03,29,Success
PAY-007350,CUST-0399,2024-12-03,29,Success
PAY-007351,CUST-0399,2025-01-02,29,Success
PAY-007352,CUST-0399,2025-02-01,29,Success
PAY-007353,CUST-0399,2025-03-03,29,Success
PAY-007354,CUST-0399,2025-04-02,29,Success
PAY-007355,CUST-0399,2025-05-02,29,Success
PAY-007356,CUST-0399,2025-06-01,29,Success
PAY-007357,CUST-0399,2025-07-01,29,Success
PAY-007358,CUST-0399,2025-07-31,29,Success
PAY-007359,CUST-0399,2025-08-30,29,Success
PAY-007360,CUST-0399,2025-09-29,29,Success
PAY-007361,CUST-0399,2025-10-29,29,Success
PAY-007362,CUST-0399,2025-11-28,29,Failed
PAY-007363,CUST-0399,2025-12-28,29,Success
PAY-007364,CUST-0399,2026-01-27,29,Success
PAY-007365,CUST-0399,2026-02-26,29,Success
PAY-007366,CUST-0399,2026-03-28,29,Success
PAY-007367,CUST-0399,2026-04-27,29,Success
PAY-007368,CUST-0399,2026-05-27,29,Success
PAY-007369,CUST-0399,2026-06-26,29,Success
PAY-007370,CUST-0400,2024-02-16,299,Success
PAY-007371,CUST-0400,2024-03-17,299,Success
PAY-007372,CUST-0400,2024-04-16,299,Failed
PAY-007373,CUST-0400,2024-05-16,299,Success
PAY-007374,CUST-0400,2024-06-15,299,Success
PAY-007375,CUST-0400,2024-07-15,299,Failed
PAY-007376,CUST-0400,2024-08-14,299,Success
PAY-007377,CUST-0400,2024-09-13,299,Success
PAY-007378,CUST-0400,2024-10-13,299,Success
PAY-007379,CUST-0400,2024-11-12,299,Success
PAY-007380,CUST-0400,2024-12-12,299,Success
PAY-007381,CUST-0400,2025-01-11,299,Success
PAY-007382,CUST-0400,2025-02-10,299,Success
PAY-007383,CUST-0400,2025-03-12,299,Success
PAY-007384,CUST-0400,2025-04-11,299,Success
PAY-007385,CUST-0400,2025-05-11,299,Success
PAY-007386,CUST-0400,2025-06-10,299,Success
PAY-007387,CUST-0400,2025-07-10,299,Success
PAY-007388,CUST-0400,2025-08-09,299,Success
PAY-007389,CUST-0400,2025-09-08,299,Success
PAY-007390,CUST-0400,2025-10-08,299,Success
PAY-007391,CUST-0400,2025-11-07,299,Success
PAY-007392,CUST-0400,2025-12-07,299,Success
PAY-007393,CUST-0400,2026-01-06,299,Success
PAY-007394,CUST-0400,2026-02-05,299,Success
PAY-007395,CUST-0400,2026-03-07,299,Success
PAY-007396,CUST-0400,2026-04-06,299,Success
PAY-007397,CUST-0400,2026-05-06,299,Success
PAY-007398,CUST-0400,2026-06-05,299,Success
PAY-007399,CUST-0401,2024-01-26,99,Success
PAY-007400,CUST-0401,2024-02-25,99,Success
PAY-007401,CUST-0402,2024-03-05,99,Success
PAY-007402,CUST-0402,2024-04-04,99,Success
PAY-007403,CUST-0402,2024-05-04,99,Success
PAY-007404,CUST-0402,2024-06-03,99,Success
PAY-007405,CUST-0403,2025-02-28,99,Success
PAY-007406,CUST-0403,2025-03-30,99,Success
PAY-007407,CUST-0403,2025-04-29,99,Success
PAY-007408,CUST-0403,2025-05-29,99,Success
PAY-007409,CUST-0403,2025-06-28,99,Success
PAY-007410,CUST-0403,2025-07-28,99,Success
PAY-007411,CUST-0403,2025-08-27,99,Success
PAY-007412,CUST-0403,2025-09-26,99,Success
PAY-007413,CUST-0403,2025-10-26,99,Success
PAY-007414,CUST-0403,2025-11-25,99,Success
PAY-007415,CUST-0403,2025-12-25,99,Success
PAY-007416,CUST-0403,2026-01-24,99,Success
PAY-007417,CUST-0403,2026-02-23,99,Success
PAY-007418,CUST-0403,2026-03-25,99,Failed
PAY-007419,CUST-0403,2026-04-24,99,Success
PAY-007420,CUST-0403,2026-05-24,99,Success
PAY-007421,CUST-0403,2026-06-23,99,Success
PAY-007422,CUST-0404,2025-02-20,29,Success
PAY-007423,CUST-0404,2025-03-22,29,Success
PAY-007424,CUST-0404,2025-04-21,29,Success
PAY-007425,CUST-0404,2025-05-21,29,Success
PAY-007426,CUST-0404,2025-06-20,29,Success
PAY-007427,CUST-0404,2025-07-20,29,Success
PAY-007428,CUST-0404,2025-08-19,29,Success
PAY-007429,CUST-0404,2025-09-18,29,Success
PAY-007430,CUST-0404,2025-10-18,29,Success
PAY-007431,CUST-0404,2025-11-17,29,Success
PAY-007432,CUST-0405,2025-01-31,29,Success
PAY-007433,CUST-0405,2025-03-02,29,Success
PAY-007434,CUST-0405,2025-04-01,29,Success
PAY-007435,CUST-0405,2025-05-01,29,Success
PAY-007436,CUST-0405,2025-05-31,29,Success
PAY-007437,CUST-0405,2025-06-30,29,Success
PAY-007438,CUST-0405,2025-07-30,29,Success
PAY-007439,CUST-0405,2025-08-29,29,Success
PAY-007440,CUST-0405,2025-09-28,29,Success
PAY-007441,CUST-0405,2025-10-28,29,Success
PAY-007442,CUST-0405,2025-11-27,29,Success
PAY-007443,CUST-0405,2025-12-27,29,Failed
PAY-007444,CUST-0405,2026-01-26,29,Success
PAY-007445,CUST-0405,2026-02-25,29,Failed
PAY-007446,CUST-0405,2026-03-27,29,Success
PAY-007447,CUST-0405,2026-04-26,29,Success
PAY-007448,CUST-0405,2026-05-26,29,Success
PAY-007449,CUST-0405,2026-06-25,29,Success
PAY-007450,CUST-0406,2024-05-21,29,Success
PAY-007451,CUST-0406,2024-06-20,29,Success
PAY-007452,CUST-0406,2024-07-20,29,Success
PAY-007453,CUST-0406,2024-08-19,29,Success
PAY-007454,CUST-0406,2024-09-18,29,Success
PAY-007455,CUST-0406,2024-10-18,29,Success
PAY-007456,CUST-0406,2024-11-17,29,Success
PAY-007457,CUST-0406,2024-12-17,29,Success
PAY-007458,CUST-0406,2025-01-16,29,Success
PAY-007459,CUST-0406,2025-02-15,29,Success
PAY-007460,CUST-0406,2025-03-17,29,Success
PAY-007461,CUST-0406,2025-04-16,29,Success
PAY-007462,CUST-0406,2025-05-16,29,Success
PAY-007463,CUST-0406,2025-06-15,29,Success
PAY-007464,CUST-0406,2025-07-15,29,Success
PAY-007465,CUST-0406,2025-08-14,29,Success
PAY-007466,CUST-0406,2025-09-13,29,Success
PAY-007467,CUST-0406,2025-10-13,29,Success
PAY-007468,CUST-0406,2025-11-12,29,Success
PAY-007469,CUST-0406,2025-12-12,29,Success
PAY-007470,CUST-0406,2026-01-11,29,Success
PAY-007471,CUST-0406,2026-02-10,29,Success
PAY-007472,CUST-0406,2026-03-12,29,Success
PAY-007473,CUST-0406,2026-04-11,29,Success
PAY-007474,CUST-0406,2026-05-11,29,Success
PAY-007475,CUST-0406,2026-06-10,29,Success
PAY-007476,CUST-0407,2024-10-03,29,Success
PAY-007477,CUST-0407,2024-11-02,29,Success
PAY-007478,CUST-0407,2024-12-02,29,Success
PAY-007479,CUST-0407,2025-01-01,29,Success
PAY-007480,CUST-0407,2025-01-31,29,Success
PAY-007481,CUST-0407,2025-03-02,29,Success
PAY-007482,CUST-0407,2025-04-01,29,Success
PAY-007483,CUST-0407,2025-05-01,29,Success
PAY-007484,CUST-0407,2025-05-31,29,Success
PAY-007485,CUST-0407,2025-06-30,29,Success
PAY-007486,CUST-0407,2025-07-30,29,Success
PAY-007487,CUST-0407,2025-08-29,29,Success
PAY-007488,CUST-0407,2025-09-28,29,Success
PAY-007489,CUST-0407,2025-10-28,29,Success
PAY-007490,CUST-0407,2025-11-27,29,Success
PAY-007491,CUST-0407,2025-12-27,29,Success
PAY-007492,CUST-0407,2026-01-26,29,Success
PAY-007493,CUST-0407,2026-02-25,29,Success
PAY-007494,CUST-0407,2026-03-27,29,Success
PAY-007495,CUST-0407,2026-04-26,29,Success
PAY-007496,CUST-0407,2026-05-26,29,Success
PAY-007497,CUST-0407,2026-06-25,29,Success
PAY-007498,CUST-0408,2024-02-26,299,Success
PAY-007499,CUST-0408,2024-03-27,299,Success
PAY-007500,CUST-0408,2024-04-26,299,Success
PAY-007501,CUST-0408,2024-05-26,299,Success
PAY-007502,CUST-0408,2024-06-25,299,Success
PAY-007503,CUST-0408,2024-07-25,299,Success
PAY-007504,CUST-0408,2024-08-24,299,Success
PAY-007505,CUST-0408,2024-09-23,299,Success
PAY-007506,CUST-0408,2024-10-23,299,Success
PAY-007507,CUST-0408,2024-11-22,299,Success
PAY-007508,CUST-0408,2024-12-22,299,Success
PAY-007509,CUST-0408,2025-01-21,299,Success
PAY-007510,CUST-0408,2025-02-20,299,Success
PAY-007511,CUST-0408,2025-03-22,299,Success
PAY-007512,CUST-0408,2025-04-21,299,Success
PAY-007513,CUST-0408,2025-05-21,299,Success
PAY-007514,CUST-0408,2025-06-20,299,Success
PAY-007515,CUST-0408,2025-07-20,299,Success
PAY-007516,CUST-0408,2025-08-19,299,Success
PAY-007517,CUST-0408,2025-09-18,299,Success
PAY-007518,CUST-0408,2025-10-18,299,Success
PAY-007519,CUST-0408,2025-11-17,299,Success
PAY-007520,CUST-0408,2025-12-17,299,Success
PAY-007521,CUST-0408,2026-01-16,299,Success
PAY-007522,CUST-0408,2026-02-15,299,Success
PAY-007523,CUST-0408,2026-03-17,299,Success
PAY-007524,CUST-0408,2026-04-16,299,Success
PAY-007525,CUST-0408,2026-05-16,299,Success
PAY-007526,CUST-0408,2026-06-15,299,Success
PAY-007527,CUST-0409,2024-01-08,29,Success
PAY-007528,CUST-0409,2024-02-07,29,Success
PAY-007529,CUST-0409,2024-03-08,29,Success
PAY-007530,CUST-0409,2024-04-07,29,Success
PAY-007531,CUST-0409,2024-05-07,29,Success
PAY-007532,CUST-0409,2024-06-06,29,Success
PAY-007533,CUST-0409,2024-07-06,29,Success
PAY-007534,CUST-0409,2024-08-05,29,Success
PAY-007535,CUST-0409,2024-09-04,29,Success
PAY-007536,CUST-0409,2024-10-04,29,Success
PAY-007537,CUST-0409,2024-11-03,29,Success
PAY-007538,CUST-0409,2024-12-03,29,Success
PAY-007539,CUST-0409,2025-01-02,29,Success
PAY-007540,CUST-0409,2025-02-01,29,Success
PAY-007541,CUST-0409,2025-03-03,29,Success
PAY-007542,CUST-0409,2025-04-02,29,Success
PAY-007543,CUST-0409,2025-05-02,29,Success
PAY-007544,CUST-0409,2025-06-01,29,Success
PAY-007545,CUST-0409,2025-07-01,29,Success
PAY-007546,CUST-0409,2025-07-31,29,Success
PAY-007547,CUST-0409,2025-08-30,29,Success
PAY-007548,CUST-0409,2025-09-29,29,Success
PAY-007549,CUST-0409,2025-10-29,29,Success
PAY-007550,CUST-0409,2025-11-28,29,Success
PAY-007551,CUST-0409,2025-12-28,29,Success
PAY-007552,CUST-0409,2026-01-27,29,Success
PAY-007553,CUST-0409,2026-02-26,29,Success
PAY-007554,CUST-0409,2026-03-28,29,Success
PAY-007555,CUST-0409,2026-04-27,29,Success
PAY-007556,CUST-0409,2026-05-27,29,Success
PAY-007557,CUST-0409,2026-06-26,29,Success
PAY-007558,CUST-0410,2024-10-28,29,Success
PAY-007559,CUST-0410,2024-11-27,29,Success
PAY-007560,CUST-0410,2024-12-27,29,Success
PAY-007561,CUST-0411,2024-03-30,299,Success
PAY-007562,CUST-0411,2024-04-29,299,Success
PAY-007563,CUST-0411,2024-05-29,299,Success
PAY-007564,CUST-0411,2024-06-28,299,Success
PAY-007565,CUST-0411,2024-07-28,299,Success
PAY-007566,CUST-0411,2024-08-27,299,Success
PAY-007567,CUST-0411,2024-09-26,299,Success
PAY-007568,CUST-0411,2024-10-26,299,Success
PAY-007569,CUST-0411,2024-11-25,299,Success
PAY-007570,CUST-0411,2024-12-25,299,Success
PAY-007571,CUST-0411,2025-01-24,299,Success
PAY-007572,CUST-0411,2025-02-23,299,Success
PAY-007573,CUST-0411,2025-03-25,299,Success
PAY-007574,CUST-0411,2025-04-24,299,Success
PAY-007575,CUST-0411,2025-05-24,299,Success
PAY-007576,CUST-0411,2025-06-23,299,Success
PAY-007577,CUST-0411,2025-07-23,299,Success
PAY-007578,CUST-0411,2025-08-22,299,Success
PAY-007579,CUST-0411,2025-09-21,299,Success
PAY-007580,CUST-0411,2025-10-21,299,Success
PAY-007581,CUST-0411,2025-11-20,299,Success
PAY-007582,CUST-0411,2025-12-20,299,Success
PAY-007583,CUST-0411,2026-01-19,299,Success
PAY-007584,CUST-0411,2026-02-18,299,Success
PAY-007585,CUST-0411,2026-03-20,299,Success
PAY-007586,CUST-0411,2026-04-19,299,Success
PAY-007587,CUST-0411,2026-05-19,299,Success
PAY-007588,CUST-0411,2026-06-18,299,Success
PAY-007589,CUST-0412,2024-03-05,29,Success
PAY-007590,CUST-0412,2024-04-04,29,Success
PAY-007591,CUST-0412,2024-05-04,29,Success
PAY-007592,CUST-0412,2024-06-03,29,Success
PAY-007593,CUST-0412,2024-07-03,29,Success
PAY-007594,CUST-0412,2024-08-02,29,Success
PAY-007595,CUST-0412,2024-09-01,29,Success
PAY-007596,CUST-0412,2024-10-01,29,Success
PAY-007597,CUST-0413,2025-01-16,299,Success
PAY-007598,CUST-0413,2025-02-15,299,Success
PAY-007599,CUST-0413,2025-03-17,299,Success
PAY-007600,CUST-0413,2025-04-16,299,Success
PAY-007601,CUST-0413,2025-05-16,299,Success
PAY-007602,CUST-0413,2025-06-15,299,Success
PAY-007603,CUST-0413,2025-07-15,299,Success
PAY-007604,CUST-0413,2025-08-14,299,Success
PAY-007605,CUST-0414,2024-08-17,29,Success
PAY-007606,CUST-0414,2024-09-16,29,Success
PAY-007607,CUST-0414,2024-10-16,29,Success
PAY-007608,CUST-0414,2024-11-15,29,Success
PAY-007609,CUST-0414,2024-12-15,29,Success
PAY-007610,CUST-0414,2025-01-14,29,Success
PAY-007611,CUST-0414,2025-02-13,29,Success
PAY-007612,CUST-0414,2025-03-15,29,Success
PAY-007613,CUST-0414,2025-04-14,29,Success
PAY-007614,CUST-0414,2025-05-14,29,Success
PAY-007615,CUST-0414,2025-06-13,29,Success
PAY-007616,CUST-0414,2025-07-13,29,Success
PAY-007617,CUST-0414,2025-08-12,29,Success
PAY-007618,CUST-0414,2025-09-11,29,Success
PAY-007619,CUST-0414,2025-10-11,29,Success
PAY-007620,CUST-0414,2025-11-10,29,Success
PAY-007621,CUST-0414,2025-12-10,29,Success
PAY-007622,CUST-0414,2026-01-09,29,Success
PAY-007623,CUST-0414,2026-02-08,29,Success
PAY-007624,CUST-0414,2026-03-10,29,Success
PAY-007625,CUST-0414,2026-04-09,29,Success
PAY-007626,CUST-0414,2026-05-09,29,Success
PAY-007627,CUST-0414,2026-06-08,29,Success
PAY-007628,CUST-0415,2024-08-19,29,Success
PAY-007629,CUST-0415,2024-09-18,29,Success
PAY-007630,CUST-0415,2024-10-18,29,Success
PAY-007631,CUST-0415,2024-11-17,29,Success
PAY-007632,CUST-0415,2024-12-17,29,Success
PAY-007633,CUST-0415,2025-01-16,29,Success
PAY-007634,CUST-0415,2025-02-15,29,Success
PAY-007635,CUST-0415,2025-03-17,29,Success
PAY-007636,CUST-0415,2025-04-16,29,Success
PAY-007637,CUST-0415,2025-05-16,29,Success
PAY-007638,CUST-0415,2025-06-15,29,Success
PAY-007639,CUST-0415,2025-07-15,29,Success
PAY-007640,CUST-0415,2025-08-14,29,Success
PAY-007641,CUST-0415,2025-09-13,29,Success
PAY-007642,CUST-0415,2025-10-13,29,Success
PAY-007643,CUST-0415,2025-11-12,29,Success
PAY-007644,CUST-0415,2025-12-12,29,Success
PAY-007645,CUST-0415,2026-01-11,29,Success
PAY-007646,CUST-0415,2026-02-10,29,Success
PAY-007647,CUST-0415,2026-03-12,29,Success
PAY-007648,CUST-0415,2026-04-11,29,Failed
PAY-007649,CUST-0415,2026-05-11,29,Success
PAY-007650,CUST-0415,2026-06-10,29,Success
PAY-007651,CUST-0416,2025-01-07,99,Success
PAY-007652,CUST-0416,2025-02-06,99,Success
PAY-007653,CUST-0416,2025-03-08,99,Success
PAY-007654,CUST-0416,2025-04-07,99,Success
PAY-007655,CUST-0416,2025-05-07,99,Success
PAY-007656,CUST-0416,2025-06-06,99,Success
PAY-007657,CUST-0416,2025-07-06,99,Success
PAY-007658,CUST-0416,2025-08-05,99,Success
PAY-007659,CUST-0416,2025-09-04,99,Success
PAY-007660,CUST-0416,2025-10-04,99,Success
PAY-007661,CUST-0416,2025-11-03,99,Success
PAY-007662,CUST-0416,2025-12-03,99,Success
PAY-007663,CUST-0416,2026-01-02,99,Success
PAY-007664,CUST-0416,2026-02-01,99,Success
PAY-007665,CUST-0416,2026-03-03,99,Success
PAY-007666,CUST-0416,2026-04-02,99,Success
PAY-007667,CUST-0416,2026-05-02,99,Success
PAY-007668,CUST-0416,2026-06-01,99,Success
PAY-007669,CUST-0417,2024-11-25,29,Success
PAY-007670,CUST-0417,2024-12-25,29,Success
PAY-007671,CUST-0417,2025-01-24,29,Success
PAY-007672,CUST-0417,2025-02-23,29,Success
PAY-007673,CUST-0417,2025-03-25,29,Success
PAY-007674,CUST-0417,2025-04-24,29,Success
PAY-007675,CUST-0417,2025-05-24,29,Success
PAY-007676,CUST-0417,2025-06-23,29,Success
PAY-007677,CUST-0417,2025-07-23,29,Failed
PAY-007678,CUST-0417,2025-08-22,29,Success
PAY-007679,CUST-0417,2025-09-21,29,Success
PAY-007680,CUST-0417,2025-10-21,29,Success
PAY-007681,CUST-0417,2025-11-20,29,Success
PAY-007682,CUST-0418,2024-09-02,99,Success
PAY-007683,CUST-0418,2024-10-02,99,Success
PAY-007684,CUST-0418,2024-11-01,99,Success
PAY-007685,CUST-0418,2024-12-01,99,Success
PAY-007686,CUST-0418,2024-12-31,99,Success
PAY-007687,CUST-0418,2025-01-30,99,Success
PAY-007688,CUST-0418,2025-03-01,99,Success
PAY-007689,CUST-0418,2025-03-31,99,Success
PAY-007690,CUST-0418,2025-04-30,99,Success
PAY-007691,CUST-0418,2025-05-30,99,Success
PAY-007692,CUST-0418,2025-06-29,99,Success
PAY-007693,CUST-0418,2025-07-29,99,Success
PAY-007694,CUST-0418,2025-08-28,99,Success
PAY-007695,CUST-0418,2025-09-27,99,Success
PAY-007696,CUST-0418,2025-10-27,99,Success
PAY-007697,CUST-0418,2025-11-26,99,Success
PAY-007698,CUST-0418,2025-12-26,99,Success
PAY-007699,CUST-0418,2026-01-25,99,Success
PAY-007700,CUST-0418,2026-02-24,99,Success
PAY-007701,CUST-0418,2026-03-26,99,Success
PAY-007702,CUST-0418,2026-04-25,99,Success
PAY-007703,CUST-0418,2026-05-25,99,Failed
PAY-007704,CUST-0418,2026-06-24,99,Success
PAY-007705,CUST-0419,2024-12-17,29,Success
PAY-007706,CUST-0419,2025-01-16,29,Success
PAY-007707,CUST-0419,2025-02-15,29,Success
PAY-007708,CUST-0419,2025-03-17,29,Success
PAY-007709,CUST-0419,2025-04-16,29,Failed
PAY-007710,CUST-0419,2025-05-16,29,Success
PAY-007711,CUST-0419,2025-06-15,29,Success
PAY-007712,CUST-0419,2025-07-15,29,Success
PAY-007713,CUST-0419,2025-08-14,29,Success
PAY-007714,CUST-0419,2025-09-13,29,Success
PAY-007715,CUST-0419,2025-10-13,29,Success
PAY-007716,CUST-0419,2025-11-12,29,Success
PAY-007717,CUST-0419,2025-12-12,29,Success
PAY-007718,CUST-0419,2026-01-11,29,Success
PAY-007719,CUST-0419,2026-02-10,29,Success
PAY-007720,CUST-0419,2026-03-12,29,Failed
PAY-007721,CUST-0419,2026-04-11,29,Success
PAY-007722,CUST-0419,2026-05-11,29,Success
PAY-007723,CUST-0419,2026-06-10,29,Success
PAY-007724,CUST-0420,2024-12-30,29,Success
PAY-007725,CUST-0420,2025-01-29,29,Success
PAY-007726,CUST-0420,2025-02-28,29,Success
PAY-007727,CUST-0420,2025-03-30,29,Success
PAY-007728,CUST-0420,2025-04-29,29,Success
PAY-007729,CUST-0420,2025-05-29,29,Success
PAY-007730,CUST-0420,2025-06-28,29,Success
PAY-007731,CUST-0420,2025-07-28,29,Success
PAY-007732,CUST-0420,2025-08-27,29,Success
PAY-007733,CUST-0420,2025-09-26,29,Success
PAY-007734,CUST-0420,2025-10-26,29,Success
PAY-007735,CUST-0420,2025-11-25,29,Success
PAY-007736,CUST-0420,2025-12-25,29,Success
PAY-007737,CUST-0420,2026-01-24,29,Success
PAY-007738,CUST-0420,2026-02-23,29,Success
PAY-007739,CUST-0420,2026-03-25,29,Success
PAY-007740,CUST-0420,2026-04-24,29,Failed
PAY-007741,CUST-0420,2026-05-24,29,Success
PAY-007742,CUST-0420,2026-06-23,29,Success
PAY-007743,CUST-0421,2025-04-05,29,Success
PAY-007744,CUST-0421,2025-05-05,29,Failed
PAY-007745,CUST-0421,2025-06-04,29,Success
PAY-007746,CUST-0421,2025-07-04,29,Success
PAY-007747,CUST-0421,2025-08-03,29,Success
PAY-007748,CUST-0421,2025-09-02,29,Success
PAY-007749,CUST-0421,2025-10-02,29,Success
PAY-007750,CUST-0421,2025-11-01,29,Success
PAY-007751,CUST-0421,2025-12-01,29,Success
PAY-007752,CUST-0421,2025-12-31,29,Success
PAY-007753,CUST-0421,2026-01-30,29,Success
PAY-007754,CUST-0421,2026-03-01,29,Success
PAY-007755,CUST-0421,2026-03-31,29,Success
PAY-007756,CUST-0421,2026-04-30,29,Success
PAY-007757,CUST-0421,2026-05-30,29,Success
PAY-007758,CUST-0421,2026-06-29,29,Success
PAY-007759,CUST-0422,2024-11-07,99,Success
PAY-007760,CUST-0422,2024-12-07,99,Success
PAY-007761,CUST-0422,2025-01-06,99,Success
PAY-007762,CUST-0422,2025-02-05,99,Success
PAY-007763,CUST-0422,2025-03-07,99,Success
PAY-007764,CUST-0422,2025-04-06,99,Success
PAY-007765,CUST-0422,2025-05-06,99,Success
PAY-007766,CUST-0422,2025-06-05,99,Success
PAY-007767,CUST-0422,2025-07-05,99,Success
PAY-007768,CUST-0422,2025-08-04,99,Success
PAY-007769,CUST-0422,2025-09-03,99,Success
PAY-007770,CUST-0422,2025-10-03,99,Success
PAY-007771,CUST-0422,2025-11-02,99,Success
PAY-007772,CUST-0422,2025-12-02,99,Success
PAY-007773,CUST-0422,2026-01-01,99,Success
PAY-007774,CUST-0422,2026-01-31,99,Success
PAY-007775,CUST-0422,2026-03-02,99,Success
PAY-007776,CUST-0422,2026-04-01,99,Success
PAY-007777,CUST-0422,2026-05-01,99,Success
PAY-007778,CUST-0422,2026-05-31,99,Success
PAY-007779,CUST-0422,2026-06-30,99,Success
PAY-007780,CUST-0423,2024-03-05,29,Success
PAY-007781,CUST-0423,2024-04-04,29,Success
PAY-007782,CUST-0423,2024-05-04,29,Success
PAY-007783,CUST-0423,2024-06-03,29,Success
PAY-007784,CUST-0423,2024-07-03,29,Success
PAY-007785,CUST-0423,2024-08-02,29,Success
PAY-007786,CUST-0423,2024-09-01,29,Success
PAY-007787,CUST-0423,2024-10-01,29,Success
PAY-007788,CUST-0423,2024-10-31,29,Success
PAY-007789,CUST-0423,2024-11-30,29,Success
PAY-007790,CUST-0423,2024-12-30,29,Success
PAY-007791,CUST-0423,2025-01-29,29,Success
PAY-007792,CUST-0423,2025-02-28,29,Success
PAY-007793,CUST-0423,2025-03-30,29,Success
PAY-007794,CUST-0423,2025-04-29,29,Success
PAY-007795,CUST-0423,2025-05-29,29,Success
PAY-007796,CUST-0423,2025-06-28,29,Success
PAY-007797,CUST-0423,2025-07-28,29,Success
PAY-007798,CUST-0423,2025-08-27,29,Success
PAY-007799,CUST-0423,2025-09-26,29,Success
PAY-007800,CUST-0423,2025-10-26,29,Success
PAY-007801,CUST-0423,2025-11-25,29,Success
PAY-007802,CUST-0423,2025-12-25,29,Success
PAY-007803,CUST-0423,2026-01-24,29,Success
PAY-007804,CUST-0423,2026-02-23,29,Success
PAY-007805,CUST-0423,2026-03-25,29,Success
PAY-007806,CUST-0423,2026-04-24,29,Success
PAY-007807,CUST-0423,2026-05-24,29,Success
PAY-007808,CUST-0423,2026-06-23,29,Success
PAY-007809,CUST-0424,2024-07-14,29,Success
PAY-007810,CUST-0424,2024-08-13,29,Success
PAY-007811,CUST-0424,2024-09-12,29,Success
PAY-007812,CUST-0424,2024-10-12,29,Success
PAY-007813,CUST-0424,2024-11-11,29,Success
PAY-007814,CUST-0424,2024-12-11,29,Success
PAY-007815,CUST-0424,2025-01-10,29,Success
PAY-007816,CUST-0424,2025-02-09,29,Success
PAY-007817,CUST-0424,2025-03-11,29,Success
PAY-007818,CUST-0424,2025-04-10,29,Success
PAY-007819,CUST-0424,2025-05-10,29,Success
PAY-007820,CUST-0424,2025-06-09,29,Success
PAY-007821,CUST-0424,2025-07-09,29,Success
PAY-007822,CUST-0424,2025-08-08,29,Success
PAY-007823,CUST-0424,2025-09-07,29,Success
PAY-007824,CUST-0424,2025-10-07,29,Success
PAY-007825,CUST-0424,2025-11-06,29,Success
PAY-007826,CUST-0424,2025-12-06,29,Success
PAY-007827,CUST-0424,2026-01-05,29,Success
PAY-007828,CUST-0424,2026-02-04,29,Success
PAY-007829,CUST-0424,2026-03-06,29,Success
PAY-007830,CUST-0424,2026-04-05,29,Failed
PAY-007831,CUST-0424,2026-05-05,29,Success
PAY-007832,CUST-0424,2026-06-04,29,Success
PAY-007833,CUST-0425,2024-09-15,299,Success
PAY-007834,CUST-0425,2024-10-15,299,Success
PAY-007835,CUST-0425,2024-11-14,299,Success
PAY-007836,CUST-0425,2024-12-14,299,Success
PAY-007837,CUST-0425,2025-01-13,299,Success
PAY-007838,CUST-0425,2025-02-12,299,Success
PAY-007839,CUST-0425,2025-03-14,299,Success
PAY-007840,CUST-0425,2025-04-13,299,Success
PAY-007841,CUST-0425,2025-05-13,299,Success
PAY-007842,CUST-0425,2025-06-12,299,Failed
PAY-007843,CUST-0425,2025-07-12,299,Success
PAY-007844,CUST-0425,2025-08-11,299,Success
PAY-007845,CUST-0425,2025-09-10,299,Success
PAY-007846,CUST-0425,2025-10-10,299,Success
PAY-007847,CUST-0425,2025-11-09,299,Success
PAY-007848,CUST-0425,2025-12-09,299,Success
PAY-007849,CUST-0425,2026-01-08,299,Success
PAY-007850,CUST-0425,2026-02-07,299,Success
PAY-007851,CUST-0425,2026-03-09,299,Success
PAY-007852,CUST-0425,2026-04-08,299,Success
PAY-007853,CUST-0425,2026-05-08,299,Success
PAY-007854,CUST-0425,2026-06-07,299,Success
PAY-007855,CUST-0426,2025-02-10,29,Success
PAY-007856,CUST-0426,2025-03-12,29,Success
PAY-007857,CUST-0426,2025-04-11,29,Success
PAY-007858,CUST-0426,2025-05-11,29,Success
PAY-007859,CUST-0426,2025-06-10,29,Success
PAY-007860,CUST-0426,2025-07-10,29,Success
PAY-007861,CUST-0426,2025-08-09,29,Success
PAY-007862,CUST-0426,2025-09-08,29,Success
PAY-007863,CUST-0426,2025-10-08,29,Success
PAY-007864,CUST-0426,2025-11-07,29,Success
PAY-007865,CUST-0426,2025-12-07,29,Success
PAY-007866,CUST-0426,2026-01-06,29,Success
PAY-007867,CUST-0426,2026-02-05,29,Success
PAY-007868,CUST-0426,2026-03-07,29,Success
PAY-007869,CUST-0426,2026-04-06,29,Success
PAY-007870,CUST-0426,2026-05-06,29,Success
PAY-007871,CUST-0426,2026-06-05,29,Success
PAY-007872,CUST-0427,2024-08-08,29,Success
PAY-007873,CUST-0427,2024-09-07,29,Success
PAY-007874,CUST-0427,2024-10-07,29,Success
PAY-007875,CUST-0427,2024-11-06,29,Success
PAY-007876,CUST-0427,2024-12-06,29,Success
PAY-007877,CUST-0427,2025-01-05,29,Success
PAY-007878,CUST-0427,2025-02-04,29,Success
PAY-007879,CUST-0427,2025-03-06,29,Success
PAY-007880,CUST-0427,2025-04-05,29,Success
PAY-007881,CUST-0427,2025-05-05,29,Success
PAY-007882,CUST-0427,2025-06-04,29,Success
PAY-007883,CUST-0427,2025-07-04,29,Success
PAY-007884,CUST-0427,2025-08-03,29,Success
PAY-007885,CUST-0427,2025-09-02,29,Success
PAY-007886,CUST-0427,2025-10-02,29,Success
PAY-007887,CUST-0427,2025-11-01,29,Success
PAY-007888,CUST-0427,2025-12-01,29,Success
PAY-007889,CUST-0427,2025-12-31,29,Success
PAY-007890,CUST-0427,2026-01-30,29,Success
PAY-007891,CUST-0427,2026-03-01,29,Success
PAY-007892,CUST-0427,2026-03-31,29,Success
PAY-007893,CUST-0427,2026-04-30,29,Success
PAY-007894,CUST-0427,2026-05-30,29,Failed
PAY-007895,CUST-0427,2026-06-29,29,Success
PAY-007896,CUST-0428,2024-07-30,29,Success
PAY-007897,CUST-0428,2024-08-29,29,Success
PAY-007898,CUST-0428,2024-09-28,29,Success
PAY-007899,CUST-0428,2024-10-28,29,Success
PAY-007900,CUST-0428,2024-11-27,29,Success
PAY-007901,CUST-0428,2024-12-27,29,Success
PAY-007902,CUST-0428,2025-01-26,29,Success
PAY-007903,CUST-0428,2025-02-25,29,Success
PAY-007904,CUST-0428,2025-03-27,29,Success
PAY-007905,CUST-0428,2025-04-26,29,Success
PAY-007906,CUST-0428,2025-05-26,29,Success
PAY-007907,CUST-0428,2025-06-25,29,Success
PAY-007908,CUST-0428,2025-07-25,29,Success
PAY-007909,CUST-0428,2025-08-24,29,Success
PAY-007910,CUST-0428,2025-09-23,29,Success
PAY-007911,CUST-0428,2025-10-23,29,Success
PAY-007912,CUST-0428,2025-11-22,29,Success
PAY-007913,CUST-0428,2025-12-22,29,Success
PAY-007914,CUST-0428,2026-01-21,29,Failed
PAY-007915,CUST-0428,2026-02-20,29,Success
PAY-007916,CUST-0428,2026-03-22,29,Success
PAY-007917,CUST-0428,2026-04-21,29,Success
PAY-007918,CUST-0428,2026-05-21,29,Success
PAY-007919,CUST-0428,2026-06-20,29,Success
PAY-007920,CUST-0429,2024-07-23,99,Success
PAY-007921,CUST-0429,2024-08-22,99,Success
PAY-007922,CUST-0429,2024-09-21,99,Success
PAY-007923,CUST-0429,2024-10-21,99,Success
PAY-007924,CUST-0429,2024-11-20,99,Success
PAY-007925,CUST-0429,2024-12-20,99,Success
PAY-007926,CUST-0429,2025-01-19,99,Success
PAY-007927,CUST-0429,2025-02-18,99,Success
PAY-007928,CUST-0429,2025-03-20,99,Success
PAY-007929,CUST-0429,2025-04-19,99,Success
PAY-007930,CUST-0429,2025-05-19,99,Success
PAY-007931,CUST-0429,2025-06-18,99,Success
PAY-007932,CUST-0429,2025-07-18,99,Success
PAY-007933,CUST-0429,2025-08-17,99,Success
PAY-007934,CUST-0429,2025-09-16,99,Success
PAY-007935,CUST-0429,2025-10-16,99,Success
PAY-007936,CUST-0429,2025-11-15,99,Success
PAY-007937,CUST-0429,2025-12-15,99,Success
PAY-007938,CUST-0429,2026-01-14,99,Success
PAY-007939,CUST-0429,2026-02-13,99,Success
PAY-007940,CUST-0429,2026-03-15,99,Success
PAY-007941,CUST-0429,2026-04-14,99,Success
PAY-007942,CUST-0429,2026-05-14,99,Success
PAY-007943,CUST-0429,2026-06-13,99,Success
PAY-007944,CUST-0430,2024-06-09,29,Success
PAY-007945,CUST-0430,2024-07-09,29,Success
PAY-007946,CUST-0430,2024-08-08,29,Success
PAY-007947,CUST-0430,2024-09-07,29,Success
PAY-007948,CUST-0430,2024-10-07,29,Success
PAY-007949,CUST-0430,2024-11-06,29,Success
PAY-007950,CUST-0430,2024-12-06,29,Success
PAY-007951,CUST-0430,2025-01-05,29,Success
PAY-007952,CUST-0430,2025-02-04,29,Success
PAY-007953,CUST-0430,2025-03-06,29,Success
PAY-007954,CUST-0430,2025-04-05,29,Success
PAY-007955,CUST-0430,2025-05-05,29,Success
PAY-007956,CUST-0430,2025-06-04,29,Success
PAY-007957,CUST-0430,2025-07-04,29,Success
PAY-007958,CUST-0430,2025-08-03,29,Success
PAY-007959,CUST-0430,2025-09-02,29,Success
PAY-007960,CUST-0430,2025-10-02,29,Success
PAY-007961,CUST-0430,2025-11-01,29,Success
PAY-007962,CUST-0430,2025-12-01,29,Success
PAY-007963,CUST-0430,2025-12-31,29,Success
PAY-007964,CUST-0430,2026-01-30,29,Success
PAY-007965,CUST-0430,2026-03-01,29,Success
PAY-007966,CUST-0430,2026-03-31,29,Success
PAY-007967,CUST-0430,2026-04-30,29,Success
PAY-007968,CUST-0430,2026-05-30,29,Success
PAY-007969,CUST-0430,2026-06-29,29,Success
PAY-007970,CUST-0431,2024-12-06,29,Success
PAY-007971,CUST-0431,2025-01-05,29,Success
PAY-007972,CUST-0431,2025-02-04,29,Success
PAY-007973,CUST-0431,2025-03-06,29,Success
PAY-007974,CUST-0431,2025-04-05,29,Success
PAY-007975,CUST-0431,2025-05-05,29,Success
PAY-007976,CUST-0431,2025-06-04,29,Success
PAY-007977,CUST-0431,2025-07-04,29,Success
PAY-007978,CUST-0431,2025-08-03,29,Success
PAY-007979,CUST-0431,2025-09-02,29,Success
PAY-007980,CUST-0431,2025-10-02,29,Success
PAY-007981,CUST-0431,2025-11-01,29,Success
PAY-007982,CUST-0431,2025-12-01,29,Failed
PAY-007983,CUST-0431,2025-12-31,29,Success
PAY-007984,CUST-0431,2026-01-30,29,Success
PAY-007985,CUST-0431,2026-03-01,29,Success
PAY-007986,CUST-0431,2026-03-31,29,Success
PAY-007987,CUST-0431,2026-04-30,29,Success
PAY-007988,CUST-0431,2026-05-30,29,Success
PAY-007989,CUST-0431,2026-06-29,29,Success
PAY-007990,CUST-0432,2025-05-03,29,Success
PAY-007991,CUST-0432,2025-06-02,29,Success
PAY-007992,CUST-0432,2025-07-02,29,Success
PAY-007993,CUST-0432,2025-08-01,29,Success
PAY-007994,CUST-0432,2025-08-31,29,Success
PAY-007995,CUST-0432,2025-09-30,29,Success
PAY-007996,CUST-0432,2025-10-30,29,Success
PAY-007997,CUST-0432,2025-11-29,29,Success
PAY-007998,CUST-0432,2025-12-29,29,Success
PAY-007999,CUST-0432,2026-01-28,29,Success
PAY-008000,CUST-0432,2026-02-27,29,Success
PAY-008001,CUST-0432,2026-03-29,29,Success
PAY-008002,CUST-0432,2026-04-28,29,Success
PAY-008003,CUST-0432,2026-05-28,29,Success
PAY-008004,CUST-0432,2026-06-27,29,Success
PAY-008005,CUST-0433,2024-02-04,299,Success
PAY-008006,CUST-0433,2024-03-05,299,Success
PAY-008007,CUST-0433,2024-04-04,299,Success
PAY-008008,CUST-0433,2024-05-04,299,Success
PAY-008009,CUST-0433,2024-06-03,299,Success
PAY-008010,CUST-0433,2024-07-03,299,Success
PAY-008011,CUST-0433,2024-08-02,299,Success
PAY-008012,CUST-0433,2024-09-01,299,Success
PAY-008013,CUST-0433,2024-10-01,299,Success
PAY-008014,CUST-0433,2024-10-31,299,Success
PAY-008015,CUST-0433,2024-11-30,299,Success
PAY-008016,CUST-0433,2024-12-30,299,Success
PAY-008017,CUST-0433,2025-01-29,299,Success
PAY-008018,CUST-0433,2025-02-28,299,Success
PAY-008019,CUST-0433,2025-03-30,299,Success
PAY-008020,CUST-0433,2025-04-29,299,Success
PAY-008021,CUST-0433,2025-05-29,299,Success
PAY-008022,CUST-0433,2025-06-28,299,Success
PAY-008023,CUST-0433,2025-07-28,299,Success
PAY-008024,CUST-0433,2025-08-27,299,Success
PAY-008025,CUST-0433,2025-09-26,299,Success
PAY-008026,CUST-0433,2025-10-26,299,Success
PAY-008027,CUST-0433,2025-11-25,299,Success
PAY-008028,CUST-0433,2025-12-25,299,Success
PAY-008029,CUST-0433,2026-01-24,299,Success
PAY-008030,CUST-0433,2026-02-23,299,Success
PAY-008031,CUST-0433,2026-03-25,299,Success
PAY-008032,CUST-0433,2026-04-24,299,Success
PAY-008033,CUST-0433,2026-05-24,299,Success
PAY-008034,CUST-0433,2026-06-23,299,Success
PAY-008035,CUST-0434,2024-02-17,29,Success
PAY-008036,CUST-0434,2024-03-18,29,Success
PAY-008037,CUST-0434,2024-04-17,29,Success
PAY-008038,CUST-0434,2024-05-17,29,Success
PAY-008039,CUST-0434,2024-06-16,29,Success
PAY-008040,CUST-0434,2024-07-16,29,Success
PAY-008041,CUST-0434,2024-08-15,29,Success
PAY-008042,CUST-0434,2024-09-14,29,Success
PAY-008043,CUST-0434,2024-10-14,29,Success
PAY-008044,CUST-0434,2024-11-13,29,Success
PAY-008045,CUST-0434,2024-12-13,29,Success
PAY-008046,CUST-0434,2025-01-12,29,Success
PAY-008047,CUST-0434,2025-02-11,29,Success
PAY-008048,CUST-0434,2025-03-13,29,Failed
PAY-008049,CUST-0434,2025-04-12,29,Success
PAY-008050,CUST-0434,2025-05-12,29,Success
PAY-008051,CUST-0434,2025-06-11,29,Success
PAY-008052,CUST-0434,2025-07-11,29,Success
PAY-008053,CUST-0434,2025-08-10,29,Success
PAY-008054,CUST-0434,2025-09-09,29,Success
PAY-008055,CUST-0434,2025-10-09,29,Success
PAY-008056,CUST-0434,2025-11-08,29,Success
PAY-008057,CUST-0434,2025-12-08,29,Success
PAY-008058,CUST-0434,2026-01-07,29,Success
PAY-008059,CUST-0434,2026-02-06,29,Success
PAY-008060,CUST-0434,2026-03-08,29,Success
PAY-008061,CUST-0434,2026-04-07,29,Success
PAY-008062,CUST-0434,2026-05-07,29,Success
PAY-008063,CUST-0434,2026-06-06,29,Success
PAY-008064,CUST-0435,2025-01-16,29,Success
PAY-008065,CUST-0435,2025-02-15,29,Success
PAY-008066,CUST-0435,2025-03-17,29,Success
PAY-008067,CUST-0435,2025-04-16,29,Success
PAY-008068,CUST-0435,2025-05-16,29,Success
PAY-008069,CUST-0435,2025-06-15,29,Success
PAY-008070,CUST-0435,2025-07-15,29,Success
PAY-008071,CUST-0435,2025-08-14,29,Success
PAY-008072,CUST-0435,2025-09-13,29,Success
PAY-008073,CUST-0435,2025-10-13,29,Success
PAY-008074,CUST-0435,2025-11-12,29,Success
PAY-008075,CUST-0435,2025-12-12,29,Success
PAY-008076,CUST-0435,2026-01-11,29,Success
PAY-008077,CUST-0435,2026-02-10,29,Success
PAY-008078,CUST-0435,2026-03-12,29,Success
PAY-008079,CUST-0435,2026-04-11,29,Success
PAY-008080,CUST-0435,2026-05-11,29,Success
PAY-008081,CUST-0435,2026-06-10,29,Success
PAY-008082,CUST-0436,2024-10-11,99,Success
PAY-008083,CUST-0436,2024-11-10,99,Success
PAY-008084,CUST-0436,2024-12-10,99,Success
PAY-008085,CUST-0436,2025-01-09,99,Success
PAY-008086,CUST-0436,2025-02-08,99,Success
PAY-008087,CUST-0436,2025-03-10,99,Success
PAY-008088,CUST-0436,2025-04-09,99,Success
PAY-008089,CUST-0436,2025-05-09,99,Success
PAY-008090,CUST-0436,2025-06-08,99,Success
PAY-008091,CUST-0436,2025-07-08,99,Success
PAY-008092,CUST-0436,2025-08-07,99,Success
PAY-008093,CUST-0436,2025-09-06,99,Success
PAY-008094,CUST-0436,2025-10-06,99,Success
PAY-008095,CUST-0436,2025-11-05,99,Failed
PAY-008096,CUST-0436,2025-12-05,99,Success
PAY-008097,CUST-0436,2026-01-04,99,Success
PAY-008098,CUST-0436,2026-02-03,99,Success
PAY-008099,CUST-0436,2026-03-05,99,Success
PAY-008100,CUST-0436,2026-04-04,99,Success
PAY-008101,CUST-0436,2026-05-04,99,Success
PAY-008102,CUST-0436,2026-06-03,99,Success
PAY-008103,CUST-0437,2024-12-09,29,Success
PAY-008104,CUST-0437,2025-01-08,29,Success
PAY-008105,CUST-0437,2025-02-07,29,Success
PAY-008106,CUST-0437,2025-03-09,29,Success
PAY-008107,CUST-0437,2025-04-08,29,Success
PAY-008108,CUST-0437,2025-05-08,29,Success
PAY-008109,CUST-0437,2025-06-07,29,Success
PAY-008110,CUST-0437,2025-07-07,29,Success
PAY-008111,CUST-0437,2025-08-06,29,Failed
PAY-008112,CUST-0437,2025-09-05,29,Success
PAY-008113,CUST-0437,2025-10-05,29,Success
PAY-008114,CUST-0437,2025-11-04,29,Success
PAY-008115,CUST-0437,2025-12-04,29,Success
PAY-008116,CUST-0437,2026-01-03,29,Success
PAY-008117,CUST-0437,2026-02-02,29,Success
PAY-008118,CUST-0437,2026-03-04,29,Success
PAY-008119,CUST-0437,2026-04-03,29,Success
PAY-008120,CUST-0437,2026-05-03,29,Failed
PAY-008121,CUST-0437,2026-06-02,29,Success
PAY-008122,CUST-0438,2024-06-30,29,Success
PAY-008123,CUST-0438,2024-07-30,29,Success
PAY-008124,CUST-0438,2024-08-29,29,Success
PAY-008125,CUST-0438,2024-09-28,29,Success
PAY-008126,CUST-0438,2024-10-28,29,Success
PAY-008127,CUST-0438,2024-11-27,29,Success
PAY-008128,CUST-0438,2024-12-27,29,Success
PAY-008129,CUST-0438,2025-01-26,29,Success
PAY-008130,CUST-0438,2025-02-25,29,Success
PAY-008131,CUST-0438,2025-03-27,29,Success
PAY-008132,CUST-0438,2025-04-26,29,Success
PAY-008133,CUST-0438,2025-05-26,29,Success
PAY-008134,CUST-0438,2025-06-25,29,Success
PAY-008135,CUST-0438,2025-07-25,29,Success
PAY-008136,CUST-0438,2025-08-24,29,Success
PAY-008137,CUST-0438,2025-09-23,29,Success
PAY-008138,CUST-0438,2025-10-23,29,Success
PAY-008139,CUST-0438,2025-11-22,29,Success
PAY-008140,CUST-0438,2025-12-22,29,Success
PAY-008141,CUST-0438,2026-01-21,29,Success
PAY-008142,CUST-0438,2026-02-20,29,Success
PAY-008143,CUST-0438,2026-03-22,29,Success
PAY-008144,CUST-0438,2026-04-21,29,Success
PAY-008145,CUST-0438,2026-05-21,29,Success
PAY-008146,CUST-0438,2026-06-20,29,Success
PAY-008147,CUST-0439,2025-05-10,99,Success
PAY-008148,CUST-0439,2025-06-09,99,Success
PAY-008149,CUST-0439,2025-07-09,99,Success
PAY-008150,CUST-0439,2025-08-08,99,Success
PAY-008151,CUST-0439,2025-09-07,99,Failed
PAY-008152,CUST-0439,2025-10-07,99,Success
PAY-008153,CUST-0439,2025-11-06,99,Failed
PAY-008154,CUST-0439,2025-12-06,99,Success
PAY-008155,CUST-0439,2026-01-05,99,Failed
PAY-008156,CUST-0439,2026-02-04,99,Success
PAY-008157,CUST-0439,2026-03-06,99,Success
PAY-008158,CUST-0439,2026-04-05,99,Success
PAY-008159,CUST-0439,2026-05-05,99,Success
PAY-008160,CUST-0439,2026-06-04,99,Success
PAY-008161,CUST-0440,2024-06-29,29,Success
PAY-008162,CUST-0440,2024-07-29,29,Success
PAY-008163,CUST-0440,2024-08-28,29,Success
PAY-008164,CUST-0440,2024-09-27,29,Success
PAY-008165,CUST-0440,2024-10-27,29,Success
PAY-008166,CUST-0440,2024-11-26,29,Success
PAY-008167,CUST-0440,2024-12-26,29,Success
PAY-008168,CUST-0440,2025-01-25,29,Success
PAY-008169,CUST-0440,2025-02-24,29,Success
PAY-008170,CUST-0440,2025-03-26,29,Success
PAY-008171,CUST-0440,2025-04-25,29,Failed
PAY-008172,CUST-0440,2025-05-25,29,Success
PAY-008173,CUST-0440,2025-06-24,29,Success
PAY-008174,CUST-0440,2025-07-24,29,Success
PAY-008175,CUST-0440,2025-08-23,29,Success
PAY-008176,CUST-0440,2025-09-22,29,Success
PAY-008177,CUST-0440,2025-10-22,29,Success
PAY-008178,CUST-0440,2025-11-21,29,Success
PAY-008179,CUST-0440,2025-12-21,29,Success
PAY-008180,CUST-0440,2026-01-20,29,Success
PAY-008181,CUST-0440,2026-02-19,29,Success
PAY-008182,CUST-0440,2026-03-21,29,Success
PAY-008183,CUST-0440,2026-04-20,29,Success
PAY-008184,CUST-0440,2026-05-20,29,Success
PAY-008185,CUST-0440,2026-06-19,29,Success
PAY-008186,CUST-0441,2024-03-20,29,Success
PAY-008187,CUST-0441,2024-04-19,29,Success
PAY-008188,CUST-0441,2024-05-19,29,Failed
PAY-008189,CUST-0441,2024-06-18,29,Success
PAY-008190,CUST-0441,2024-07-18,29,Success
PAY-008191,CUST-0441,2024-08-17,29,Success
PAY-008192,CUST-0441,2024-09-16,29,Success
PAY-008193,CUST-0441,2024-10-16,29,Success
PAY-008194,CUST-0441,2024-11-15,29,Success
PAY-008195,CUST-0442,2025-03-09,99,Success
PAY-008196,CUST-0442,2025-04-08,99,Success
PAY-008197,CUST-0442,2025-05-08,99,Success
PAY-008198,CUST-0442,2025-06-07,99,Success
PAY-008199,CUST-0442,2025-07-07,99,Success
PAY-008200,CUST-0442,2025-08-06,99,Success
PAY-008201,CUST-0442,2025-09-05,99,Success
PAY-008202,CUST-0442,2025-10-05,99,Success
PAY-008203,CUST-0442,2025-11-04,99,Success
PAY-008204,CUST-0442,2025-12-04,99,Success
PAY-008205,CUST-0442,2026-01-03,99,Success
PAY-008206,CUST-0442,2026-02-02,99,Success
PAY-008207,CUST-0442,2026-03-04,99,Success
PAY-008208,CUST-0442,2026-04-03,99,Success
PAY-008209,CUST-0442,2026-05-03,99,Success
PAY-008210,CUST-0442,2026-06-02,99,Success
PAY-008211,CUST-0443,2025-03-08,99,Failed
PAY-008212,CUST-0443,2025-04-07,99,Success
PAY-008213,CUST-0443,2025-05-07,99,Success
PAY-008214,CUST-0443,2025-06-06,99,Success
PAY-008215,CUST-0443,2025-07-06,99,Success
PAY-008216,CUST-0443,2025-08-05,99,Success
PAY-008217,CUST-0443,2025-09-04,99,Success
PAY-008218,CUST-0443,2025-10-04,99,Success
PAY-008219,CUST-0443,2025-11-03,99,Success
PAY-008220,CUST-0443,2025-12-03,99,Success
PAY-008221,CUST-0443,2026-01-02,99,Success
PAY-008222,CUST-0443,2026-02-01,99,Success
PAY-008223,CUST-0443,2026-03-03,99,Success
PAY-008224,CUST-0443,2026-04-02,99,Success
PAY-008225,CUST-0443,2026-05-02,99,Success
PAY-008226,CUST-0443,2026-06-01,99,Failed
PAY-008227,CUST-0444,2025-01-25,299,Success
PAY-008228,CUST-0444,2025-02-24,299,Success
PAY-008229,CUST-0444,2025-03-26,299,Success
PAY-008230,CUST-0444,2025-04-25,299,Success
PAY-008231,CUST-0444,2025-05-25,299,Failed
PAY-008232,CUST-0444,2025-06-24,299,Success
PAY-008233,CUST-0444,2025-07-24,299,Success
PAY-008234,CUST-0444,2025-08-23,299,Success
PAY-008235,CUST-0444,2025-09-22,299,Success
PAY-008236,CUST-0444,2025-10-22,299,Success
PAY-008237,CUST-0444,2025-11-21,299,Success
PAY-008238,CUST-0444,2025-12-21,299,Success
PAY-008239,CUST-0444,2026-01-20,299,Success
PAY-008240,CUST-0444,2026-02-19,299,Success
PAY-008241,CUST-0444,2026-03-21,299,Success
PAY-008242,CUST-0444,2026-04-20,299,Success
PAY-008243,CUST-0444,2026-05-20,299,Success
PAY-008244,CUST-0444,2026-06-19,299,Success
PAY-008245,CUST-0445,2025-02-17,29,Success
PAY-008246,CUST-0445,2025-03-19,29,Success
PAY-008247,CUST-0445,2025-04-18,29,Success
PAY-008248,CUST-0445,2025-05-18,29,Success
PAY-008249,CUST-0445,2025-06-17,29,Failed
PAY-008250,CUST-0445,2025-07-17,29,Success
PAY-008251,CUST-0445,2025-08-16,29,Success
PAY-008252,CUST-0445,2025-09-15,29,Success
PAY-008253,CUST-0445,2025-10-15,29,Success
PAY-008254,CUST-0445,2025-11-14,29,Success
PAY-008255,CUST-0445,2025-12-14,29,Failed
PAY-008256,CUST-0445,2026-01-13,29,Failed
PAY-008257,CUST-0445,2026-02-12,29,Failed
PAY-008258,CUST-0445,2026-03-14,29,Success
PAY-008259,CUST-0445,2026-04-13,29,Success
PAY-008260,CUST-0445,2026-05-13,29,Success
PAY-008261,CUST-0445,2026-06-12,29,Success
PAY-008262,CUST-0446,2024-11-07,99,Success
PAY-008263,CUST-0446,2024-12-07,99,Success
PAY-008264,CUST-0446,2025-01-06,99,Success
PAY-008265,CUST-0446,2025-02-05,99,Success
PAY-008266,CUST-0446,2025-03-07,99,Success
PAY-008267,CUST-0446,2025-04-06,99,Success
PAY-008268,CUST-0446,2025-05-06,99,Success
PAY-008269,CUST-0446,2025-06-05,99,Success
PAY-008270,CUST-0446,2025-07-05,99,Success
PAY-008271,CUST-0446,2025-08-04,99,Success
PAY-008272,CUST-0446,2025-09-03,99,Success
PAY-008273,CUST-0446,2025-10-03,99,Success
PAY-008274,CUST-0446,2025-11-02,99,Success
PAY-008275,CUST-0446,2025-12-02,99,Success
PAY-008276,CUST-0446,2026-01-01,99,Failed
PAY-008277,CUST-0446,2026-01-31,99,Success
PAY-008278,CUST-0446,2026-03-02,99,Success
PAY-008279,CUST-0446,2026-04-01,99,Success
PAY-008280,CUST-0446,2026-05-01,99,Success
PAY-008281,CUST-0446,2026-05-31,99,Success
PAY-008282,CUST-0446,2026-06-30,99,Success
PAY-008283,CUST-0447,2024-04-02,99,Success
PAY-008284,CUST-0447,2024-05-02,99,Success
PAY-008285,CUST-0447,2024-06-01,99,Success
PAY-008286,CUST-0447,2024-07-01,99,Success
PAY-008287,CUST-0447,2024-07-31,99,Success
PAY-008288,CUST-0447,2024-08-30,99,Success
PAY-008289,CUST-0447,2024-09-29,99,Success
PAY-008290,CUST-0447,2024-10-29,99,Success
PAY-008291,CUST-0447,2024-11-28,99,Success
PAY-008292,CUST-0448,2025-04-16,29,Success
PAY-008293,CUST-0448,2025-05-16,29,Success
PAY-008294,CUST-0448,2025-06-15,29,Success
PAY-008295,CUST-0448,2025-07-15,29,Success
PAY-008296,CUST-0448,2025-08-14,29,Success
PAY-008297,CUST-0448,2025-09-13,29,Success
PAY-008298,CUST-0448,2025-10-13,29,Success
PAY-008299,CUST-0448,2025-11-12,29,Success
PAY-008300,CUST-0448,2025-12-12,29,Success
PAY-008301,CUST-0448,2026-01-11,29,Success
PAY-008302,CUST-0448,2026-02-10,29,Success
PAY-008303,CUST-0448,2026-03-12,29,Success
PAY-008304,CUST-0448,2026-04-11,29,Success
PAY-008305,CUST-0448,2026-05-11,29,Success
PAY-008306,CUST-0448,2026-06-10,29,Success
PAY-008307,CUST-0449,2024-01-04,299,Success
PAY-008308,CUST-0449,2024-02-03,299,Success
PAY-008309,CUST-0449,2024-03-04,299,Success
PAY-008310,CUST-0449,2024-04-03,299,Failed
PAY-008311,CUST-0449,2024-05-03,299,Success
PAY-008312,CUST-0449,2024-06-02,299,Success
PAY-008313,CUST-0449,2024-07-02,299,Success
PAY-008314,CUST-0449,2024-08-01,299,Success
PAY-008315,CUST-0450,2024-10-16,29,Success
PAY-008316,CUST-0450,2024-11-15,29,Success
PAY-008317,CUST-0450,2024-12-15,29,Success
PAY-008318,CUST-0450,2025-01-14,29,Success
PAY-008319,CUST-0450,2025-02-13,29,Success
PAY-008320,CUST-0450,2025-03-15,29,Success
PAY-008321,CUST-0450,2025-04-14,29,Success
PAY-008322,CUST-0450,2025-05-14,29,Success
PAY-008323,CUST-0450,2025-06-13,29,Success
PAY-008324,CUST-0450,2025-07-13,29,Success
PAY-008325,CUST-0450,2025-08-12,29,Success
PAY-008326,CUST-0450,2025-09-11,29,Success
PAY-008327,CUST-0450,2025-10-11,29,Success
PAY-008328,CUST-0450,2025-11-10,29,Success
PAY-008329,CUST-0450,2025-12-10,29,Success
PAY-008330,CUST-0450,2026-01-09,29,Success
PAY-008331,CUST-0450,2026-02-08,29,Success
PAY-008332,CUST-0450,2026-03-10,29,Success
PAY-008333,CUST-0450,2026-04-09,29,Success
PAY-008334,CUST-0450,2026-05-09,29,Success
PAY-008335,CUST-0450,2026-06-08,29,Success
PAY-008336,CUST-0451,2024-03-13,99,Success
PAY-008337,CUST-0451,2024-04-12,99,Success
PAY-008338,CUST-0451,2024-05-12,99,Failed
PAY-008339,CUST-0451,2024-06-11,99,Success
PAY-008340,CUST-0451,2024-07-11,99,Success
PAY-008341,CUST-0451,2024-08-10,99,Success
PAY-008342,CUST-0451,2024-09-09,99,Success
PAY-008343,CUST-0451,2024-10-09,99,Success
PAY-008344,CUST-0451,2024-11-08,99,Success
PAY-008345,CUST-0451,2024-12-08,99,Success
PAY-008346,CUST-0451,2025-01-07,99,Success
PAY-008347,CUST-0451,2025-02-06,99,Success
PAY-008348,CUST-0451,2025-03-08,99,Success
PAY-008349,CUST-0451,2025-04-07,99,Success
PAY-008350,CUST-0451,2025-05-07,99,Success
PAY-008351,CUST-0451,2025-06-06,99,Success
PAY-008352,CUST-0451,2025-07-06,99,Success
PAY-008353,CUST-0451,2025-08-05,99,Success
PAY-008354,CUST-0451,2025-09-04,99,Success
PAY-008355,CUST-0451,2025-10-04,99,Success
PAY-008356,CUST-0451,2025-11-03,99,Success
PAY-008357,CUST-0451,2025-12-03,99,Success
PAY-008358,CUST-0451,2026-01-02,99,Success
PAY-008359,CUST-0451,2026-02-01,99,Success
PAY-008360,CUST-0451,2026-03-03,99,Success
PAY-008361,CUST-0451,2026-04-02,99,Success
PAY-008362,CUST-0451,2026-05-02,99,Success
PAY-008363,CUST-0451,2026-06-01,99,Success
PAY-008364,CUST-0452,2025-01-17,99,Success
PAY-008365,CUST-0452,2025-02-16,99,Success
PAY-008366,CUST-0452,2025-03-18,99,Success
PAY-008367,CUST-0452,2025-04-17,99,Success
PAY-008368,CUST-0452,2025-05-17,99,Success
PAY-008369,CUST-0452,2025-06-16,99,Success
PAY-008370,CUST-0452,2025-07-16,99,Success
PAY-008371,CUST-0452,2025-08-15,99,Success
PAY-008372,CUST-0452,2025-09-14,99,Success
PAY-008373,CUST-0452,2025-10-14,99,Success
PAY-008374,CUST-0453,2024-08-02,99,Success
PAY-008375,CUST-0453,2024-09-01,99,Success
PAY-008376,CUST-0453,2024-10-01,99,Success
PAY-008377,CUST-0453,2024-10-31,99,Success
PAY-008378,CUST-0453,2024-11-30,99,Success
PAY-008379,CUST-0453,2024-12-30,99,Success
PAY-008380,CUST-0453,2025-01-29,99,Success
PAY-008381,CUST-0453,2025-02-28,99,Success
PAY-008382,CUST-0453,2025-03-30,99,Success
PAY-008383,CUST-0453,2025-04-29,99,Success
PAY-008384,CUST-0453,2025-05-29,99,Success
PAY-008385,CUST-0454,2024-03-21,29,Success
PAY-008386,CUST-0454,2024-04-20,29,Success
PAY-008387,CUST-0454,2024-05-20,29,Success
PAY-008388,CUST-0454,2024-06-19,29,Success
PAY-008389,CUST-0454,2024-07-19,29,Success
PAY-008390,CUST-0454,2024-08-18,29,Success
PAY-008391,CUST-0454,2024-09-17,29,Success
PAY-008392,CUST-0454,2024-10-17,29,Success
PAY-008393,CUST-0454,2024-11-16,29,Success
PAY-008394,CUST-0454,2024-12-16,29,Success
PAY-008395,CUST-0454,2025-01-15,29,Success
PAY-008396,CUST-0454,2025-02-14,29,Success
PAY-008397,CUST-0454,2025-03-16,29,Success
PAY-008398,CUST-0455,2025-01-04,99,Success
PAY-008399,CUST-0455,2025-02-03,99,Success
PAY-008400,CUST-0455,2025-03-05,99,Success
PAY-008401,CUST-0455,2025-04-04,99,Success
PAY-008402,CUST-0455,2025-05-04,99,Success
PAY-008403,CUST-0455,2025-06-03,99,Success
PAY-008404,CUST-0455,2025-07-03,99,Success
PAY-008405,CUST-0455,2025-08-02,99,Success
PAY-008406,CUST-0455,2025-09-01,99,Success
PAY-008407,CUST-0455,2025-10-01,99,Success
PAY-008408,CUST-0455,2025-10-31,99,Success
PAY-008409,CUST-0455,2025-11-30,99,Success
PAY-008410,CUST-0455,2025-12-30,99,Success
PAY-008411,CUST-0455,2026-01-29,99,Success
PAY-008412,CUST-0455,2026-02-28,99,Failed
PAY-008413,CUST-0455,2026-03-30,99,Success
PAY-008414,CUST-0455,2026-04-29,99,Success
PAY-008415,CUST-0455,2026-05-29,99,Success
PAY-008416,CUST-0455,2026-06-28,99,Success
PAY-008417,CUST-0456,2025-03-28,29,Success
PAY-008418,CUST-0456,2025-04-27,29,Success
PAY-008419,CUST-0456,2025-05-27,29,Success
PAY-008420,CUST-0456,2025-06-26,29,Success
PAY-008421,CUST-0456,2025-07-26,29,Success
PAY-008422,CUST-0456,2025-08-25,29,Success
PAY-008423,CUST-0456,2025-09-24,29,Success
PAY-008424,CUST-0456,2025-10-24,29,Success
PAY-008425,CUST-0456,2025-11-23,29,Success
PAY-008426,CUST-0456,2025-12-23,29,Success
PAY-008427,CUST-0456,2026-01-22,29,Success
PAY-008428,CUST-0456,2026-02-21,29,Success
PAY-008429,CUST-0456,2026-03-23,29,Success
PAY-008430,CUST-0456,2026-04-22,29,Success
PAY-008431,CUST-0456,2026-05-22,29,Success
PAY-008432,CUST-0456,2026-06-21,29,Success
PAY-008433,CUST-0457,2024-03-21,99,Success
PAY-008434,CUST-0457,2024-04-20,99,Success
PAY-008435,CUST-0457,2024-05-20,99,Success
PAY-008436,CUST-0457,2024-06-19,99,Success
PAY-008437,CUST-0457,2024-07-19,99,Success
PAY-008438,CUST-0457,2024-08-18,99,Success
PAY-008439,CUST-0457,2024-09-17,99,Success
PAY-008440,CUST-0457,2024-10-17,99,Success
PAY-008441,CUST-0457,2024-11-16,99,Success
PAY-008442,CUST-0457,2024-12-16,99,Success
PAY-008443,CUST-0457,2025-01-15,99,Success
PAY-008444,CUST-0457,2025-02-14,99,Success
PAY-008445,CUST-0457,2025-03-16,99,Success
PAY-008446,CUST-0457,2025-04-15,99,Success
PAY-008447,CUST-0457,2025-05-15,99,Success
PAY-008448,CUST-0457,2025-06-14,99,Success
PAY-008449,CUST-0457,2025-07-14,99,Success
PAY-008450,CUST-0457,2025-08-13,99,Success
PAY-008451,CUST-0457,2025-09-12,99,Success
PAY-008452,CUST-0457,2025-10-12,99,Success
PAY-008453,CUST-0457,2025-11-11,99,Success
PAY-008454,CUST-0457,2025-12-11,99,Success
PAY-008455,CUST-0457,2026-01-10,99,Success
PAY-008456,CUST-0457,2026-02-09,99,Success
PAY-008457,CUST-0457,2026-03-11,99,Success
PAY-008458,CUST-0457,2026-04-10,99,Success
PAY-008459,CUST-0457,2026-05-10,99,Success
PAY-008460,CUST-0457,2026-06-09,99,Success
PAY-008461,CUST-0458,2024-05-19,99,Success
PAY-008462,CUST-0458,2024-06-18,99,Success
PAY-008463,CUST-0458,2024-07-18,99,Success
PAY-008464,CUST-0458,2024-08-17,99,Success
PAY-008465,CUST-0458,2024-09-16,99,Success
PAY-008466,CUST-0458,2024-10-16,99,Success
PAY-008467,CUST-0458,2024-11-15,99,Success
PAY-008468,CUST-0458,2024-12-15,99,Success
PAY-008469,CUST-0458,2025-01-14,99,Success
PAY-008470,CUST-0458,2025-02-13,99,Success
PAY-008471,CUST-0458,2025-03-15,99,Success
PAY-008472,CUST-0458,2025-04-14,99,Success
PAY-008473,CUST-0458,2025-05-14,99,Success
PAY-008474,CUST-0459,2024-09-05,29,Success
PAY-008475,CUST-0459,2024-10-05,29,Success
PAY-008476,CUST-0459,2024-11-04,29,Success
PAY-008477,CUST-0459,2024-12-04,29,Success
PAY-008478,CUST-0459,2025-01-03,29,Success
PAY-008479,CUST-0459,2025-02-02,29,Success
PAY-008480,CUST-0459,2025-03-04,29,Success
PAY-008481,CUST-0459,2025-04-03,29,Success
PAY-008482,CUST-0459,2025-05-03,29,Success
PAY-008483,CUST-0459,2025-06-02,29,Success
PAY-008484,CUST-0459,2025-07-02,29,Success
PAY-008485,CUST-0459,2025-08-01,29,Success
PAY-008486,CUST-0459,2025-08-31,29,Success
PAY-008487,CUST-0459,2025-09-30,29,Success
PAY-008488,CUST-0459,2025-10-30,29,Success
PAY-008489,CUST-0459,2025-11-29,29,Success
PAY-008490,CUST-0459,2025-12-29,29,Success
PAY-008491,CUST-0459,2026-01-28,29,Success
PAY-008492,CUST-0459,2026-02-27,29,Success
PAY-008493,CUST-0459,2026-03-29,29,Success
PAY-008494,CUST-0459,2026-04-28,29,Success
PAY-008495,CUST-0459,2026-05-28,29,Failed
PAY-008496,CUST-0459,2026-06-27,29,Success
PAY-008497,CUST-0460,2024-05-19,299,Success
PAY-008498,CUST-0460,2024-06-18,299,Success
PAY-008499,CUST-0460,2024-07-18,299,Success
PAY-008500,CUST-0460,2024-08-17,299,Success
PAY-008501,CUST-0460,2024-09-16,299,Success
PAY-008502,CUST-0460,2024-10-16,299,Success
PAY-008503,CUST-0460,2024-11-15,299,Success
PAY-008504,CUST-0460,2024-12-15,299,Success
PAY-008505,CUST-0460,2025-01-14,299,Success
PAY-008506,CUST-0460,2025-02-13,299,Success
PAY-008507,CUST-0460,2025-03-15,299,Success
PAY-008508,CUST-0460,2025-04-14,299,Success
PAY-008509,CUST-0460,2025-05-14,299,Success
PAY-008510,CUST-0460,2025-06-13,299,Success
PAY-008511,CUST-0460,2025-07-13,299,Success
PAY-008512,CUST-0460,2025-08-12,299,Success
PAY-008513,CUST-0460,2025-09-11,299,Success
PAY-008514,CUST-0460,2025-10-11,299,Success
PAY-008515,CUST-0460,2025-11-10,299,Success
PAY-008516,CUST-0460,2025-12-10,299,Success
PAY-008517,CUST-0460,2026-01-09,299,Success
PAY-008518,CUST-0460,2026-02-08,299,Success
PAY-008519,CUST-0460,2026-03-10,299,Success
PAY-008520,CUST-0460,2026-04-09,299,Success
PAY-008521,CUST-0460,2026-05-09,299,Success
PAY-008522,CUST-0460,2026-06-08,299,Success
PAY-008523,CUST-0461,2024-06-25,29,Success
PAY-008524,CUST-0461,2024-07-25,29,Success
PAY-008525,CUST-0461,2024-08-24,29,Success
PAY-008526,CUST-0461,2024-09-23,29,Success
PAY-008527,CUST-0461,2024-10-23,29,Success
PAY-008528,CUST-0461,2024-11-22,29,Success
PAY-008529,CUST-0461,2024-12-22,29,Success
PAY-008530,CUST-0461,2025-01-21,29,Success
PAY-008531,CUST-0461,2025-02-20,29,Success
PAY-008532,CUST-0461,2025-03-22,29,Success
PAY-008533,CUST-0461,2025-04-21,29,Success
PAY-008534,CUST-0461,2025-05-21,29,Failed
PAY-008535,CUST-0461,2025-06-20,29,Success
PAY-008536,CUST-0461,2025-07-20,29,Success
PAY-008537,CUST-0461,2025-08-19,29,Success
PAY-008538,CUST-0461,2025-09-18,29,Success
PAY-008539,CUST-0461,2025-10-18,29,Success
PAY-008540,CUST-0461,2025-11-17,29,Success
PAY-008541,CUST-0461,2025-12-17,29,Success
PAY-008542,CUST-0461,2026-01-16,29,Success
PAY-008543,CUST-0461,2026-02-15,29,Success
PAY-008544,CUST-0461,2026-03-17,29,Success
PAY-008545,CUST-0461,2026-04-16,29,Success
PAY-008546,CUST-0461,2026-05-16,29,Success
PAY-008547,CUST-0461,2026-06-15,29,Success
PAY-008548,CUST-0462,2024-05-25,299,Success
PAY-008549,CUST-0462,2024-06-24,299,Success
PAY-008550,CUST-0462,2024-07-24,299,Success
PAY-008551,CUST-0462,2024-08-23,299,Success
PAY-008552,CUST-0462,2024-09-22,299,Success
PAY-008553,CUST-0462,2024-10-22,299,Success
PAY-008554,CUST-0462,2024-11-21,299,Success
PAY-008555,CUST-0463,2024-01-24,29,Success
PAY-008556,CUST-0463,2024-02-23,29,Success
PAY-008557,CUST-0463,2024-03-24,29,Success
PAY-008558,CUST-0463,2024-04-23,29,Success
PAY-008559,CUST-0463,2024-05-23,29,Success
PAY-008560,CUST-0463,2024-06-22,29,Success
PAY-008561,CUST-0463,2024-07-22,29,Success
PAY-008562,CUST-0463,2024-08-21,29,Success
PAY-008563,CUST-0463,2024-09-20,29,Success
PAY-008564,CUST-0463,2024-10-20,29,Success
PAY-008565,CUST-0463,2024-11-19,29,Success
PAY-008566,CUST-0463,2024-12-19,29,Success
PAY-008567,CUST-0463,2025-01-18,29,Success
PAY-008568,CUST-0463,2025-02-17,29,Success
PAY-008569,CUST-0463,2025-03-19,29,Failed
PAY-008570,CUST-0463,2025-04-18,29,Success
PAY-008571,CUST-0463,2025-05-18,29,Failed
PAY-008572,CUST-0463,2025-06-17,29,Success
PAY-008573,CUST-0463,2025-07-17,29,Success
PAY-008574,CUST-0463,2025-08-16,29,Success
PAY-008575,CUST-0463,2025-09-15,29,Success
PAY-008576,CUST-0463,2025-10-15,29,Success
PAY-008577,CUST-0463,2025-11-14,29,Success
PAY-008578,CUST-0463,2025-12-14,29,Success
PAY-008579,CUST-0463,2026-01-13,29,Success
PAY-008580,CUST-0463,2026-02-12,29,Success
PAY-008581,CUST-0463,2026-03-14,29,Success
PAY-008582,CUST-0463,2026-04-13,29,Success
PAY-008583,CUST-0463,2026-05-13,29,Success
PAY-008584,CUST-0463,2026-06-12,29,Success
PAY-008585,CUST-0464,2024-11-02,299,Success
PAY-008586,CUST-0464,2024-12-02,299,Success
PAY-008587,CUST-0464,2025-01-01,299,Success
PAY-008588,CUST-0464,2025-01-31,299,Success
PAY-008589,CUST-0464,2025-03-02,299,Success
PAY-008590,CUST-0464,2025-04-01,299,Success
PAY-008591,CUST-0464,2025-05-01,299,Success
PAY-008592,CUST-0464,2025-05-31,299,Success
PAY-008593,CUST-0464,2025-06-30,299,Success
PAY-008594,CUST-0464,2025-07-30,299,Success
PAY-008595,CUST-0464,2025-08-29,299,Success
PAY-008596,CUST-0464,2025-09-28,299,Success
PAY-008597,CUST-0464,2025-10-28,299,Success
PAY-008598,CUST-0464,2025-11-27,299,Success
PAY-008599,CUST-0464,2025-12-27,299,Success
PAY-008600,CUST-0464,2026-01-26,299,Success
PAY-008601,CUST-0464,2026-02-25,299,Success
PAY-008602,CUST-0464,2026-03-27,299,Success
PAY-008603,CUST-0464,2026-04-26,299,Success
PAY-008604,CUST-0464,2026-05-26,299,Success
PAY-008605,CUST-0464,2026-06-25,299,Success
PAY-008606,CUST-0465,2024-04-14,99,Success
PAY-008607,CUST-0465,2024-05-14,99,Success
PAY-008608,CUST-0465,2024-06-13,99,Success
PAY-008609,CUST-0465,2024-07-13,99,Success
PAY-008610,CUST-0465,2024-08-12,99,Success
PAY-008611,CUST-0465,2024-09-11,99,Success
PAY-008612,CUST-0465,2024-10-11,99,Success
PAY-008613,CUST-0465,2024-11-10,99,Success
PAY-008614,CUST-0465,2024-12-10,99,Success
PAY-008615,CUST-0465,2025-01-09,99,Success
PAY-008616,CUST-0465,2025-02-08,99,Success
PAY-008617,CUST-0465,2025-03-10,99,Success
PAY-008618,CUST-0465,2025-04-09,99,Success
PAY-008619,CUST-0465,2025-05-09,99,Success
PAY-008620,CUST-0465,2025-06-08,99,Success
PAY-008621,CUST-0465,2025-07-08,99,Success
PAY-008622,CUST-0465,2025-08-07,99,Success
PAY-008623,CUST-0465,2025-09-06,99,Success
PAY-008624,CUST-0465,2025-10-06,99,Success
PAY-008625,CUST-0465,2025-11-05,99,Success
PAY-008626,CUST-0465,2025-12-05,99,Success
PAY-008627,CUST-0465,2026-01-04,99,Success
PAY-008628,CUST-0465,2026-02-03,99,Success
PAY-008629,CUST-0465,2026-03-05,99,Success
PAY-008630,CUST-0465,2026-04-04,99,Success
PAY-008631,CUST-0465,2026-05-04,99,Success
PAY-008632,CUST-0465,2026-06-03,99,Success
PAY-008633,CUST-0466,2025-01-27,29,Success
PAY-008634,CUST-0466,2025-02-26,29,Success
PAY-008635,CUST-0466,2025-03-28,29,Success
PAY-008636,CUST-0466,2025-04-27,29,Success
PAY-008637,CUST-0466,2025-05-27,29,Success
PAY-008638,CUST-0466,2025-06-26,29,Success
PAY-008639,CUST-0466,2025-07-26,29,Success
PAY-008640,CUST-0466,2025-08-25,29,Success
PAY-008641,CUST-0466,2025-09-24,29,Success
PAY-008642,CUST-0466,2025-10-24,29,Success
PAY-008643,CUST-0466,2025-11-23,29,Failed
PAY-008644,CUST-0466,2025-12-23,29,Success
PAY-008645,CUST-0466,2026-01-22,29,Success
PAY-008646,CUST-0466,2026-02-21,29,Success
PAY-008647,CUST-0466,2026-03-23,29,Success
PAY-008648,CUST-0466,2026-04-22,29,Success
PAY-008649,CUST-0466,2026-05-22,29,Success
PAY-008650,CUST-0466,2026-06-21,29,Success
PAY-008651,CUST-0467,2024-05-28,99,Success
PAY-008652,CUST-0467,2024-06-27,99,Success
PAY-008653,CUST-0467,2024-07-27,99,Success
PAY-008654,CUST-0467,2024-08-26,99,Success
PAY-008655,CUST-0467,2024-09-25,99,Success
PAY-008656,CUST-0467,2024-10-25,99,Success
PAY-008657,CUST-0467,2024-11-24,99,Success
PAY-008658,CUST-0467,2024-12-24,99,Success
PAY-008659,CUST-0467,2025-01-23,99,Success
PAY-008660,CUST-0467,2025-02-22,99,Success
PAY-008661,CUST-0467,2025-03-24,99,Success
PAY-008662,CUST-0467,2025-04-23,99,Success
PAY-008663,CUST-0467,2025-05-23,99,Success
PAY-008664,CUST-0467,2025-06-22,99,Success
PAY-008665,CUST-0467,2025-07-22,99,Success
PAY-008666,CUST-0467,2025-08-21,99,Success
PAY-008667,CUST-0467,2025-09-20,99,Success
PAY-008668,CUST-0467,2025-10-20,99,Success
PAY-008669,CUST-0467,2025-11-19,99,Success
PAY-008670,CUST-0467,2025-12-19,99,Success
PAY-008671,CUST-0467,2026-01-18,99,Success
PAY-008672,CUST-0467,2026-02-17,99,Success
PAY-008673,CUST-0467,2026-03-19,99,Success
PAY-008674,CUST-0467,2026-04-18,99,Success
PAY-008675,CUST-0467,2026-05-18,99,Success
PAY-008676,CUST-0467,2026-06-17,99,Success
PAY-008677,CUST-0468,2024-01-04,99,Success
PAY-008678,CUST-0468,2024-02-03,99,Success
PAY-008679,CUST-0468,2024-03-04,99,Failed
PAY-008680,CUST-0468,2024-04-03,99,Success
PAY-008681,CUST-0468,2024-05-03,99,Success
PAY-008682,CUST-0468,2024-06-02,99,Success
PAY-008683,CUST-0468,2024-07-02,99,Success
PAY-008684,CUST-0468,2024-08-01,99,Success
PAY-008685,CUST-0468,2024-08-31,99,Success
PAY-008686,CUST-0468,2024-09-30,99,Success
PAY-008687,CUST-0468,2024-10-30,99,Failed
PAY-008688,CUST-0468,2024-11-29,99,Success
PAY-008689,CUST-0468,2024-12-29,99,Failed
PAY-008690,CUST-0468,2025-01-28,99,Success
PAY-008691,CUST-0468,2025-02-27,99,Success
PAY-008692,CUST-0468,2025-03-29,99,Success
PAY-008693,CUST-0468,2025-04-28,99,Success
PAY-008694,CUST-0468,2025-05-28,99,Success
PAY-008695,CUST-0468,2025-06-27,99,Success
PAY-008696,CUST-0468,2025-07-27,99,Success
PAY-008697,CUST-0468,2025-08-26,99,Success
PAY-008698,CUST-0468,2025-09-25,99,Success
PAY-008699,CUST-0468,2025-10-25,99,Success
PAY-008700,CUST-0468,2025-11-24,99,Success
PAY-008701,CUST-0468,2025-12-24,99,Success
PAY-008702,CUST-0468,2026-01-23,99,Success
PAY-008703,CUST-0468,2026-02-22,99,Success
PAY-008704,CUST-0468,2026-03-24,99,Success
PAY-008705,CUST-0468,2026-04-23,99,Success
PAY-008706,CUST-0468,2026-05-23,99,Success
PAY-008707,CUST-0468,2026-06-22,99,Success
PAY-008708,CUST-0469,2024-03-30,99,Success
PAY-008709,CUST-0469,2024-04-29,99,Success
PAY-008710,CUST-0470,2024-09-29,99,Success
PAY-008711,CUST-0470,2024-10-29,99,Success
PAY-008712,CUST-0470,2024-11-28,99,Success
PAY-008713,CUST-0470,2024-12-28,99,Success
PAY-008714,CUST-0470,2025-01-27,99,Success
PAY-008715,CUST-0470,2025-02-26,99,Success
PAY-008716,CUST-0471,2024-02-06,29,Success
PAY-008717,CUST-0471,2024-03-07,29,Success
PAY-008718,CUST-0471,2024-04-06,29,Success
PAY-008719,CUST-0471,2024-05-06,29,Success
PAY-008720,CUST-0471,2024-06-05,29,Success
PAY-008721,CUST-0471,2024-07-05,29,Success
PAY-008722,CUST-0471,2024-08-04,29,Success
PAY-008723,CUST-0471,2024-09-03,29,Success
PAY-008724,CUST-0471,2024-10-03,29,Success
PAY-008725,CUST-0471,2024-11-02,29,Success
PAY-008726,CUST-0471,2024-12-02,29,Success
PAY-008727,CUST-0472,2024-08-11,99,Success
PAY-008728,CUST-0472,2024-09-10,99,Success
PAY-008729,CUST-0472,2024-10-10,99,Success
PAY-008730,CUST-0472,2024-11-09,99,Success
PAY-008731,CUST-0472,2024-12-09,99,Success
PAY-008732,CUST-0472,2025-01-08,99,Success
PAY-008733,CUST-0472,2025-02-07,99,Success
PAY-008734,CUST-0472,2025-03-09,99,Success
PAY-008735,CUST-0473,2025-04-16,99,Success
PAY-008736,CUST-0473,2025-05-16,99,Success
PAY-008737,CUST-0473,2025-06-15,99,Success
PAY-008738,CUST-0473,2025-07-15,99,Success
PAY-008739,CUST-0473,2025-08-14,99,Success
PAY-008740,CUST-0473,2025-09-13,99,Success
PAY-008741,CUST-0473,2025-10-13,99,Success
PAY-008742,CUST-0473,2025-11-12,99,Success
PAY-008743,CUST-0473,2025-12-12,99,Success
PAY-008744,CUST-0473,2026-01-11,99,Success
PAY-008745,CUST-0473,2026-02-10,99,Success
PAY-008746,CUST-0473,2026-03-12,99,Success
PAY-008747,CUST-0474,2024-10-21,29,Success
PAY-008748,CUST-0474,2024-11-20,29,Success
PAY-008749,CUST-0475,2024-12-29,29,Success
PAY-008750,CUST-0475,2025-01-28,29,Success
PAY-008751,CUST-0475,2025-02-27,29,Success
PAY-008752,CUST-0475,2025-03-29,29,Success
PAY-008753,CUST-0475,2025-04-28,29,Success
PAY-008754,CUST-0475,2025-05-28,29,Success
PAY-008755,CUST-0475,2025-06-27,29,Success
PAY-008756,CUST-0475,2025-07-27,29,Success
PAY-008757,CUST-0475,2025-08-26,29,Success
PAY-008758,CUST-0475,2025-09-25,29,Success
PAY-008759,CUST-0475,2025-10-25,29,Success
PAY-008760,CUST-0475,2025-11-24,29,Success
PAY-008761,CUST-0475,2025-12-24,29,Success
PAY-008762,CUST-0475,2026-01-23,29,Success
PAY-008763,CUST-0475,2026-02-22,29,Failed
PAY-008764,CUST-0475,2026-03-24,29,Success
PAY-008765,CUST-0475,2026-04-23,29,Success
PAY-008766,CUST-0475,2026-05-23,29,Success
PAY-008767,CUST-0475,2026-06-22,29,Success
PAY-008768,CUST-0476,2024-02-28,99,Success
PAY-008769,CUST-0476,2024-03-29,99,Success
PAY-008770,CUST-0476,2024-04-28,99,Success
PAY-008771,CUST-0476,2024-05-28,99,Success
PAY-008772,CUST-0476,2024-06-27,99,Success
PAY-008773,CUST-0476,2024-07-27,99,Success
PAY-008774,CUST-0476,2024-08-26,99,Success
PAY-008775,CUST-0476,2024-09-25,99,Success
PAY-008776,CUST-0476,2024-10-25,99,Success
PAY-008777,CUST-0476,2024-11-24,99,Success
PAY-008778,CUST-0476,2024-12-24,99,Success
PAY-008779,CUST-0476,2025-01-23,99,Success
PAY-008780,CUST-0476,2025-02-22,99,Success
PAY-008781,CUST-0476,2025-03-24,99,Success
PAY-008782,CUST-0476,2025-04-23,99,Success
PAY-008783,CUST-0476,2025-05-23,99,Success
PAY-008784,CUST-0476,2025-06-22,99,Success
PAY-008785,CUST-0476,2025-07-22,99,Success
PAY-008786,CUST-0476,2025-08-21,99,Success
PAY-008787,CUST-0476,2025-09-20,99,Success
PAY-008788,CUST-0476,2025-10-20,99,Success
PAY-008789,CUST-0476,2025-11-19,99,Success
PAY-008790,CUST-0476,2025-12-19,99,Success
PAY-008791,CUST-0476,2026-01-18,99,Success
PAY-008792,CUST-0476,2026-02-17,99,Success
PAY-008793,CUST-0476,2026-03-19,99,Success
PAY-008794,CUST-0476,2026-04-18,99,Success
PAY-008795,CUST-0476,2026-05-18,99,Success
PAY-008796,CUST-0476,2026-06-17,99,Success
PAY-008797,CUST-0477,2025-05-09,29,Success
PAY-008798,CUST-0477,2025-06-08,29,Success
PAY-008799,CUST-0477,2025-07-08,29,Success
PAY-008800,CUST-0477,2025-08-07,29,Success
PAY-008801,CUST-0477,2025-09-06,29,Success
PAY-008802,CUST-0477,2025-10-06,29,Success
PAY-008803,CUST-0477,2025-11-05,29,Success
PAY-008804,CUST-0477,2025-12-05,29,Success
PAY-008805,CUST-0477,2026-01-04,29,Success
PAY-008806,CUST-0477,2026-02-03,29,Success
PAY-008807,CUST-0477,2026-03-05,29,Success
PAY-008808,CUST-0477,2026-04-04,29,Failed
PAY-008809,CUST-0477,2026-05-04,29,Success
PAY-008810,CUST-0477,2026-06-03,29,Success
PAY-008811,CUST-0478,2025-02-14,99,Success
PAY-008812,CUST-0478,2025-03-16,99,Failed
PAY-008813,CUST-0478,2025-04-15,99,Success
PAY-008814,CUST-0478,2025-05-15,99,Success
PAY-008815,CUST-0478,2025-06-14,99,Success
PAY-008816,CUST-0478,2025-07-14,99,Success
PAY-008817,CUST-0478,2025-08-13,99,Success
PAY-008818,CUST-0478,2025-09-12,99,Success
PAY-008819,CUST-0478,2025-10-12,99,Success
PAY-008820,CUST-0479,2024-02-15,29,Success
PAY-008821,CUST-0479,2024-03-16,29,Success
PAY-008822,CUST-0479,2024-04-15,29,Success
PAY-008823,CUST-0479,2024-05-15,29,Success
PAY-008824,CUST-0479,2024-06-14,29,Success
PAY-008825,CUST-0479,2024-07-14,29,Success
PAY-008826,CUST-0479,2024-08-13,29,Success
PAY-008827,CUST-0479,2024-09-12,29,Success
PAY-008828,CUST-0479,2024-10-12,29,Success
PAY-008829,CUST-0479,2024-11-11,29,Success
PAY-008830,CUST-0479,2024-12-11,29,Success
PAY-008831,CUST-0479,2025-01-10,29,Success
PAY-008832,CUST-0479,2025-02-09,29,Success
PAY-008833,CUST-0479,2025-03-11,29,Success
PAY-008834,CUST-0479,2025-04-10,29,Success
PAY-008835,CUST-0479,2025-05-10,29,Success
PAY-008836,CUST-0479,2025-06-09,29,Success
PAY-008837,CUST-0479,2025-07-09,29,Success
PAY-008838,CUST-0479,2025-08-08,29,Success
PAY-008839,CUST-0479,2025-09-07,29,Success
PAY-008840,CUST-0479,2025-10-07,29,Success
PAY-008841,CUST-0479,2025-11-06,29,Success
PAY-008842,CUST-0479,2025-12-06,29,Success
PAY-008843,CUST-0479,2026-01-05,29,Success
PAY-008844,CUST-0479,2026-02-04,29,Success
PAY-008845,CUST-0479,2026-03-06,29,Success
PAY-008846,CUST-0479,2026-04-05,29,Success
PAY-008847,CUST-0479,2026-05-05,29,Success
PAY-008848,CUST-0479,2026-06-04,29,Success
PAY-008849,CUST-0480,2024-05-04,99,Success
PAY-008850,CUST-0480,2024-06-03,99,Success
PAY-008851,CUST-0480,2024-07-03,99,Success
PAY-008852,CUST-0480,2024-08-02,99,Success
PAY-008853,CUST-0480,2024-09-01,99,Success
PAY-008854,CUST-0480,2024-10-01,99,Success
PAY-008855,CUST-0480,2024-10-31,99,Success
PAY-008856,CUST-0480,2024-11-30,99,Failed
PAY-008857,CUST-0480,2024-12-30,99,Success
PAY-008858,CUST-0480,2025-01-29,99,Success
PAY-008859,CUST-0480,2025-02-28,99,Success
PAY-008860,CUST-0480,2025-03-30,99,Success
PAY-008861,CUST-0480,2025-04-29,99,Success
PAY-008862,CUST-0480,2025-05-29,99,Success
PAY-008863,CUST-0480,2025-06-28,99,Success
PAY-008864,CUST-0480,2025-07-28,99,Success
PAY-008865,CUST-0480,2025-08-27,99,Success
PAY-008866,CUST-0480,2025-09-26,99,Success
PAY-008867,CUST-0480,2025-10-26,99,Success
PAY-008868,CUST-0480,2025-11-25,99,Success
PAY-008869,CUST-0480,2025-12-25,99,Success
PAY-008870,CUST-0480,2026-01-24,99,Success
PAY-008871,CUST-0480,2026-02-23,99,Failed
PAY-008872,CUST-0480,2026-03-25,99,Success
PAY-008873,CUST-0480,2026-04-24,99,Success
PAY-008874,CUST-0480,2026-05-24,99,Success
PAY-008875,CUST-0480,2026-06-23,99,Success
PAY-008876,CUST-0481,2024-09-25,29,Success
PAY-008877,CUST-0481,2024-10-25,29,Success
PAY-008878,CUST-0481,2024-11-24,29,Success
PAY-008879,CUST-0481,2024-12-24,29,Success
PAY-008880,CUST-0481,2025-01-23,29,Failed
PAY-008881,CUST-0481,2025-02-22,29,Success
PAY-008882,CUST-0481,2025-03-24,29,Success
PAY-008883,CUST-0481,2025-04-23,29,Success
PAY-008884,CUST-0481,2025-05-23,29,Success
PAY-008885,CUST-0481,2025-06-22,29,Success
PAY-008886,CUST-0481,2025-07-22,29,Success
PAY-008887,CUST-0481,2025-08-21,29,Failed
PAY-008888,CUST-0481,2025-09-20,29,Failed
PAY-008889,CUST-0481,2025-10-20,29,Success
PAY-008890,CUST-0481,2025-11-19,29,Success
PAY-008891,CUST-0481,2025-12-19,29,Success
PAY-008892,CUST-0481,2026-01-18,29,Success
PAY-008893,CUST-0481,2026-02-17,29,Success
PAY-008894,CUST-0481,2026-03-19,29,Success
PAY-008895,CUST-0481,2026-04-18,29,Success
PAY-008896,CUST-0481,2026-05-18,29,Failed
PAY-008897,CUST-0481,2026-06-17,29,Success
PAY-008898,CUST-0482,2025-03-21,29,Success
PAY-008899,CUST-0482,2025-04-20,29,Success
PAY-008900,CUST-0482,2025-05-20,29,Success
PAY-008901,CUST-0482,2025-06-19,29,Success
PAY-008902,CUST-0482,2025-07-19,29,Success
PAY-008903,CUST-0482,2025-08-18,29,Success
PAY-008904,CUST-0482,2025-09-17,29,Success
PAY-008905,CUST-0482,2025-10-17,29,Success
PAY-008906,CUST-0482,2025-11-16,29,Success
PAY-008907,CUST-0482,2025-12-16,29,Success
PAY-008908,CUST-0482,2026-01-15,29,Success
PAY-008909,CUST-0482,2026-02-14,29,Success
PAY-008910,CUST-0482,2026-03-16,29,Success
PAY-008911,CUST-0482,2026-04-15,29,Success
PAY-008912,CUST-0482,2026-05-15,29,Success
PAY-008913,CUST-0482,2026-06-14,29,Success
PAY-008914,CUST-0483,2024-04-23,299,Success
PAY-008915,CUST-0483,2024-05-23,299,Success
PAY-008916,CUST-0483,2024-06-22,299,Success
PAY-008917,CUST-0483,2024-07-22,299,Success
PAY-008918,CUST-0483,2024-08-21,299,Success
PAY-008919,CUST-0483,2024-09-20,299,Success
PAY-008920,CUST-0483,2024-10-20,299,Success
PAY-008921,CUST-0483,2024-11-19,299,Success
PAY-008922,CUST-0483,2024-12-19,299,Success
PAY-008923,CUST-0483,2025-01-18,299,Success
PAY-008924,CUST-0483,2025-02-17,299,Success
PAY-008925,CUST-0483,2025-03-19,299,Success
PAY-008926,CUST-0483,2025-04-18,299,Success
PAY-008927,CUST-0483,2025-05-18,299,Success
PAY-008928,CUST-0483,2025-06-17,299,Success
PAY-008929,CUST-0483,2025-07-17,299,Success
PAY-008930,CUST-0483,2025-08-16,299,Success
PAY-008931,CUST-0483,2025-09-15,299,Success
PAY-008932,CUST-0483,2025-10-15,299,Success
PAY-008933,CUST-0483,2025-11-14,299,Success
PAY-008934,CUST-0483,2025-12-14,299,Success
PAY-008935,CUST-0483,2026-01-13,299,Success
PAY-008936,CUST-0483,2026-02-12,299,Success
PAY-008937,CUST-0483,2026-03-14,299,Success
PAY-008938,CUST-0483,2026-04-13,299,Success
PAY-008939,CUST-0483,2026-05-13,299,Success
PAY-008940,CUST-0483,2026-06-12,299,Success
PAY-008941,CUST-0484,2024-02-09,99,Success
PAY-008942,CUST-0484,2024-03-10,99,Success
PAY-008943,CUST-0484,2024-04-09,99,Success
PAY-008944,CUST-0484,2024-05-09,99,Success
PAY-008945,CUST-0484,2024-06-08,99,Success
PAY-008946,CUST-0484,2024-07-08,99,Success
PAY-008947,CUST-0484,2024-08-07,99,Success
PAY-008948,CUST-0484,2024-09-06,99,Success
PAY-008949,CUST-0484,2024-10-06,99,Success
PAY-008950,CUST-0484,2024-11-05,99,Success
PAY-008951,CUST-0484,2024-12-05,99,Success
PAY-008952,CUST-0484,2025-01-04,99,Success
PAY-008953,CUST-0484,2025-02-03,99,Success
PAY-008954,CUST-0484,2025-03-05,99,Success
PAY-008955,CUST-0484,2025-04-04,99,Success
PAY-008956,CUST-0484,2025-05-04,99,Success
PAY-008957,CUST-0484,2025-06-03,99,Success
PAY-008958,CUST-0484,2025-07-03,99,Success
PAY-008959,CUST-0484,2025-08-02,99,Success
PAY-008960,CUST-0484,2025-09-01,99,Success
PAY-008961,CUST-0484,2025-10-01,99,Success
PAY-008962,CUST-0484,2025-10-31,99,Failed
PAY-008963,CUST-0484,2025-11-30,99,Success
PAY-008964,CUST-0484,2025-12-30,99,Success
PAY-008965,CUST-0484,2026-01-29,99,Success
PAY-008966,CUST-0484,2026-02-28,99,Success
PAY-008967,CUST-0484,2026-03-30,99,Success
PAY-008968,CUST-0484,2026-04-29,99,Success
PAY-008969,CUST-0484,2026-05-29,99,Success
PAY-008970,CUST-0484,2026-06-28,99,Success
PAY-008971,CUST-0485,2025-04-08,99,Success
PAY-008972,CUST-0485,2025-05-08,99,Success
PAY-008973,CUST-0485,2025-06-07,99,Success
PAY-008974,CUST-0485,2025-07-07,99,Success
PAY-008975,CUST-0485,2025-08-06,99,Success
PAY-008976,CUST-0485,2025-09-05,99,Success
PAY-008977,CUST-0485,2025-10-05,99,Success
PAY-008978,CUST-0486,2025-01-07,99,Success
PAY-008979,CUST-0486,2025-02-06,99,Success
PAY-008980,CUST-0486,2025-03-08,99,Success
PAY-008981,CUST-0486,2025-04-07,99,Failed
PAY-008982,CUST-0486,2025-05-07,99,Success
PAY-008983,CUST-0486,2025-06-06,99,Success
PAY-008984,CUST-0486,2025-07-06,99,Success
PAY-008985,CUST-0486,2025-08-05,99,Success
PAY-008986,CUST-0486,2025-09-04,99,Success
PAY-008987,CUST-0486,2025-10-04,99,Success
PAY-008988,CUST-0486,2025-11-03,99,Success
PAY-008989,CUST-0486,2025-12-03,99,Success
PAY-008990,CUST-0486,2026-01-02,99,Success
PAY-008991,CUST-0486,2026-02-01,99,Success
PAY-008992,CUST-0486,2026-03-03,99,Success
PAY-008993,CUST-0486,2026-04-02,99,Success
PAY-008994,CUST-0486,2026-05-02,99,Success
PAY-008995,CUST-0486,2026-06-01,99,Success
PAY-008996,CUST-0487,2024-02-22,99,Success
PAY-008997,CUST-0487,2024-03-23,99,Success
PAY-008998,CUST-0487,2024-04-22,99,Success
PAY-008999,CUST-0487,2024-05-22,99,Success
PAY-009000,CUST-0487,2024-06-21,99,Success
PAY-009001,CUST-0487,2024-07-21,99,Success
PAY-009002,CUST-0487,2024-08-20,99,Success
PAY-009003,CUST-0487,2024-09-19,99,Success
PAY-009004,CUST-0487,2024-10-19,99,Success
PAY-009005,CUST-0487,2024-11-18,99,Success
PAY-009006,CUST-0487,2024-12-18,99,Success
PAY-009007,CUST-0487,2025-01-17,99,Success
PAY-009008,CUST-0487,2025-02-16,99,Success
PAY-009009,CUST-0487,2025-03-18,99,Success
PAY-009010,CUST-0487,2025-04-17,99,Success
PAY-009011,CUST-0487,2025-05-17,99,Success
PAY-009012,CUST-0487,2025-06-16,99,Success
PAY-009013,CUST-0487,2025-07-16,99,Success
PAY-009014,CUST-0487,2025-08-15,99,Success
PAY-009015,CUST-0487,2025-09-14,99,Success
PAY-009016,CUST-0487,2025-10-14,99,Success
PAY-009017,CUST-0487,2025-11-13,99,Success
PAY-009018,CUST-0487,2025-12-13,99,Failed
PAY-009019,CUST-0487,2026-01-12,99,Success
PAY-009020,CUST-0487,2026-02-11,99,Success
PAY-009021,CUST-0487,2026-03-13,99,Success
PAY-009022,CUST-0487,2026-04-12,99,Success
PAY-009023,CUST-0487,2026-05-12,99,Success
PAY-009024,CUST-0487,2026-06-11,99,Success
PAY-009025,CUST-0488,2024-04-11,299,Success
PAY-009026,CUST-0488,2024-05-11,299,Success
PAY-009027,CUST-0488,2024-06-10,299,Success
PAY-009028,CUST-0488,2024-07-10,299,Success
PAY-009029,CUST-0488,2024-08-09,299,Success
PAY-009030,CUST-0488,2024-09-08,299,Success
PAY-009031,CUST-0488,2024-10-08,299,Success
PAY-009032,CUST-0488,2024-11-07,299,Success
PAY-009033,CUST-0488,2024-12-07,299,Success
PAY-009034,CUST-0488,2025-01-06,299,Success
PAY-009035,CUST-0488,2025-02-05,299,Success
PAY-009036,CUST-0488,2025-03-07,299,Success
PAY-009037,CUST-0488,2025-04-06,299,Success
PAY-009038,CUST-0488,2025-05-06,299,Success
PAY-009039,CUST-0488,2025-06-05,299,Success
PAY-009040,CUST-0488,2025-07-05,299,Success
PAY-009041,CUST-0488,2025-08-04,299,Success
PAY-009042,CUST-0488,2025-09-03,299,Success
PAY-009043,CUST-0488,2025-10-03,299,Success
PAY-009044,CUST-0488,2025-11-02,299,Failed
PAY-009045,CUST-0488,2025-12-02,299,Success
PAY-009046,CUST-0488,2026-01-01,299,Success
PAY-009047,CUST-0488,2026-01-31,299,Success
PAY-009048,CUST-0488,2026-03-02,299,Success
PAY-009049,CUST-0488,2026-04-01,299,Success
PAY-009050,CUST-0488,2026-05-01,299,Success
PAY-009051,CUST-0488,2026-05-31,299,Success
PAY-009052,CUST-0488,2026-06-30,299,Success
PAY-009053,CUST-0489,2025-01-24,29,Success
PAY-009054,CUST-0489,2025-02-23,29,Success
PAY-009055,CUST-0489,2025-03-25,29,Success
PAY-009056,CUST-0489,2025-04-24,29,Success
PAY-009057,CUST-0489,2025-05-24,29,Success
PAY-009058,CUST-0489,2025-06-23,29,Success
PAY-009059,CUST-0489,2025-07-23,29,Success
PAY-009060,CUST-0489,2025-08-22,29,Success
PAY-009061,CUST-0489,2025-09-21,29,Success
PAY-009062,CUST-0489,2025-10-21,29,Success
PAY-009063,CUST-0489,2025-11-20,29,Success
PAY-009064,CUST-0489,2025-12-20,29,Success
PAY-009065,CUST-0489,2026-01-19,29,Success
PAY-009066,CUST-0489,2026-02-18,29,Success
PAY-009067,CUST-0489,2026-03-20,29,Success
PAY-009068,CUST-0489,2026-04-19,29,Failed
PAY-009069,CUST-0489,2026-05-19,29,Success
PAY-009070,CUST-0489,2026-06-18,29,Success
PAY-009071,CUST-0490,2025-05-02,29,Success
PAY-009072,CUST-0490,2025-06-01,29,Success
PAY-009073,CUST-0490,2025-07-01,29,Success
PAY-009074,CUST-0490,2025-07-31,29,Success
PAY-009075,CUST-0490,2025-08-30,29,Success
PAY-009076,CUST-0490,2025-09-29,29,Success
PAY-009077,CUST-0490,2025-10-29,29,Success
PAY-009078,CUST-0490,2025-11-28,29,Success
PAY-009079,CUST-0490,2025-12-28,29,Success
PAY-009080,CUST-0490,2026-01-27,29,Success
PAY-009081,CUST-0490,2026-02-26,29,Success
PAY-009082,CUST-0490,2026-03-28,29,Success
PAY-009083,CUST-0491,2025-01-21,29,Success
PAY-009084,CUST-0491,2025-02-20,29,Success
PAY-009085,CUST-0491,2025-03-22,29,Success
PAY-009086,CUST-0491,2025-04-21,29,Success
PAY-009087,CUST-0491,2025-05-21,29,Success
PAY-009088,CUST-0491,2025-06-20,29,Failed
PAY-009089,CUST-0491,2025-07-20,29,Success
PAY-009090,CUST-0491,2025-08-19,29,Success
PAY-009091,CUST-0491,2025-09-18,29,Success
PAY-009092,CUST-0491,2025-10-18,29,Success
PAY-009093,CUST-0491,2025-11-17,29,Success
PAY-009094,CUST-0491,2025-12-17,29,Success
PAY-009095,CUST-0491,2026-01-16,29,Success
PAY-009096,CUST-0491,2026-02-15,29,Success
PAY-009097,CUST-0491,2026-03-17,29,Success
PAY-009098,CUST-0491,2026-04-16,29,Success
PAY-009099,CUST-0491,2026-05-16,29,Success
PAY-009100,CUST-0491,2026-06-15,29,Success
PAY-009101,CUST-0492,2025-03-18,299,Success
PAY-009102,CUST-0492,2025-04-17,299,Success
PAY-009103,CUST-0492,2025-05-17,299,Success
PAY-009104,CUST-0492,2025-06-16,299,Success
PAY-009105,CUST-0492,2025-07-16,299,Success
PAY-009106,CUST-0492,2025-08-15,299,Success
PAY-009107,CUST-0492,2025-09-14,299,Success
PAY-009108,CUST-0492,2025-10-14,299,Success
PAY-009109,CUST-0492,2025-11-13,299,Success
PAY-009110,CUST-0492,2025-12-13,299,Success
PAY-009111,CUST-0492,2026-01-12,299,Success
PAY-009112,CUST-0493,2024-08-13,29,Failed
PAY-009113,CUST-0493,2024-09-12,29,Success
PAY-009114,CUST-0493,2024-10-12,29,Success
PAY-009115,CUST-0493,2024-11-11,29,Success
PAY-009116,CUST-0493,2024-12-11,29,Success
PAY-009117,CUST-0493,2025-01-10,29,Success
PAY-009118,CUST-0493,2025-02-09,29,Success
PAY-009119,CUST-0493,2025-03-11,29,Success
PAY-009120,CUST-0493,2025-04-10,29,Success
PAY-009121,CUST-0493,2025-05-10,29,Success
PAY-009122,CUST-0493,2025-06-09,29,Success
PAY-009123,CUST-0493,2025-07-09,29,Success
PAY-009124,CUST-0493,2025-08-08,29,Success
PAY-009125,CUST-0493,2025-09-07,29,Success
PAY-009126,CUST-0493,2025-10-07,29,Success
PAY-009127,CUST-0493,2025-11-06,29,Success
PAY-009128,CUST-0493,2025-12-06,29,Success
PAY-009129,CUST-0493,2026-01-05,29,Failed
PAY-009130,CUST-0493,2026-02-04,29,Success
PAY-009131,CUST-0493,2026-03-06,29,Success
PAY-009132,CUST-0493,2026-04-05,29,Success
PAY-009133,CUST-0493,2026-05-05,29,Success
PAY-009134,CUST-0493,2026-06-04,29,Success
PAY-009135,CUST-0494,2024-08-14,99,Success
PAY-009136,CUST-0494,2024-09-13,99,Success
PAY-009137,CUST-0494,2024-10-13,99,Success
PAY-009138,CUST-0494,2024-11-12,99,Success
PAY-009139,CUST-0494,2024-12-12,99,Success
PAY-009140,CUST-0494,2025-01-11,99,Success
PAY-009141,CUST-0494,2025-02-10,99,Success
PAY-009142,CUST-0494,2025-03-12,99,Success
PAY-009143,CUST-0494,2025-04-11,99,Success
PAY-009144,CUST-0494,2025-05-11,99,Success
PAY-009145,CUST-0494,2025-06-10,99,Success
PAY-009146,CUST-0494,2025-07-10,99,Success
PAY-009147,CUST-0494,2025-08-09,99,Success
PAY-009148,CUST-0494,2025-09-08,99,Success
PAY-009149,CUST-0494,2025-10-08,99,Success
PAY-009150,CUST-0494,2025-11-07,99,Success
PAY-009151,CUST-0494,2025-12-07,99,Success
PAY-009152,CUST-0494,2026-01-06,99,Success
PAY-009153,CUST-0494,2026-02-05,99,Success
PAY-009154,CUST-0494,2026-03-07,99,Success
PAY-009155,CUST-0494,2026-04-06,99,Success
PAY-009156,CUST-0494,2026-05-06,99,Success
PAY-009157,CUST-0494,2026-06-05,99,Success
PAY-009158,CUST-0495,2024-10-29,99,Success
PAY-009159,CUST-0495,2024-11-28,99,Success
PAY-009160,CUST-0495,2024-12-28,99,Success
PAY-009161,CUST-0495,2025-01-27,99,Success
PAY-009162,CUST-0495,2025-02-26,99,Success
PAY-009163,CUST-0495,2025-03-28,99,Success
PAY-009164,CUST-0495,2025-04-27,99,Success
PAY-009165,CUST-0495,2025-05-27,99,Success
PAY-009166,CUST-0495,2025-06-26,99,Success
PAY-009167,CUST-0495,2025-07-26,99,Success
PAY-009168,CUST-0495,2025-08-25,99,Success
PAY-009169,CUST-0495,2025-09-24,99,Success
PAY-009170,CUST-0495,2025-10-24,99,Success
PAY-009171,CUST-0496,2024-09-16,99,Success
PAY-009172,CUST-0496,2024-10-16,99,Success
PAY-009173,CUST-0496,2024-11-15,99,Success
PAY-009174,CUST-0496,2024-12-15,99,Success
PAY-009175,CUST-0496,2025-01-14,99,Success
PAY-009176,CUST-0496,2025-02-13,99,Success
PAY-009177,CUST-0496,2025-03-15,99,Success
PAY-009178,CUST-0496,2025-04-14,99,Success
PAY-009179,CUST-0496,2025-05-14,99,Success
PAY-009180,CUST-0496,2025-06-13,99,Success
PAY-009181,CUST-0496,2025-07-13,99,Success
PAY-009182,CUST-0496,2025-08-12,99,Success
PAY-009183,CUST-0496,2025-09-11,99,Success
PAY-009184,CUST-0496,2025-10-11,99,Success
PAY-009185,CUST-0496,2025-11-10,99,Success
PAY-009186,CUST-0496,2025-12-10,99,Success
PAY-009187,CUST-0496,2026-01-09,99,Success
PAY-009188,CUST-0496,2026-02-08,99,Success
PAY-009189,CUST-0496,2026-03-10,99,Success
PAY-009190,CUST-0496,2026-04-09,99,Success
PAY-009191,CUST-0496,2026-05-09,99,Success
PAY-009192,CUST-0496,2026-06-08,99,Success
PAY-009193,CUST-0497,2024-08-24,299,Failed
PAY-009194,CUST-0497,2024-09-23,299,Success
PAY-009195,CUST-0497,2024-10-23,299,Success
PAY-009196,CUST-0497,2024-11-22,299,Success
PAY-009197,CUST-0497,2024-12-22,299,Success
PAY-009198,CUST-0497,2025-01-21,299,Success
PAY-009199,CUST-0497,2025-02-20,299,Success
PAY-009200,CUST-0498,2024-01-30,29,Success
PAY-009201,CUST-0498,2024-02-29,29,Success
PAY-009202,CUST-0498,2024-03-30,29,Success
PAY-009203,CUST-0498,2024-04-29,29,Success
PAY-009204,CUST-0498,2024-05-29,29,Success
PAY-009205,CUST-0498,2024-06-28,29,Success
PAY-009206,CUST-0498,2024-07-28,29,Success
PAY-009207,CUST-0499,2024-02-09,99,Success
PAY-009208,CUST-0499,2024-03-10,99,Success
PAY-009209,CUST-0499,2024-04-09,99,Success
PAY-009210,CUST-0499,2024-05-09,99,Success
PAY-009211,CUST-0499,2024-06-08,99,Success
PAY-009212,CUST-0499,2024-07-08,99,Success
PAY-009213,CUST-0499,2024-08-07,99,Success
PAY-009214,CUST-0499,2024-09-06,99,Success
PAY-009215,CUST-0499,2024-10-06,99,Success
PAY-009216,CUST-0499,2024-11-05,99,Success
PAY-009217,CUST-0499,2024-12-05,99,Success
PAY-009218,CUST-0499,2025-01-04,99,Success
PAY-009219,CUST-0499,2025-02-03,99,Success
PAY-009220,CUST-0499,2025-03-05,99,Success
PAY-009221,CUST-0499,2025-04-04,99,Success
PAY-009222,CUST-0499,2025-05-04,99,Success
PAY-009223,CUST-0499,2025-06-03,99,Success
PAY-009224,CUST-0499,2025-07-03,99,Success
PAY-009225,CUST-0499,2025-08-02,99,Success
PAY-009226,CUST-0499,2025-09-01,99,Success
PAY-009227,CUST-0499,2025-10-01,99,Success
PAY-009228,CUST-0499,2025-10-31,99,Success
PAY-009229,CUST-0499,2025-11-30,99,Success
PAY-009230,CUST-0499,2025-12-30,99,Success
PAY-009231,CUST-0499,2026-01-29,99,Success
PAY-009232,CUST-0499,2026-02-28,99,Success
PAY-009233,CUST-0499,2026-03-30,99,Success
PAY-009234,CUST-0499,2026-04-29,99,Success
PAY-009235,CUST-0499,2026-05-29,99,Failed
PAY-009236,CUST-0499,2026-06-28,99,Success
PAY-009237,CUST-0500,2024-08-24,29,Success
PAY-009238,CUST-0500,2024-09-23,29,Success
PAY-009239,CUST-0500,2024-10-23,29,Success
PAY-009240,CUST-0500,2024-11-22,29,Success
PAY-009241,CUST-0500,2024-12-22,29,Success
PAY-009242,CUST-0500,2025-01-21,29,Success
PAY-009243,CUST-0500,2025-02-20,29,Success
PAY-009244,CUST-0500,2025-03-22,29,Success
PAY-009245,CUST-0500,2025-04-21,29,Success
PAY-009246,CUST-0500,2025-05-21,29,Success
PAY-009247,CUST-0500,2025-06-20,29,Success
PAY-009248,CUST-0500,2025-07-20,29,Success
PAY-009249,CUST-0500,2025-08-19,29,Success
PAY-009250,CUST-0500,2025-09-18,29,Success
PAY-009251,CUST-0500,2025-10-18,29,Success
PAY-009252,CUST-0500,2025-11-17,29,Success
PAY-009253,CUST-0500,2025-12-17,29,Success
PAY-009254,CUST-0500,2026-01-16,29,Success
PAY-009255,CUST-0500,2026-02-15,29,Success
PAY-009256,CUST-0500,2026-03-17,29,Success
PAY-009257,CUST-0500,2026-04-16,29,Success
PAY-009258,CUST-0500,2026-05-16,29,Success
PAY-009259,CUST-0500,2026-06-15,29,Success
PAY-009260,CUST-0501,2025-04-10,29,Success
PAY-009261,CUST-0501,2025-05-10,29,Success
PAY-009262,CUST-0501,2025-06-09,29,Success
PAY-009263,CUST-0501,2025-07-09,29,Success
PAY-009264,CUST-0501,2025-08-08,29,Success
PAY-009265,CUST-0501,2025-09-07,29,Success
PAY-009266,CUST-0501,2025-10-07,29,Success
PAY-009267,CUST-0502,2024-11-05,99,Success
PAY-009268,CUST-0502,2024-12-05,99,Success
PAY-009269,CUST-0502,2025-01-04,99,Success
PAY-009270,CUST-0502,2025-02-03,99,Success
PAY-009271,CUST-0502,2025-03-05,99,Success
PAY-009272,CUST-0502,2025-04-04,99,Success
PAY-009273,CUST-0502,2025-05-04,99,Success
PAY-009274,CUST-0502,2025-06-03,99,Success
PAY-009275,CUST-0502,2025-07-03,99,Success
PAY-009276,CUST-0502,2025-08-02,99,Success
PAY-009277,CUST-0502,2025-09-01,99,Success
PAY-009278,CUST-0502,2025-10-01,99,Success
PAY-009279,CUST-0502,2025-10-31,99,Success
PAY-009280,CUST-0502,2025-11-30,99,Success
PAY-009281,CUST-0502,2025-12-30,99,Success
PAY-009282,CUST-0502,2026-01-29,99,Success
PAY-009283,CUST-0502,2026-02-28,99,Success
PAY-009284,CUST-0502,2026-03-30,99,Success
PAY-009285,CUST-0502,2026-04-29,99,Success
PAY-009286,CUST-0502,2026-05-29,99,Success
PAY-009287,CUST-0502,2026-06-28,99,Success
PAY-009288,CUST-0503,2025-05-05,99,Success
PAY-009289,CUST-0503,2025-06-04,99,Success
PAY-009290,CUST-0503,2025-07-04,99,Success
PAY-009291,CUST-0503,2025-08-03,99,Success
PAY-009292,CUST-0503,2025-09-02,99,Failed
PAY-009293,CUST-0503,2025-10-02,99,Success
PAY-009294,CUST-0503,2025-11-01,99,Success
PAY-009295,CUST-0503,2025-12-01,99,Failed
PAY-009296,CUST-0503,2025-12-31,99,Success
PAY-009297,CUST-0503,2026-01-30,99,Success
PAY-009298,CUST-0504,2024-02-22,29,Success
PAY-009299,CUST-0504,2024-03-23,29,Success
PAY-009300,CUST-0504,2024-04-22,29,Success
PAY-009301,CUST-0504,2024-05-22,29,Success
PAY-009302,CUST-0504,2024-06-21,29,Success
PAY-009303,CUST-0504,2024-07-21,29,Success
PAY-009304,CUST-0504,2024-08-20,29,Success
PAY-009305,CUST-0504,2024-09-19,29,Success
PAY-009306,CUST-0504,2024-10-19,29,Success
PAY-009307,CUST-0504,2024-11-18,29,Success
PAY-009308,CUST-0504,2024-12-18,29,Success
PAY-009309,CUST-0504,2025-01-17,29,Success
PAY-009310,CUST-0504,2025-02-16,29,Success
PAY-009311,CUST-0504,2025-03-18,29,Success
PAY-009312,CUST-0504,2025-04-17,29,Success
PAY-009313,CUST-0504,2025-05-17,29,Success
PAY-009314,CUST-0504,2025-06-16,29,Success
PAY-009315,CUST-0504,2025-07-16,29,Success
PAY-009316,CUST-0504,2025-08-15,29,Success
PAY-009317,CUST-0504,2025-09-14,29,Success
PAY-009318,CUST-0504,2025-10-14,29,Success
PAY-009319,CUST-0504,2025-11-13,29,Success
PAY-009320,CUST-0504,2025-12-13,29,Success
PAY-009321,CUST-0504,2026-01-12,29,Success
PAY-009322,CUST-0504,2026-02-11,29,Success
PAY-009323,CUST-0504,2026-03-13,29,Success
PAY-009324,CUST-0504,2026-04-12,29,Success
PAY-009325,CUST-0504,2026-05-12,29,Success
PAY-009326,CUST-0504,2026-06-11,29,Success
PAY-009327,CUST-0505,2024-09-15,99,Success
PAY-009328,CUST-0505,2024-10-15,99,Success
PAY-009329,CUST-0505,2024-11-14,99,Success
PAY-009330,CUST-0505,2024-12-14,99,Success
PAY-009331,CUST-0505,2025-01-13,99,Success
PAY-009332,CUST-0505,2025-02-12,99,Success
PAY-009333,CUST-0505,2025-03-14,99,Success
PAY-009334,CUST-0505,2025-04-13,99,Success
PAY-009335,CUST-0505,2025-05-13,99,Success
PAY-009336,CUST-0505,2025-06-12,99,Success
PAY-009337,CUST-0505,2025-07-12,99,Success
PAY-009338,CUST-0505,2025-08-11,99,Success
PAY-009339,CUST-0505,2025-09-10,99,Success
PAY-009340,CUST-0505,2025-10-10,99,Success
PAY-009341,CUST-0505,2025-11-09,99,Success
PAY-009342,CUST-0505,2025-12-09,99,Success
PAY-009343,CUST-0505,2026-01-08,99,Success
PAY-009344,CUST-0505,2026-02-07,99,Success
PAY-009345,CUST-0505,2026-03-09,99,Success
PAY-009346,CUST-0505,2026-04-08,99,Success
PAY-009347,CUST-0505,2026-05-08,99,Success
PAY-009348,CUST-0505,2026-06-07,99,Success
PAY-009349,CUST-0506,2024-05-06,29,Success
PAY-009350,CUST-0506,2024-06-05,29,Success
PAY-009351,CUST-0506,2024-07-05,29,Success
PAY-009352,CUST-0506,2024-08-04,29,Failed
PAY-009353,CUST-0506,2024-09-03,29,Success
PAY-009354,CUST-0506,2024-10-03,29,Success
PAY-009355,CUST-0507,2024-09-25,29,Success
PAY-009356,CUST-0507,2024-10-25,29,Success
PAY-009357,CUST-0507,2024-11-24,29,Success
PAY-009358,CUST-0507,2024-12-24,29,Success
PAY-009359,CUST-0507,2025-01-23,29,Success
PAY-009360,CUST-0508,2024-07-09,99,Success
PAY-009361,CUST-0508,2024-08-08,99,Success
PAY-009362,CUST-0508,2024-09-07,99,Failed
PAY-009363,CUST-0508,2024-10-07,99,Success
PAY-009364,CUST-0508,2024-11-06,99,Success
PAY-009365,CUST-0508,2024-12-06,99,Success
PAY-009366,CUST-0508,2025-01-05,99,Success
PAY-009367,CUST-0508,2025-02-04,99,Success
PAY-009368,CUST-0508,2025-03-06,99,Success
PAY-009369,CUST-0508,2025-04-05,99,Success
PAY-009370,CUST-0508,2025-05-05,99,Success
PAY-009371,CUST-0508,2025-06-04,99,Success
PAY-009372,CUST-0508,2025-07-04,99,Success
PAY-009373,CUST-0508,2025-08-03,99,Success
PAY-009374,CUST-0508,2025-09-02,99,Success
PAY-009375,CUST-0508,2025-10-02,99,Success
PAY-009376,CUST-0508,2025-11-01,99,Success
PAY-009377,CUST-0508,2025-12-01,99,Failed
PAY-009378,CUST-0508,2025-12-31,99,Success
PAY-009379,CUST-0508,2026-01-30,99,Success
PAY-009380,CUST-0508,2026-03-01,99,Success
PAY-009381,CUST-0508,2026-03-31,99,Success
PAY-009382,CUST-0508,2026-04-30,99,Success
PAY-009383,CUST-0508,2026-05-30,99,Success
PAY-009384,CUST-0508,2026-06-29,99,Success
PAY-009385,CUST-0509,2024-07-28,29,Success
PAY-009386,CUST-0509,2024-08-27,29,Success
PAY-009387,CUST-0509,2024-09-26,29,Success
PAY-009388,CUST-0509,2024-10-26,29,Success
PAY-009389,CUST-0509,2024-11-25,29,Success
PAY-009390,CUST-0509,2024-12-25,29,Success
PAY-009391,CUST-0510,2025-02-08,99,Success
PAY-009392,CUST-0510,2025-03-10,99,Success
PAY-009393,CUST-0510,2025-04-09,99,Success
PAY-009394,CUST-0511,2024-06-17,299,Success
PAY-009395,CUST-0511,2024-07-17,299,Success
PAY-009396,CUST-0511,2024-08-16,299,Success
PAY-009397,CUST-0511,2024-09-15,299,Success
PAY-009398,CUST-0511,2024-10-15,299,Success
PAY-009399,CUST-0511,2024-11-14,299,Success
PAY-009400,CUST-0511,2024-12-14,299,Success
PAY-009401,CUST-0511,2025-01-13,299,Success
PAY-009402,CUST-0511,2025-02-12,299,Success
PAY-009403,CUST-0511,2025-03-14,299,Success
PAY-009404,CUST-0511,2025-04-13,299,Success
PAY-009405,CUST-0512,2024-05-25,29,Success
PAY-009406,CUST-0512,2024-06-24,29,Success
PAY-009407,CUST-0513,2024-06-19,29,Success
PAY-009408,CUST-0513,2024-07-19,29,Success
PAY-009409,CUST-0513,2024-08-18,29,Success
PAY-009410,CUST-0513,2024-09-17,29,Success
PAY-009411,CUST-0513,2024-10-17,29,Success
PAY-009412,CUST-0513,2024-11-16,29,Success
PAY-009413,CUST-0513,2024-12-16,29,Success
PAY-009414,CUST-0513,2025-01-15,29,Success
PAY-009415,CUST-0513,2025-02-14,29,Success
PAY-009416,CUST-0513,2025-03-16,29,Success
PAY-009417,CUST-0513,2025-04-15,29,Success
PAY-009418,CUST-0513,2025-05-15,29,Success
PAY-009419,CUST-0513,2025-06-14,29,Success
PAY-009420,CUST-0513,2025-07-14,29,Failed
PAY-009421,CUST-0513,2025-08-13,29,Success
PAY-009422,CUST-0513,2025-09-12,29,Success
PAY-009423,CUST-0513,2025-10-12,29,Failed
PAY-009424,CUST-0513,2025-11-11,29,Success
PAY-009425,CUST-0513,2025-12-11,29,Failed
PAY-009426,CUST-0513,2026-01-10,29,Success
PAY-009427,CUST-0513,2026-02-09,29,Success
PAY-009428,CUST-0513,2026-03-11,29,Success
PAY-009429,CUST-0513,2026-04-10,29,Success
PAY-009430,CUST-0513,2026-05-10,29,Success
PAY-009431,CUST-0513,2026-06-09,29,Success
PAY-009432,CUST-0514,2025-04-14,299,Success
PAY-009433,CUST-0514,2025-05-14,299,Success
PAY-009434,CUST-0514,2025-06-13,299,Success
PAY-009435,CUST-0514,2025-07-13,299,Success
PAY-009436,CUST-0514,2025-08-12,299,Success
PAY-009437,CUST-0514,2025-09-11,299,Success
PAY-009438,CUST-0514,2025-10-11,299,Success
PAY-009439,CUST-0514,2025-11-10,299,Success
PAY-009440,CUST-0514,2025-12-10,299,Success
PAY-009441,CUST-0514,2026-01-09,299,Success
PAY-009442,CUST-0514,2026-02-08,299,Success
PAY-009443,CUST-0514,2026-03-10,299,Success
PAY-009444,CUST-0514,2026-04-09,299,Success
PAY-009445,CUST-0514,2026-05-09,299,Success
PAY-009446,CUST-0514,2026-06-08,299,Success
PAY-009447,CUST-0515,2025-05-10,299,Success
PAY-009448,CUST-0515,2025-06-09,299,Success
PAY-009449,CUST-0515,2025-07-09,299,Success
PAY-009450,CUST-0515,2025-08-08,299,Success
PAY-009451,CUST-0515,2025-09-07,299,Success
PAY-009452,CUST-0515,2025-10-07,299,Success
PAY-009453,CUST-0515,2025-11-06,299,Success
PAY-009454,CUST-0515,2025-12-06,299,Failed
PAY-009455,CUST-0515,2026-01-05,299,Success
PAY-009456,CUST-0515,2026-02-04,299,Success
PAY-009457,CUST-0515,2026-03-06,299,Success
PAY-009458,CUST-0515,2026-04-05,299,Success
PAY-009459,CUST-0515,2026-05-05,299,Success
PAY-009460,CUST-0515,2026-06-04,299,Success
PAY-009461,CUST-0516,2024-10-31,29,Success
PAY-009462,CUST-0516,2024-11-30,29,Success
PAY-009463,CUST-0516,2024-12-30,29,Failed
PAY-009464,CUST-0516,2025-01-29,29,Success
PAY-009465,CUST-0516,2025-02-28,29,Success
PAY-009466,CUST-0516,2025-03-30,29,Success
PAY-009467,CUST-0516,2025-04-29,29,Success
PAY-009468,CUST-0516,2025-05-29,29,Success
PAY-009469,CUST-0516,2025-06-28,29,Success
PAY-009470,CUST-0516,2025-07-28,29,Success
PAY-009471,CUST-0516,2025-08-27,29,Success
PAY-009472,CUST-0516,2025-09-26,29,Success
PAY-009473,CUST-0516,2025-10-26,29,Success
PAY-009474,CUST-0516,2025-11-25,29,Success
PAY-009475,CUST-0516,2025-12-25,29,Success
PAY-009476,CUST-0516,2026-01-24,29,Success
PAY-009477,CUST-0516,2026-02-23,29,Success
PAY-009478,CUST-0516,2026-03-25,29,Success
PAY-009479,CUST-0516,2026-04-24,29,Success
PAY-009480,CUST-0516,2026-05-24,29,Success
PAY-009481,CUST-0516,2026-06-23,29,Success
PAY-009482,CUST-0517,2024-10-13,99,Success
PAY-009483,CUST-0517,2024-11-12,99,Success
PAY-009484,CUST-0517,2024-12-12,99,Success
PAY-009485,CUST-0517,2025-01-11,99,Success
PAY-009486,CUST-0517,2025-02-10,99,Success
PAY-009487,CUST-0517,2025-03-12,99,Success
PAY-009488,CUST-0517,2025-04-11,99,Success
PAY-009489,CUST-0517,2025-05-11,99,Success
PAY-009490,CUST-0517,2025-06-10,99,Success
PAY-009491,CUST-0517,2025-07-10,99,Success
PAY-009492,CUST-0517,2025-08-09,99,Success
PAY-009493,CUST-0517,2025-09-08,99,Success
PAY-009494,CUST-0517,2025-10-08,99,Success
PAY-009495,CUST-0517,2025-11-07,99,Success
PAY-009496,CUST-0517,2025-12-07,99,Success
PAY-009497,CUST-0517,2026-01-06,99,Success
PAY-009498,CUST-0517,2026-02-05,99,Success
PAY-009499,CUST-0517,2026-03-07,99,Success
PAY-009500,CUST-0517,2026-04-06,99,Success
PAY-009501,CUST-0517,2026-05-06,99,Success
PAY-009502,CUST-0517,2026-06-05,99,Success
PAY-009503,CUST-0518,2025-02-20,99,Success
PAY-009504,CUST-0518,2025-03-22,99,Success
PAY-009505,CUST-0518,2025-04-21,99,Success
PAY-009506,CUST-0518,2025-05-21,99,Success
PAY-009507,CUST-0518,2025-06-20,99,Success
PAY-009508,CUST-0518,2025-07-20,99,Success
PAY-009509,CUST-0518,2025-08-19,99,Success
PAY-009510,CUST-0518,2025-09-18,99,Success
PAY-009511,CUST-0518,2025-10-18,99,Success
PAY-009512,CUST-0518,2025-11-17,99,Success
PAY-009513,CUST-0518,2025-12-17,99,Success
PAY-009514,CUST-0518,2026-01-16,99,Success
PAY-009515,CUST-0518,2026-02-15,99,Success
PAY-009516,CUST-0518,2026-03-17,99,Success
PAY-009517,CUST-0518,2026-04-16,99,Success
PAY-009518,CUST-0518,2026-05-16,99,Success
PAY-009519,CUST-0518,2026-06-15,99,Success
PAY-009520,CUST-0519,2024-11-26,299,Success
PAY-009521,CUST-0519,2024-12-26,299,Success
PAY-009522,CUST-0519,2025-01-25,299,Success
PAY-009523,CUST-0519,2025-02-24,299,Success
PAY-009524,CUST-0519,2025-03-26,299,Success
PAY-009525,CUST-0519,2025-04-25,299,Success
PAY-009526,CUST-0519,2025-05-25,299,Success
PAY-009527,CUST-0519,2025-06-24,299,Success
PAY-009528,CUST-0519,2025-07-24,299,Success
PAY-009529,CUST-0519,2025-08-23,299,Success
PAY-009530,CUST-0519,2025-09-22,299,Success
PAY-009531,CUST-0519,2025-10-22,299,Success
PAY-009532,CUST-0519,2025-11-21,299,Success
PAY-009533,CUST-0519,2025-12-21,299,Success
PAY-009534,CUST-0519,2026-01-20,299,Success
PAY-009535,CUST-0519,2026-02-19,299,Success
PAY-009536,CUST-0519,2026-03-21,299,Success
PAY-009537,CUST-0519,2026-04-20,299,Success
PAY-009538,CUST-0519,2026-05-20,299,Success
PAY-009539,CUST-0519,2026-06-19,299,Success
PAY-009540,CUST-0520,2024-01-10,299,Success
PAY-009541,CUST-0520,2024-02-09,299,Success
PAY-009542,CUST-0520,2024-03-10,299,Success
PAY-009543,CUST-0520,2024-04-09,299,Success
PAY-009544,CUST-0520,2024-05-09,299,Success
PAY-009545,CUST-0520,2024-06-08,299,Success
PAY-009546,CUST-0520,2024-07-08,299,Success
PAY-009547,CUST-0520,2024-08-07,299,Success
PAY-009548,CUST-0520,2024-09-06,299,Success
PAY-009549,CUST-0520,2024-10-06,299,Success
PAY-009550,CUST-0520,2024-11-05,299,Success
PAY-009551,CUST-0520,2024-12-05,299,Failed
PAY-009552,CUST-0520,2025-01-04,299,Success
PAY-009553,CUST-0520,2025-02-03,299,Success
PAY-009554,CUST-0520,2025-03-05,299,Success
PAY-009555,CUST-0520,2025-04-04,299,Success
PAY-009556,CUST-0520,2025-05-04,299,Success
PAY-009557,CUST-0520,2025-06-03,299,Success
PAY-009558,CUST-0520,2025-07-03,299,Success
PAY-009559,CUST-0520,2025-08-02,299,Success
PAY-009560,CUST-0520,2025-09-01,299,Success
PAY-009561,CUST-0520,2025-10-01,299,Success
PAY-009562,CUST-0520,2025-10-31,299,Success
PAY-009563,CUST-0520,2025-11-30,299,Success
PAY-009564,CUST-0520,2025-12-30,299,Failed
PAY-009565,CUST-0520,2026-01-29,299,Success
PAY-009566,CUST-0520,2026-02-28,299,Success
PAY-009567,CUST-0520,2026-03-30,299,Success
PAY-009568,CUST-0520,2026-04-29,299,Success
PAY-009569,CUST-0520,2026-05-29,299,Success
PAY-009570,CUST-0520,2026-06-28,299,Success
PAY-009571,CUST-0521,2024-04-02,299,Success
PAY-009572,CUST-0521,2024-05-02,299,Success
PAY-009573,CUST-0521,2024-06-01,299,Success
PAY-009574,CUST-0521,2024-07-01,299,Success
PAY-009575,CUST-0521,2024-07-31,299,Success
PAY-009576,CUST-0521,2024-08-30,299,Success
PAY-009577,CUST-0521,2024-09-29,299,Success
PAY-009578,CUST-0521,2024-10-29,299,Success
PAY-009579,CUST-0521,2024-11-28,299,Success
PAY-009580,CUST-0521,2024-12-28,299,Success
PAY-009581,CUST-0521,2025-01-27,299,Success
PAY-009582,CUST-0521,2025-02-26,299,Success
PAY-009583,CUST-0521,2025-03-28,299,Success
PAY-009584,CUST-0521,2025-04-27,299,Success
PAY-009585,CUST-0521,2025-05-27,299,Success
PAY-009586,CUST-0521,2025-06-26,299,Success
PAY-009587,CUST-0521,2025-07-26,299,Success
PAY-009588,CUST-0521,2025-08-25,299,Success
PAY-009589,CUST-0521,2025-09-24,299,Success
PAY-009590,CUST-0521,2025-10-24,299,Success
PAY-009591,CUST-0521,2025-11-23,299,Success
PAY-009592,CUST-0521,2025-12-23,299,Success
PAY-009593,CUST-0521,2026-01-22,299,Success
PAY-009594,CUST-0521,2026-02-21,299,Success
PAY-009595,CUST-0521,2026-03-23,299,Success
PAY-009596,CUST-0521,2026-04-22,299,Failed
PAY-009597,CUST-0521,2026-05-22,299,Success
PAY-009598,CUST-0521,2026-06-21,299,Success
PAY-009599,CUST-0522,2025-04-30,299,Success
PAY-009600,CUST-0522,2025-05-30,299,Success
PAY-009601,CUST-0522,2025-06-29,299,Success
PAY-009602,CUST-0522,2025-07-29,299,Success
PAY-009603,CUST-0522,2025-08-28,299,Success
PAY-009604,CUST-0522,2025-09-27,299,Success
PAY-009605,CUST-0522,2025-10-27,299,Success
PAY-009606,CUST-0522,2025-11-26,299,Success
PAY-009607,CUST-0522,2025-12-26,299,Success
PAY-009608,CUST-0522,2026-01-25,299,Success
PAY-009609,CUST-0522,2026-02-24,299,Success
PAY-009610,CUST-0522,2026-03-26,299,Success
PAY-009611,CUST-0522,2026-04-25,299,Success
PAY-009612,CUST-0522,2026-05-25,299,Success
PAY-009613,CUST-0522,2026-06-24,299,Success
PAY-009614,CUST-0523,2024-04-25,29,Success
PAY-009615,CUST-0523,2024-05-25,29,Success
PAY-009616,CUST-0523,2024-06-24,29,Success
PAY-009617,CUST-0523,2024-07-24,29,Success
PAY-009618,CUST-0523,2024-08-23,29,Success
PAY-009619,CUST-0523,2024-09-22,29,Success
PAY-009620,CUST-0523,2024-10-22,29,Success
PAY-009621,CUST-0523,2024-11-21,29,Success
PAY-009622,CUST-0523,2024-12-21,29,Success
PAY-009623,CUST-0523,2025-01-20,29,Success
PAY-009624,CUST-0523,2025-02-19,29,Success
PAY-009625,CUST-0523,2025-03-21,29,Success
PAY-009626,CUST-0524,2024-02-09,29,Success
PAY-009627,CUST-0524,2024-03-10,29,Success
PAY-009628,CUST-0524,2024-04-09,29,Success
PAY-009629,CUST-0524,2024-05-09,29,Success
PAY-009630,CUST-0524,2024-06-08,29,Success
PAY-009631,CUST-0524,2024-07-08,29,Success
PAY-009632,CUST-0524,2024-08-07,29,Success
PAY-009633,CUST-0524,2024-09-06,29,Success
PAY-009634,CUST-0524,2024-10-06,29,Success
PAY-009635,CUST-0524,2024-11-05,29,Failed
PAY-009636,CUST-0524,2024-12-05,29,Success
PAY-009637,CUST-0524,2025-01-04,29,Success
PAY-009638,CUST-0524,2025-02-03,29,Success
PAY-009639,CUST-0524,2025-03-05,29,Success
PAY-009640,CUST-0524,2025-04-04,29,Success
PAY-009641,CUST-0524,2025-05-04,29,Success
PAY-009642,CUST-0524,2025-06-03,29,Success
PAY-009643,CUST-0524,2025-07-03,29,Success
PAY-009644,CUST-0524,2025-08-02,29,Success
PAY-009645,CUST-0524,2025-09-01,29,Success
PAY-009646,CUST-0524,2025-10-01,29,Success
PAY-009647,CUST-0524,2025-10-31,29,Success
PAY-009648,CUST-0524,2025-11-30,29,Success
PAY-009649,CUST-0524,2025-12-30,29,Success
PAY-009650,CUST-0524,2026-01-29,29,Success
PAY-009651,CUST-0524,2026-02-28,29,Success
PAY-009652,CUST-0524,2026-03-30,29,Success
PAY-009653,CUST-0524,2026-04-29,29,Success
PAY-009654,CUST-0524,2026-05-29,29,Success
PAY-009655,CUST-0524,2026-06-28,29,Success
PAY-009656,CUST-0525,2024-09-16,99,Success
PAY-009657,CUST-0525,2024-10-16,99,Success
PAY-009658,CUST-0525,2024-11-15,99,Success
PAY-009659,CUST-0525,2024-12-15,99,Success
PAY-009660,CUST-0525,2025-01-14,99,Success
PAY-009661,CUST-0525,2025-02-13,99,Success
PAY-009662,CUST-0525,2025-03-15,99,Success
PAY-009663,CUST-0525,2025-04-14,99,Success
PAY-009664,CUST-0525,2025-05-14,99,Success
PAY-009665,CUST-0525,2025-06-13,99,Success
PAY-009666,CUST-0526,2025-03-24,99,Success
PAY-009667,CUST-0526,2025-04-23,99,Success
PAY-009668,CUST-0526,2025-05-23,99,Success
PAY-009669,CUST-0526,2025-06-22,99,Success
PAY-009670,CUST-0526,2025-07-22,99,Failed
PAY-009671,CUST-0526,2025-08-21,99,Success
PAY-009672,CUST-0526,2025-09-20,99,Success
PAY-009673,CUST-0526,2025-10-20,99,Success
PAY-009674,CUST-0526,2025-11-19,99,Success
PAY-009675,CUST-0526,2025-12-19,99,Success
PAY-009676,CUST-0526,2026-01-18,99,Success
PAY-009677,CUST-0526,2026-02-17,99,Success
PAY-009678,CUST-0526,2026-03-19,99,Success
PAY-009679,CUST-0526,2026-04-18,99,Success
PAY-009680,CUST-0526,2026-05-18,99,Success
PAY-009681,CUST-0526,2026-06-17,99,Success
PAY-009682,CUST-0527,2024-03-19,29,Success
PAY-009683,CUST-0527,2024-04-18,29,Success
PAY-009684,CUST-0527,2024-05-18,29,Failed
PAY-009685,CUST-0527,2024-06-17,29,Success
PAY-009686,CUST-0527,2024-07-17,29,Success
PAY-009687,CUST-0527,2024-08-16,29,Success
PAY-009688,CUST-0528,2025-03-01,99,Failed
PAY-009689,CUST-0528,2025-03-31,99,Success
PAY-009690,CUST-0528,2025-04-30,99,Success
PAY-009691,CUST-0528,2025-05-30,99,Success
PAY-009692,CUST-0528,2025-06-29,99,Success
PAY-009693,CUST-0528,2025-07-29,99,Success
PAY-009694,CUST-0528,2025-08-28,99,Success
PAY-009695,CUST-0528,2025-09-27,99,Success
PAY-009696,CUST-0528,2025-10-27,99,Success
PAY-009697,CUST-0528,2025-11-26,99,Success
PAY-009698,CUST-0528,2025-12-26,99,Success
PAY-009699,CUST-0528,2026-01-25,99,Success
PAY-009700,CUST-0528,2026-02-24,99,Success
PAY-009701,CUST-0528,2026-03-26,99,Success
PAY-009702,CUST-0528,2026-04-25,99,Success
PAY-009703,CUST-0528,2026-05-25,99,Success
PAY-009704,CUST-0528,2026-06-24,99,Success
PAY-009705,CUST-0529,2024-01-23,299,Success
PAY-009706,CUST-0529,2024-02-22,299,Success
PAY-009707,CUST-0529,2024-03-23,299,Success
PAY-009708,CUST-0529,2024-04-22,299,Success
PAY-009709,CUST-0529,2024-05-22,299,Success
PAY-009710,CUST-0529,2024-06-21,299,Success
PAY-009711,CUST-0529,2024-07-21,299,Success
PAY-009712,CUST-0529,2024-08-20,299,Success
PAY-009713,CUST-0529,2024-09-19,299,Success
PAY-009714,CUST-0529,2024-10-19,299,Success
PAY-009715,CUST-0530,2024-12-12,29,Success
PAY-009716,CUST-0530,2025-01-11,29,Success
PAY-009717,CUST-0530,2025-02-10,29,Success
PAY-009718,CUST-0530,2025-03-12,29,Success
PAY-009719,CUST-0530,2025-04-11,29,Success
PAY-009720,CUST-0530,2025-05-11,29,Success
PAY-009721,CUST-0530,2025-06-10,29,Success
PAY-009722,CUST-0530,2025-07-10,29,Success
PAY-009723,CUST-0530,2025-08-09,29,Success
PAY-009724,CUST-0530,2025-09-08,29,Success
PAY-009725,CUST-0530,2025-10-08,29,Success
PAY-009726,CUST-0530,2025-11-07,29,Success
PAY-009727,CUST-0530,2025-12-07,29,Success
PAY-009728,CUST-0530,2026-01-06,29,Success
PAY-009729,CUST-0530,2026-02-05,29,Success
PAY-009730,CUST-0530,2026-03-07,29,Success
PAY-009731,CUST-0530,2026-04-06,29,Success
PAY-009732,CUST-0530,2026-05-06,29,Success
PAY-009733,CUST-0530,2026-06-05,29,Success
PAY-009734,CUST-0531,2024-11-08,29,Success
PAY-009735,CUST-0531,2024-12-08,29,Success
PAY-009736,CUST-0531,2025-01-07,29,Success
PAY-009737,CUST-0531,2025-02-06,29,Success
PAY-009738,CUST-0531,2025-03-08,29,Success
PAY-009739,CUST-0531,2025-04-07,29,Success
PAY-009740,CUST-0531,2025-05-07,29,Success
PAY-009741,CUST-0531,2025-06-06,29,Success
PAY-009742,CUST-0531,2025-07-06,29,Success
PAY-009743,CUST-0531,2025-08-05,29,Success
PAY-009744,CUST-0531,2025-09-04,29,Success
PAY-009745,CUST-0531,2025-10-04,29,Success
PAY-009746,CUST-0531,2025-11-03,29,Success
PAY-009747,CUST-0531,2025-12-03,29,Success
PAY-009748,CUST-0531,2026-01-02,29,Success
PAY-009749,CUST-0531,2026-02-01,29,Success
PAY-009750,CUST-0531,2026-03-03,29,Success
PAY-009751,CUST-0531,2026-04-02,29,Success
PAY-009752,CUST-0531,2026-05-02,29,Success
PAY-009753,CUST-0531,2026-06-01,29,Success
PAY-009754,CUST-0532,2024-04-29,99,Success
PAY-009755,CUST-0532,2024-05-29,99,Success
PAY-009756,CUST-0532,2024-06-28,99,Success
PAY-009757,CUST-0532,2024-07-28,99,Success
PAY-009758,CUST-0532,2024-08-27,99,Success
PAY-009759,CUST-0532,2024-09-26,99,Success
PAY-009760,CUST-0532,2024-10-26,99,Success
PAY-009761,CUST-0532,2024-11-25,99,Success
PAY-009762,CUST-0532,2024-12-25,99,Success
PAY-009763,CUST-0532,2025-01-24,99,Success
PAY-009764,CUST-0532,2025-02-23,99,Success
PAY-009765,CUST-0532,2025-03-25,99,Success
PAY-009766,CUST-0532,2025-04-24,99,Success
PAY-009767,CUST-0532,2025-05-24,99,Success
PAY-009768,CUST-0532,2025-06-23,99,Success
PAY-009769,CUST-0532,2025-07-23,99,Success
PAY-009770,CUST-0532,2025-08-22,99,Success
PAY-009771,CUST-0532,2025-09-21,99,Success
PAY-009772,CUST-0532,2025-10-21,99,Success
PAY-009773,CUST-0532,2025-11-20,99,Success
PAY-009774,CUST-0532,2025-12-20,99,Success
PAY-009775,CUST-0532,2026-01-19,99,Success
PAY-009776,CUST-0532,2026-02-18,99,Success
PAY-009777,CUST-0532,2026-03-20,99,Success
PAY-009778,CUST-0532,2026-04-19,99,Success
PAY-009779,CUST-0532,2026-05-19,99,Success
PAY-009780,CUST-0532,2026-06-18,99,Success
PAY-009781,CUST-0533,2025-05-09,99,Success
PAY-009782,CUST-0533,2025-06-08,99,Success
PAY-009783,CUST-0533,2025-07-08,99,Success
PAY-009784,CUST-0533,2025-08-07,99,Success
PAY-009785,CUST-0533,2025-09-06,99,Success
PAY-009786,CUST-0533,2025-10-06,99,Success
PAY-009787,CUST-0533,2025-11-05,99,Success
PAY-009788,CUST-0533,2025-12-05,99,Success
PAY-009789,CUST-0533,2026-01-04,99,Success
PAY-009790,CUST-0533,2026-02-03,99,Success
PAY-009791,CUST-0533,2026-03-05,99,Success
PAY-009792,CUST-0533,2026-04-04,99,Success
PAY-009793,CUST-0534,2024-07-07,29,Success
PAY-009794,CUST-0534,2024-08-06,29,Success
PAY-009795,CUST-0534,2024-09-05,29,Success
PAY-009796,CUST-0534,2024-10-05,29,Success
PAY-009797,CUST-0534,2024-11-04,29,Success
PAY-009798,CUST-0534,2024-12-04,29,Success
PAY-009799,CUST-0534,2025-01-03,29,Success
PAY-009800,CUST-0534,2025-02-02,29,Success
PAY-009801,CUST-0534,2025-03-04,29,Success
PAY-009802,CUST-0534,2025-04-03,29,Success
PAY-009803,CUST-0534,2025-05-03,29,Success
PAY-009804,CUST-0534,2025-06-02,29,Success
PAY-009805,CUST-0534,2025-07-02,29,Failed
PAY-009806,CUST-0534,2025-08-01,29,Success
PAY-009807,CUST-0534,2025-08-31,29,Success
PAY-009808,CUST-0534,2025-09-30,29,Success
PAY-009809,CUST-0534,2025-10-30,29,Success
PAY-009810,CUST-0534,2025-11-29,29,Success
PAY-009811,CUST-0534,2025-12-29,29,Success
PAY-009812,CUST-0534,2026-01-28,29,Success
PAY-009813,CUST-0534,2026-02-27,29,Success
PAY-009814,CUST-0534,2026-03-29,29,Success
PAY-009815,CUST-0534,2026-04-28,29,Success
PAY-009816,CUST-0534,2026-05-28,29,Success
PAY-009817,CUST-0534,2026-06-27,29,Success
PAY-009818,CUST-0535,2025-01-28,99,Success
PAY-009819,CUST-0535,2025-02-27,99,Success
PAY-009820,CUST-0535,2025-03-29,99,Success
PAY-009821,CUST-0535,2025-04-28,99,Success
PAY-009822,CUST-0535,2025-05-28,99,Success
PAY-009823,CUST-0535,2025-06-27,99,Success
PAY-009824,CUST-0535,2025-07-27,99,Success
PAY-009825,CUST-0535,2025-08-26,99,Success
PAY-009826,CUST-0535,2025-09-25,99,Success
PAY-009827,CUST-0535,2025-10-25,99,Success
PAY-009828,CUST-0535,2025-11-24,99,Success
PAY-009829,CUST-0535,2025-12-24,99,Success
PAY-009830,CUST-0535,2026-01-23,99,Success
PAY-009831,CUST-0535,2026-02-22,99,Success
PAY-009832,CUST-0535,2026-03-24,99,Success
PAY-009833,CUST-0535,2026-04-23,99,Success
PAY-009834,CUST-0535,2026-05-23,99,Failed
PAY-009835,CUST-0535,2026-06-22,99,Success
PAY-009836,CUST-0536,2024-09-14,99,Success
PAY-009837,CUST-0536,2024-10-14,99,Success
PAY-009838,CUST-0536,2024-11-13,99,Success
PAY-009839,CUST-0536,2024-12-13,99,Success
PAY-009840,CUST-0536,2025-01-12,99,Success
PAY-009841,CUST-0536,2025-02-11,99,Success
PAY-009842,CUST-0536,2025-03-13,99,Success
PAY-009843,CUST-0536,2025-04-12,99,Success
PAY-009844,CUST-0536,2025-05-12,99,Success
PAY-009845,CUST-0536,2025-06-11,99,Success
PAY-009846,CUST-0536,2025-07-11,99,Success
PAY-009847,CUST-0536,2025-08-10,99,Success
PAY-009848,CUST-0536,2025-09-09,99,Success
PAY-009849,CUST-0536,2025-10-09,99,Success
PAY-009850,CUST-0536,2025-11-08,99,Success
PAY-009851,CUST-0536,2025-12-08,99,Success
PAY-009852,CUST-0536,2026-01-07,99,Success
PAY-009853,CUST-0536,2026-02-06,99,Success
PAY-009854,CUST-0536,2026-03-08,99,Success
PAY-009855,CUST-0536,2026-04-07,99,Success
PAY-009856,CUST-0536,2026-05-07,99,Success
PAY-009857,CUST-0536,2026-06-06,99,Success
PAY-009858,CUST-0537,2025-02-22,99,Success
PAY-009859,CUST-0537,2025-03-24,99,Success
PAY-009860,CUST-0537,2025-04-23,99,Success
PAY-009861,CUST-0537,2025-05-23,99,Success
PAY-009862,CUST-0537,2025-06-22,99,Failed
PAY-009863,CUST-0537,2025-07-22,99,Success
PAY-009864,CUST-0537,2025-08-21,99,Success
PAY-009865,CUST-0537,2025-09-20,99,Success
PAY-009866,CUST-0537,2025-10-20,99,Success
PAY-009867,CUST-0538,2025-03-22,29,Success
PAY-009868,CUST-0538,2025-04-21,29,Success
PAY-009869,CUST-0538,2025-05-21,29,Success
PAY-009870,CUST-0539,2024-11-24,299,Success
PAY-009871,CUST-0539,2024-12-24,299,Failed
PAY-009872,CUST-0539,2025-01-23,299,Success
PAY-009873,CUST-0539,2025-02-22,299,Success
PAY-009874,CUST-0539,2025-03-24,299,Success
PAY-009875,CUST-0539,2025-04-23,299,Success
PAY-009876,CUST-0539,2025-05-23,299,Success
PAY-009877,CUST-0539,2025-06-22,299,Success
PAY-009878,CUST-0539,2025-07-22,299,Failed
PAY-009879,CUST-0539,2025-08-21,299,Success
PAY-009880,CUST-0539,2025-09-20,299,Success
PAY-009881,CUST-0539,2025-10-20,299,Success
PAY-009882,CUST-0539,2025-11-19,299,Success
PAY-009883,CUST-0539,2025-12-19,299,Success
PAY-009884,CUST-0539,2026-01-18,299,Success
PAY-009885,CUST-0539,2026-02-17,299,Success
PAY-009886,CUST-0539,2026-03-19,299,Success
PAY-009887,CUST-0539,2026-04-18,299,Success
PAY-009888,CUST-0539,2026-05-18,299,Success
PAY-009889,CUST-0539,2026-06-17,299,Success
PAY-009890,CUST-0540,2024-10-10,29,Success
PAY-009891,CUST-0540,2024-11-09,29,Success
PAY-009892,CUST-0540,2024-12-09,29,Success
PAY-009893,CUST-0540,2025-01-08,29,Success
PAY-009894,CUST-0540,2025-02-07,29,Success
PAY-009895,CUST-0540,2025-03-09,29,Success
PAY-009896,CUST-0540,2025-04-08,29,Success
PAY-009897,CUST-0540,2025-05-08,29,Success
PAY-009898,CUST-0540,2025-06-07,29,Success
PAY-009899,CUST-0540,2025-07-07,29,Success
PAY-009900,CUST-0540,2025-08-06,29,Failed
PAY-009901,CUST-0540,2025-09-05,29,Success
PAY-009902,CUST-0540,2025-10-05,29,Success
PAY-009903,CUST-0540,2025-11-04,29,Failed
PAY-009904,CUST-0540,2025-12-04,29,Success
PAY-009905,CUST-0540,2026-01-03,29,Success
PAY-009906,CUST-0540,2026-02-02,29,Success
PAY-009907,CUST-0540,2026-03-04,29,Success
PAY-009908,CUST-0540,2026-04-03,29,Success
PAY-009909,CUST-0540,2026-05-03,29,Success
PAY-009910,CUST-0540,2026-06-02,29,Success
PAY-009911,CUST-0541,2024-05-25,29,Success
PAY-009912,CUST-0541,2024-06-24,29,Success
PAY-009913,CUST-0541,2024-07-24,29,Success
PAY-009914,CUST-0541,2024-08-23,29,Success
PAY-009915,CUST-0541,2024-09-22,29,Success
PAY-009916,CUST-0542,2024-05-19,299,Success
PAY-009917,CUST-0542,2024-06-18,299,Success
PAY-009918,CUST-0542,2024-07-18,299,Success
PAY-009919,CUST-0542,2024-08-17,299,Success
PAY-009920,CUST-0542,2024-09-16,299,Success
PAY-009921,CUST-0542,2024-10-16,299,Success
PAY-009922,CUST-0542,2024-11-15,299,Success
PAY-009923,CUST-0542,2024-12-15,299,Success
PAY-009924,CUST-0542,2025-01-14,299,Success
PAY-009925,CUST-0542,2025-02-13,299,Success
PAY-009926,CUST-0542,2025-03-15,299,Success
PAY-009927,CUST-0542,2025-04-14,299,Success
PAY-009928,CUST-0542,2025-05-14,299,Success
PAY-009929,CUST-0542,2025-06-13,299,Success
PAY-009930,CUST-0542,2025-07-13,299,Success
PAY-009931,CUST-0542,2025-08-12,299,Success
PAY-009932,CUST-0542,2025-09-11,299,Success
PAY-009933,CUST-0542,2025-10-11,299,Success
PAY-009934,CUST-0542,2025-11-10,299,Success
PAY-009935,CUST-0542,2025-12-10,299,Success
PAY-009936,CUST-0542,2026-01-09,299,Success
PAY-009937,CUST-0542,2026-02-08,299,Success
PAY-009938,CUST-0542,2026-03-10,299,Success
PAY-009939,CUST-0542,2026-04-09,299,Success
PAY-009940,CUST-0542,2026-05-09,299,Success
PAY-009941,CUST-0542,2026-06-08,299,Success
PAY-009942,CUST-0543,2025-03-01,299,Success
PAY-009943,CUST-0543,2025-03-31,299,Success
PAY-009944,CUST-0543,2025-04-30,299,Success
PAY-009945,CUST-0543,2025-05-30,299,Success
PAY-009946,CUST-0543,2025-06-29,299,Success
PAY-009947,CUST-0544,2025-04-29,99,Success
PAY-009948,CUST-0544,2025-05-29,99,Success
PAY-009949,CUST-0544,2025-06-28,99,Success
PAY-009950,CUST-0544,2025-07-28,99,Success
PAY-009951,CUST-0544,2025-08-27,99,Success
PAY-009952,CUST-0544,2025-09-26,99,Success
PAY-009953,CUST-0544,2025-10-26,99,Success
PAY-009954,CUST-0544,2025-11-25,99,Success
PAY-009955,CUST-0544,2025-12-25,99,Success
PAY-009956,CUST-0544,2026-01-24,99,Success
PAY-009957,CUST-0544,2026-02-23,99,Success
PAY-009958,CUST-0544,2026-03-25,99,Success
PAY-009959,CUST-0544,2026-04-24,99,Success
PAY-009960,CUST-0544,2026-05-24,99,Success
PAY-009961,CUST-0544,2026-06-23,99,Success
PAY-009962,CUST-0545,2025-03-28,99,Success
PAY-009963,CUST-0545,2025-04-27,99,Success
PAY-009964,CUST-0545,2025-05-27,99,Success
PAY-009965,CUST-0545,2025-06-26,99,Success
PAY-009966,CUST-0545,2025-07-26,99,Success
PAY-009967,CUST-0545,2025-08-25,99,Success
PAY-009968,CUST-0545,2025-09-24,99,Success
PAY-009969,CUST-0545,2025-10-24,99,Success
PAY-009970,CUST-0545,2025-11-23,99,Success
PAY-009971,CUST-0545,2025-12-23,99,Success
PAY-009972,CUST-0545,2026-01-22,99,Success
PAY-009973,CUST-0546,2024-07-31,29,Success
PAY-009974,CUST-0546,2024-08-30,29,Success
PAY-009975,CUST-0546,2024-09-29,29,Success
PAY-009976,CUST-0546,2024-10-29,29,Success
PAY-009977,CUST-0546,2024-11-28,29,Success
PAY-009978,CUST-0546,2024-12-28,29,Success
PAY-009979,CUST-0546,2025-01-27,29,Success
PAY-009980,CUST-0546,2025-02-26,29,Success
PAY-009981,CUST-0546,2025-03-28,29,Success
PAY-009982,CUST-0546,2025-04-27,29,Success
PAY-009983,CUST-0546,2025-05-27,29,Success
PAY-009984,CUST-0546,2025-06-26,29,Success
PAY-009985,CUST-0546,2025-07-26,29,Success
PAY-009986,CUST-0546,2025-08-25,29,Success
PAY-009987,CUST-0546,2025-09-24,29,Success
PAY-009988,CUST-0546,2025-10-24,29,Success
PAY-009989,CUST-0546,2025-11-23,29,Success
PAY-009990,CUST-0546,2025-12-23,29,Success
PAY-009991,CUST-0546,2026-01-22,29,Success
PAY-009992,CUST-0546,2026-02-21,29,Success
PAY-009993,CUST-0546,2026-03-23,29,Success
PAY-009994,CUST-0546,2026-04-22,29,Success
PAY-009995,CUST-0546,2026-05-22,29,Success
PAY-009996,CUST-0546,2026-06-21,29,Success
PAY-009997,CUST-0547,2024-09-14,29,Success
PAY-009998,CUST-0547,2024-10-14,29,Success
PAY-009999,CUST-0547,2024-11-13,29,Failed
PAY-010000,CUST-0547,2024-12-13,29,Success
PAY-010001,CUST-0547,2025-01-12,29,Success
PAY-010002,CUST-0547,2025-02-11,29,Success
PAY-010003,CUST-0547,2025-03-13,29,Success
PAY-010004,CUST-0547,2025-04-12,29,Success
PAY-010005,CUST-0547,2025-05-12,29,Success
PAY-010006,CUST-0547,2025-06-11,29,Success
PAY-010007,CUST-0547,2025-07-11,29,Success
PAY-010008,CUST-0547,2025-08-10,29,Success
PAY-010009,CUST-0547,2025-09-09,29,Failed
PAY-010010,CUST-0547,2025-10-09,29,Success
PAY-010011,CUST-0547,2025-11-08,29,Success
PAY-010012,CUST-0547,2025-12-08,29,Success
PAY-010013,CUST-0547,2026-01-07,29,Success
PAY-010014,CUST-0547,2026-02-06,29,Success
PAY-010015,CUST-0547,2026-03-08,29,Success
PAY-010016,CUST-0547,2026-04-07,29,Success
PAY-010017,CUST-0547,2026-05-07,29,Success
PAY-010018,CUST-0547,2026-06-06,29,Success
PAY-010019,CUST-0548,2024-07-16,299,Success
PAY-010020,CUST-0548,2024-08-15,299,Success
PAY-010021,CUST-0548,2024-09-14,299,Success
PAY-010022,CUST-0548,2024-10-14,299,Success
PAY-010023,CUST-0548,2024-11-13,299,Success
PAY-010024,CUST-0548,2024-12-13,299,Success
PAY-010025,CUST-0548,2025-01-12,299,Success
PAY-010026,CUST-0548,2025-02-11,299,Success
PAY-010027,CUST-0548,2025-03-13,299,Success
PAY-010028,CUST-0548,2025-04-12,299,Success
PAY-010029,CUST-0548,2025-05-12,299,Success
PAY-010030,CUST-0548,2025-06-11,299,Success
PAY-010031,CUST-0548,2025-07-11,299,Success
PAY-010032,CUST-0548,2025-08-10,299,Success
PAY-010033,CUST-0548,2025-09-09,299,Success
PAY-010034,CUST-0548,2025-10-09,299,Success
PAY-010035,CUST-0548,2025-11-08,299,Success
PAY-010036,CUST-0548,2025-12-08,299,Success
PAY-010037,CUST-0548,2026-01-07,299,Success
PAY-010038,CUST-0548,2026-02-06,299,Success
PAY-010039,CUST-0548,2026-03-08,299,Success
PAY-010040,CUST-0548,2026-04-07,299,Success
PAY-010041,CUST-0548,2026-05-07,299,Failed
PAY-010042,CUST-0548,2026-06-06,299,Success
PAY-010043,CUST-0549,2024-04-24,99,Success
PAY-010044,CUST-0549,2024-05-24,99,Success
PAY-010045,CUST-0549,2024-06-23,99,Success
PAY-010046,CUST-0549,2024-07-23,99,Success
PAY-010047,CUST-0549,2024-08-22,99,Success
PAY-010048,CUST-0549,2024-09-21,99,Success
PAY-010049,CUST-0549,2024-10-21,99,Success
PAY-010050,CUST-0549,2024-11-20,99,Success
PAY-010051,CUST-0550,2025-04-21,99,Success
PAY-010052,CUST-0550,2025-05-21,99,Success
PAY-010053,CUST-0550,2025-06-20,99,Success
PAY-010054,CUST-0550,2025-07-20,99,Success
PAY-010055,CUST-0550,2025-08-19,99,Success
PAY-010056,CUST-0550,2025-09-18,99,Success
PAY-010057,CUST-0550,2025-10-18,99,Success
PAY-010058,CUST-0550,2025-11-17,99,Success
PAY-010059,CUST-0550,2025-12-17,99,Success
PAY-010060,CUST-0550,2026-01-16,99,Success
PAY-010061,CUST-0550,2026-02-15,99,Success
PAY-010062,CUST-0550,2026-03-17,99,Success
PAY-010063,CUST-0550,2026-04-16,99,Success
PAY-010064,CUST-0550,2026-05-16,99,Success
PAY-010065,CUST-0550,2026-06-15,99,Success
PAY-010066,CUST-0551,2025-02-09,99,Success
PAY-010067,CUST-0551,2025-03-11,99,Success
PAY-010068,CUST-0551,2025-04-10,99,Failed
PAY-010069,CUST-0551,2025-05-10,99,Success
PAY-010070,CUST-0551,2025-06-09,99,Success
PAY-010071,CUST-0551,2025-07-09,99,Success
PAY-010072,CUST-0551,2025-08-08,99,Success
PAY-010073,CUST-0551,2025-09-07,99,Success
PAY-010074,CUST-0551,2025-10-07,99,Success
PAY-010075,CUST-0551,2025-11-06,99,Success
PAY-010076,CUST-0551,2025-12-06,99,Success
PAY-010077,CUST-0551,2026-01-05,99,Success
PAY-010078,CUST-0551,2026-02-04,99,Success
PAY-010079,CUST-0551,2026-03-06,99,Success
PAY-010080,CUST-0551,2026-04-05,99,Success
PAY-010081,CUST-0551,2026-05-05,99,Success
PAY-010082,CUST-0551,2026-06-04,99,Success
PAY-010083,CUST-0552,2024-01-20,29,Success
PAY-010084,CUST-0552,2024-02-19,29,Success
PAY-010085,CUST-0552,2024-03-20,29,Success
PAY-010086,CUST-0552,2024-04-19,29,Success
PAY-010087,CUST-0552,2024-05-19,29,Success
PAY-010088,CUST-0552,2024-06-18,29,Success
PAY-010089,CUST-0552,2024-07-18,29,Success
PAY-010090,CUST-0552,2024-08-17,29,Success
PAY-010091,CUST-0552,2024-09-16,29,Success
PAY-010092,CUST-0552,2024-10-16,29,Success
PAY-010093,CUST-0552,2024-11-15,29,Success
PAY-010094,CUST-0552,2024-12-15,29,Success
PAY-010095,CUST-0552,2025-01-14,29,Success
PAY-010096,CUST-0552,2025-02-13,29,Success
PAY-010097,CUST-0552,2025-03-15,29,Success
PAY-010098,CUST-0552,2025-04-14,29,Success
PAY-010099,CUST-0552,2025-05-14,29,Success
PAY-010100,CUST-0552,2025-06-13,29,Success
PAY-010101,CUST-0552,2025-07-13,29,Success
PAY-010102,CUST-0552,2025-08-12,29,Success
PAY-010103,CUST-0552,2025-09-11,29,Success
PAY-010104,CUST-0552,2025-10-11,29,Success
PAY-010105,CUST-0552,2025-11-10,29,Success
PAY-010106,CUST-0552,2025-12-10,29,Success
PAY-010107,CUST-0552,2026-01-09,29,Failed
PAY-010108,CUST-0552,2026-02-08,29,Success
PAY-010109,CUST-0552,2026-03-10,29,Success
PAY-010110,CUST-0552,2026-04-09,29,Success
PAY-010111,CUST-0552,2026-05-09,29,Success
PAY-010112,CUST-0552,2026-06-08,29,Success
PAY-010113,CUST-0553,2024-12-22,29,Success
PAY-010114,CUST-0553,2025-01-21,29,Success
PAY-010115,CUST-0553,2025-02-20,29,Success
PAY-010116,CUST-0553,2025-03-22,29,Success
PAY-010117,CUST-0553,2025-04-21,29,Success
PAY-010118,CUST-0553,2025-05-21,29,Success
PAY-010119,CUST-0553,2025-06-20,29,Success
PAY-010120,CUST-0553,2025-07-20,29,Success
PAY-010121,CUST-0553,2025-08-19,29,Success
PAY-010122,CUST-0553,2025-09-18,29,Success
PAY-010123,CUST-0553,2025-10-18,29,Success
PAY-010124,CUST-0553,2025-11-17,29,Success
PAY-010125,CUST-0553,2025-12-17,29,Success
PAY-010126,CUST-0553,2026-01-16,29,Success
PAY-010127,CUST-0553,2026-02-15,29,Success
PAY-010128,CUST-0553,2026-03-17,29,Success
PAY-010129,CUST-0553,2026-04-16,29,Success
PAY-010130,CUST-0553,2026-05-16,29,Success
PAY-010131,CUST-0553,2026-06-15,29,Success
PAY-010132,CUST-0554,2024-08-17,99,Success
PAY-010133,CUST-0554,2024-09-16,99,Success
PAY-010134,CUST-0554,2024-10-16,99,Success
PAY-010135,CUST-0554,2024-11-15,99,Success
PAY-010136,CUST-0554,2024-12-15,99,Success
PAY-010137,CUST-0554,2025-01-14,99,Success
PAY-010138,CUST-0554,2025-02-13,99,Success
PAY-010139,CUST-0554,2025-03-15,99,Success
PAY-010140,CUST-0554,2025-04-14,99,Success
PAY-010141,CUST-0554,2025-05-14,99,Success
PAY-010142,CUST-0554,2025-06-13,99,Success
PAY-010143,CUST-0554,2025-07-13,99,Success
PAY-010144,CUST-0554,2025-08-12,99,Success
PAY-010145,CUST-0554,2025-09-11,99,Success
PAY-010146,CUST-0554,2025-10-11,99,Success
PAY-010147,CUST-0554,2025-11-10,99,Success
PAY-010148,CUST-0554,2025-12-10,99,Success
PAY-010149,CUST-0554,2026-01-09,99,Success
PAY-010150,CUST-0554,2026-02-08,99,Success
PAY-010151,CUST-0554,2026-03-10,99,Success
PAY-010152,CUST-0554,2026-04-09,99,Success
PAY-010153,CUST-0554,2026-05-09,99,Success
PAY-010154,CUST-0554,2026-06-08,99,Success
PAY-010155,CUST-0555,2024-01-10,29,Success
PAY-010156,CUST-0555,2024-02-09,29,Success
PAY-010157,CUST-0555,2024-03-10,29,Success
PAY-010158,CUST-0555,2024-04-09,29,Success
PAY-010159,CUST-0555,2024-05-09,29,Success
PAY-010160,CUST-0555,2024-06-08,29,Success
PAY-010161,CUST-0555,2024-07-08,29,Success
PAY-010162,CUST-0555,2024-08-07,29,Success
PAY-010163,CUST-0555,2024-09-06,29,Success
PAY-010164,CUST-0555,2024-10-06,29,Success
PAY-010165,CUST-0555,2024-11-05,29,Success
PAY-010166,CUST-0555,2024-12-05,29,Success
PAY-010167,CUST-0555,2025-01-04,29,Success
PAY-010168,CUST-0555,2025-02-03,29,Success
PAY-010169,CUST-0555,2025-03-05,29,Success
PAY-010170,CUST-0555,2025-04-04,29,Success
PAY-010171,CUST-0555,2025-05-04,29,Success
PAY-010172,CUST-0555,2025-06-03,29,Success
PAY-010173,CUST-0555,2025-07-03,29,Success
PAY-010174,CUST-0555,2025-08-02,29,Success
PAY-010175,CUST-0555,2025-09-01,29,Success
PAY-010176,CUST-0555,2025-10-01,29,Success
PAY-010177,CUST-0555,2025-10-31,29,Success
PAY-010178,CUST-0555,2025-11-30,29,Failed
PAY-010179,CUST-0555,2025-12-30,29,Success
PAY-010180,CUST-0555,2026-01-29,29,Success
PAY-010181,CUST-0555,2026-02-28,29,Success
PAY-010182,CUST-0555,2026-03-30,29,Success
PAY-010183,CUST-0555,2026-04-29,29,Success
PAY-010184,CUST-0555,2026-05-29,29,Success
PAY-010185,CUST-0555,2026-06-28,29,Success
PAY-010186,CUST-0556,2025-03-03,99,Success
PAY-010187,CUST-0556,2025-04-02,99,Success
PAY-010188,CUST-0556,2025-05-02,99,Success
PAY-010189,CUST-0556,2025-06-01,99,Success
PAY-010190,CUST-0556,2025-07-01,99,Success
PAY-010191,CUST-0556,2025-07-31,99,Success
PAY-010192,CUST-0556,2025-08-30,99,Success
PAY-010193,CUST-0556,2025-09-29,99,Success
PAY-010194,CUST-0556,2025-10-29,99,Success
PAY-010195,CUST-0556,2025-11-28,99,Success
PAY-010196,CUST-0556,2025-12-28,99,Success
PAY-010197,CUST-0557,2024-02-26,99,Success
PAY-010198,CUST-0557,2024-03-27,99,Success
PAY-010199,CUST-0557,2024-04-26,99,Success
PAY-010200,CUST-0557,2024-05-26,99,Success
PAY-010201,CUST-0557,2024-06-25,99,Success
PAY-010202,CUST-0557,2024-07-25,99,Success
PAY-010203,CUST-0557,2024-08-24,99,Success
PAY-010204,CUST-0557,2024-09-23,99,Success
PAY-010205,CUST-0557,2024-10-23,99,Success
PAY-010206,CUST-0557,2024-11-22,99,Success
PAY-010207,CUST-0557,2024-12-22,99,Success
PAY-010208,CUST-0557,2025-01-21,99,Success
PAY-010209,CUST-0557,2025-02-20,99,Success
PAY-010210,CUST-0557,2025-03-22,99,Success
PAY-010211,CUST-0557,2025-04-21,99,Success
PAY-010212,CUST-0557,2025-05-21,99,Success
PAY-010213,CUST-0557,2025-06-20,99,Success
PAY-010214,CUST-0557,2025-07-20,99,Success
PAY-010215,CUST-0557,2025-08-19,99,Success
PAY-010216,CUST-0557,2025-09-18,99,Success
PAY-010217,CUST-0557,2025-10-18,99,Success
PAY-010218,CUST-0557,2025-11-17,99,Success
PAY-010219,CUST-0557,2025-12-17,99,Success
PAY-010220,CUST-0557,2026-01-16,99,Success
PAY-010221,CUST-0557,2026-02-15,99,Success
PAY-010222,CUST-0557,2026-03-17,99,Success
PAY-010223,CUST-0557,2026-04-16,99,Success
PAY-010224,CUST-0557,2026-05-16,99,Success
PAY-010225,CUST-0557,2026-06-15,99,Success
PAY-010226,CUST-0558,2024-06-03,99,Success
PAY-010227,CUST-0558,2024-07-03,99,Success
PAY-010228,CUST-0558,2024-08-02,99,Success
PAY-010229,CUST-0558,2024-09-01,99,Success
PAY-010230,CUST-0558,2024-10-01,99,Success
PAY-010231,CUST-0558,2024-10-31,99,Success
PAY-010232,CUST-0558,2024-11-30,99,Success
PAY-010233,CUST-0558,2024-12-30,99,Success
PAY-010234,CUST-0558,2025-01-29,99,Success
PAY-010235,CUST-0558,2025-02-28,99,Success
PAY-010236,CUST-0558,2025-03-30,99,Success
PAY-010237,CUST-0558,2025-04-29,99,Success
PAY-010238,CUST-0558,2025-05-29,99,Success
PAY-010239,CUST-0558,2025-06-28,99,Success
PAY-010240,CUST-0558,2025-07-28,99,Success
PAY-010241,CUST-0558,2025-08-27,99,Success
PAY-010242,CUST-0558,2025-09-26,99,Success
PAY-010243,CUST-0558,2025-10-26,99,Success
PAY-010244,CUST-0558,2025-11-25,99,Success
PAY-010245,CUST-0558,2025-12-25,99,Success
PAY-010246,CUST-0558,2026-01-24,99,Success
PAY-010247,CUST-0558,2026-02-23,99,Success
PAY-010248,CUST-0558,2026-03-25,99,Success
PAY-010249,CUST-0558,2026-04-24,99,Success
PAY-010250,CUST-0558,2026-05-24,99,Failed
PAY-010251,CUST-0558,2026-06-23,99,Success
PAY-010252,CUST-0559,2024-05-02,299,Success
PAY-010253,CUST-0559,2024-06-01,299,Success
PAY-010254,CUST-0559,2024-07-01,299,Success
PAY-010255,CUST-0559,2024-07-31,299,Success
PAY-010256,CUST-0559,2024-08-30,299,Success
PAY-010257,CUST-0559,2024-09-29,299,Success
PAY-010258,CUST-0559,2024-10-29,299,Success
PAY-010259,CUST-0559,2024-11-28,299,Success
PAY-010260,CUST-0559,2024-12-28,299,Success
PAY-010261,CUST-0559,2025-01-27,299,Success
PAY-010262,CUST-0559,2025-02-26,299,Success
PAY-010263,CUST-0559,2025-03-28,299,Success
PAY-010264,CUST-0559,2025-04-27,299,Success
PAY-010265,CUST-0559,2025-05-27,299,Success
PAY-010266,CUST-0559,2025-06-26,299,Success
PAY-010267,CUST-0559,2025-07-26,299,Failed
PAY-010268,CUST-0559,2025-08-25,299,Success
PAY-010269,CUST-0559,2025-09-24,299,Success
PAY-010270,CUST-0559,2025-10-24,299,Success
PAY-010271,CUST-0559,2025-11-23,299,Success
PAY-010272,CUST-0559,2025-12-23,299,Success
PAY-010273,CUST-0559,2026-01-22,299,Success
PAY-010274,CUST-0559,2026-02-21,299,Success
PAY-010275,CUST-0559,2026-03-23,299,Success
PAY-010276,CUST-0559,2026-04-22,299,Success
PAY-010277,CUST-0559,2026-05-22,299,Success
PAY-010278,CUST-0559,2026-06-21,299,Success
PAY-010279,CUST-0560,2024-02-02,99,Success
PAY-010280,CUST-0560,2024-03-03,99,Success
PAY-010281,CUST-0560,2024-04-02,99,Success
PAY-010282,CUST-0560,2024-05-02,99,Success
PAY-010283,CUST-0560,2024-06-01,99,Success
PAY-010284,CUST-0560,2024-07-01,99,Success
PAY-010285,CUST-0560,2024-07-31,99,Success
PAY-010286,CUST-0560,2024-08-30,99,Success
PAY-010287,CUST-0560,2024-09-29,99,Success
PAY-010288,CUST-0560,2024-10-29,99,Success
PAY-010289,CUST-0560,2024-11-28,99,Success
PAY-010290,CUST-0560,2024-12-28,99,Success
PAY-010291,CUST-0560,2025-01-27,99,Success
PAY-010292,CUST-0560,2025-02-26,99,Success
PAY-010293,CUST-0560,2025-03-28,99,Success
PAY-010294,CUST-0560,2025-04-27,99,Success
PAY-010295,CUST-0560,2025-05-27,99,Success
PAY-010296,CUST-0560,2025-06-26,99,Success
PAY-010297,CUST-0560,2025-07-26,99,Success
PAY-010298,CUST-0560,2025-08-25,99,Success
PAY-010299,CUST-0560,2025-09-24,99,Success
PAY-010300,CUST-0560,2025-10-24,99,Success
PAY-010301,CUST-0560,2025-11-23,99,Success
PAY-010302,CUST-0560,2025-12-23,99,Success
PAY-010303,CUST-0560,2026-01-22,99,Success
PAY-010304,CUST-0560,2026-02-21,99,Success
PAY-010305,CUST-0560,2026-03-23,99,Success
PAY-010306,CUST-0560,2026-04-22,99,Success
PAY-010307,CUST-0560,2026-05-22,99,Success
PAY-010308,CUST-0560,2026-06-21,99,Success
PAY-010309,CUST-0561,2024-11-01,29,Success
PAY-010310,CUST-0561,2024-12-01,29,Success
PAY-010311,CUST-0561,2024-12-31,29,Success
PAY-010312,CUST-0561,2025-01-30,29,Success
PAY-010313,CUST-0561,2025-03-01,29,Success
PAY-010314,CUST-0561,2025-03-31,29,Success
PAY-010315,CUST-0561,2025-04-30,29,Success
PAY-010316,CUST-0561,2025-05-30,29,Success
PAY-010317,CUST-0561,2025-06-29,29,Success
PAY-010318,CUST-0561,2025-07-29,29,Success
PAY-010319,CUST-0561,2025-08-28,29,Success
PAY-010320,CUST-0561,2025-09-27,29,Success
PAY-010321,CUST-0561,2025-10-27,29,Success
PAY-010322,CUST-0561,2025-11-26,29,Success
PAY-010323,CUST-0561,2025-12-26,29,Success
PAY-010324,CUST-0561,2026-01-25,29,Success
PAY-010325,CUST-0561,2026-02-24,29,Success
PAY-010326,CUST-0561,2026-03-26,29,Success
PAY-010327,CUST-0561,2026-04-25,29,Success
PAY-010328,CUST-0561,2026-05-25,29,Success
PAY-010329,CUST-0561,2026-06-24,29,Success
PAY-010330,CUST-0562,2025-01-02,29,Success
PAY-010331,CUST-0562,2025-02-01,29,Success
PAY-010332,CUST-0562,2025-03-03,29,Success
PAY-010333,CUST-0562,2025-04-02,29,Success
PAY-010334,CUST-0562,2025-05-02,29,Success
PAY-010335,CUST-0562,2025-06-01,29,Success
PAY-010336,CUST-0562,2025-07-01,29,Success
PAY-010337,CUST-0562,2025-07-31,29,Success
PAY-010338,CUST-0562,2025-08-30,29,Failed
PAY-010339,CUST-0562,2025-09-29,29,Success
PAY-010340,CUST-0562,2025-10-29,29,Success
PAY-010341,CUST-0562,2025-11-28,29,Success
PAY-010342,CUST-0562,2025-12-28,29,Success
PAY-010343,CUST-0562,2026-01-27,29,Success
PAY-010344,CUST-0562,2026-02-26,29,Success
PAY-010345,CUST-0562,2026-03-28,29,Success
PAY-010346,CUST-0562,2026-04-27,29,Success
PAY-010347,CUST-0562,2026-05-27,29,Success
PAY-010348,CUST-0562,2026-06-26,29,Success
PAY-010349,CUST-0563,2024-08-07,299,Success
PAY-010350,CUST-0563,2024-09-06,299,Success
PAY-010351,CUST-0563,2024-10-06,299,Success
PAY-010352,CUST-0563,2024-11-05,299,Success
PAY-010353,CUST-0563,2024-12-05,299,Success
PAY-010354,CUST-0563,2025-01-04,299,Success
PAY-010355,CUST-0563,2025-02-03,299,Failed
PAY-010356,CUST-0563,2025-03-05,299,Success
PAY-010357,CUST-0563,2025-04-04,299,Success
PAY-010358,CUST-0563,2025-05-04,299,Success
PAY-010359,CUST-0563,2025-06-03,299,Success
PAY-010360,CUST-0563,2025-07-03,299,Success
PAY-010361,CUST-0563,2025-08-02,299,Success
PAY-010362,CUST-0563,2025-09-01,299,Success
PAY-010363,CUST-0563,2025-10-01,299,Success
PAY-010364,CUST-0563,2025-10-31,299,Success
PAY-010365,CUST-0563,2025-11-30,299,Success
PAY-010366,CUST-0563,2025-12-30,299,Success
PAY-010367,CUST-0563,2026-01-29,299,Success
PAY-010368,CUST-0563,2026-02-28,299,Success
PAY-010369,CUST-0563,2026-03-30,299,Success
PAY-010370,CUST-0563,2026-04-29,299,Success
PAY-010371,CUST-0563,2026-05-29,299,Success
PAY-010372,CUST-0563,2026-06-28,299,Success
PAY-010373,CUST-0564,2024-05-03,29,Success
PAY-010374,CUST-0564,2024-06-02,29,Success
PAY-010375,CUST-0564,2024-07-02,29,Success
PAY-010376,CUST-0564,2024-08-01,29,Success
PAY-010377,CUST-0564,2024-08-31,29,Success
PAY-010378,CUST-0564,2024-09-30,29,Success
PAY-010379,CUST-0565,2024-12-06,29,Success
PAY-010380,CUST-0565,2025-01-05,29,Success
PAY-010381,CUST-0565,2025-02-04,29,Success
PAY-010382,CUST-0565,2025-03-06,29,Success
PAY-010383,CUST-0565,2025-04-05,29,Success
PAY-010384,CUST-0565,2025-05-05,29,Success
PAY-010385,CUST-0565,2025-06-04,29,Success
PAY-010386,CUST-0565,2025-07-04,29,Success
PAY-010387,CUST-0565,2025-08-03,29,Success
PAY-010388,CUST-0565,2025-09-02,29,Success
PAY-010389,CUST-0565,2025-10-02,29,Success
PAY-010390,CUST-0565,2025-11-01,29,Success
PAY-010391,CUST-0565,2025-12-01,29,Success
PAY-010392,CUST-0565,2025-12-31,29,Success
PAY-010393,CUST-0565,2026-01-30,29,Success
PAY-010394,CUST-0565,2026-03-01,29,Success
PAY-010395,CUST-0565,2026-03-31,29,Success
PAY-010396,CUST-0565,2026-04-30,29,Success
PAY-010397,CUST-0565,2026-05-30,29,Success
PAY-010398,CUST-0565,2026-06-29,29,Success
PAY-010399,CUST-0566,2024-02-04,99,Success
PAY-010400,CUST-0566,2024-03-05,99,Success
PAY-010401,CUST-0566,2024-04-04,99,Success
PAY-010402,CUST-0566,2024-05-04,99,Success
PAY-010403,CUST-0566,2024-06-03,99,Success
PAY-010404,CUST-0566,2024-07-03,99,Success
PAY-010405,CUST-0566,2024-08-02,99,Success
PAY-010406,CUST-0566,2024-09-01,99,Failed
PAY-010407,CUST-0566,2024-10-01,99,Success
PAY-010408,CUST-0566,2024-10-31,99,Success
PAY-010409,CUST-0566,2024-11-30,99,Success
PAY-010410,CUST-0566,2024-12-30,99,Success
PAY-010411,CUST-0566,2025-01-29,99,Success
PAY-010412,CUST-0566,2025-02-28,99,Success
PAY-010413,CUST-0566,2025-03-30,99,Success
PAY-010414,CUST-0566,2025-04-29,99,Success
PAY-010415,CUST-0566,2025-05-29,99,Success
PAY-010416,CUST-0566,2025-06-28,99,Success
PAY-010417,CUST-0566,2025-07-28,99,Success
PAY-010418,CUST-0566,2025-08-27,99,Success
PAY-010419,CUST-0566,2025-09-26,99,Success
PAY-010420,CUST-0566,2025-10-26,99,Success
PAY-010421,CUST-0566,2025-11-25,99,Success
PAY-010422,CUST-0566,2025-12-25,99,Success
PAY-010423,CUST-0566,2026-01-24,99,Success
PAY-010424,CUST-0566,2026-02-23,99,Success
PAY-010425,CUST-0566,2026-03-25,99,Success
PAY-010426,CUST-0566,2026-04-24,99,Success
PAY-010427,CUST-0566,2026-05-24,99,Success
PAY-010428,CUST-0566,2026-06-23,99,Success
PAY-010429,CUST-0567,2025-03-23,29,Success
PAY-010430,CUST-0567,2025-04-22,29,Success
PAY-010431,CUST-0567,2025-05-22,29,Success
PAY-010432,CUST-0567,2025-06-21,29,Success
PAY-010433,CUST-0567,2025-07-21,29,Success
PAY-010434,CUST-0567,2025-08-20,29,Success
PAY-010435,CUST-0567,2025-09-19,29,Success
PAY-010436,CUST-0567,2025-10-19,29,Success
PAY-010437,CUST-0567,2025-11-18,29,Success
PAY-010438,CUST-0567,2025-12-18,29,Success
PAY-010439,CUST-0567,2026-01-17,29,Success
PAY-010440,CUST-0567,2026-02-16,29,Success
PAY-010441,CUST-0567,2026-03-18,29,Success
PAY-010442,CUST-0567,2026-04-17,29,Success
PAY-010443,CUST-0567,2026-05-17,29,Success
PAY-010444,CUST-0567,2026-06-16,29,Success
PAY-010445,CUST-0568,2024-11-21,29,Success
PAY-010446,CUST-0568,2024-12-21,29,Success
PAY-010447,CUST-0568,2025-01-20,29,Success
PAY-010448,CUST-0568,2025-02-19,29,Success
PAY-010449,CUST-0568,2025-03-21,29,Success
PAY-010450,CUST-0568,2025-04-20,29,Success
PAY-010451,CUST-0568,2025-05-20,29,Success
PAY-010452,CUST-0568,2025-06-19,29,Success
PAY-010453,CUST-0568,2025-07-19,29,Success
PAY-010454,CUST-0568,2025-08-18,29,Success
PAY-010455,CUST-0568,2025-09-17,29,Success
PAY-010456,CUST-0568,2025-10-17,29,Success
PAY-010457,CUST-0568,2025-11-16,29,Success
PAY-010458,CUST-0568,2025-12-16,29,Success
PAY-010459,CUST-0568,2026-01-15,29,Success
PAY-010460,CUST-0568,2026-02-14,29,Success
PAY-010461,CUST-0568,2026-03-16,29,Success
PAY-010462,CUST-0568,2026-04-15,29,Success
PAY-010463,CUST-0568,2026-05-15,29,Success
PAY-010464,CUST-0568,2026-06-14,29,Success
PAY-010465,CUST-0569,2024-05-09,99,Success
PAY-010466,CUST-0569,2024-06-08,99,Success
PAY-010467,CUST-0569,2024-07-08,99,Success
PAY-010468,CUST-0569,2024-08-07,99,Success
PAY-010469,CUST-0569,2024-09-06,99,Success
PAY-010470,CUST-0569,2024-10-06,99,Success
PAY-010471,CUST-0569,2024-11-05,99,Success
PAY-010472,CUST-0569,2024-12-05,99,Success
PAY-010473,CUST-0569,2025-01-04,99,Success
PAY-010474,CUST-0569,2025-02-03,99,Success
PAY-010475,CUST-0569,2025-03-05,99,Success
PAY-010476,CUST-0569,2025-04-04,99,Success
PAY-010477,CUST-0569,2025-05-04,99,Success
PAY-010478,CUST-0569,2025-06-03,99,Success
PAY-010479,CUST-0569,2025-07-03,99,Success
PAY-010480,CUST-0569,2025-08-02,99,Success
PAY-010481,CUST-0569,2025-09-01,99,Success
PAY-010482,CUST-0569,2025-10-01,99,Success
PAY-010483,CUST-0569,2025-10-31,99,Success
PAY-010484,CUST-0569,2025-11-30,99,Success
PAY-010485,CUST-0569,2025-12-30,99,Success
PAY-010486,CUST-0569,2026-01-29,99,Success
PAY-010487,CUST-0569,2026-02-28,99,Success
PAY-010488,CUST-0569,2026-03-30,99,Success
PAY-010489,CUST-0569,2026-04-29,99,Success
PAY-010490,CUST-0569,2026-05-29,99,Success
PAY-010491,CUST-0569,2026-06-28,99,Success
PAY-010492,CUST-0570,2025-02-07,99,Success
PAY-010493,CUST-0570,2025-03-09,99,Success
PAY-010494,CUST-0570,2025-04-08,99,Failed
PAY-010495,CUST-0570,2025-05-08,99,Success
PAY-010496,CUST-0570,2025-06-07,99,Success
PAY-010497,CUST-0570,2025-07-07,99,Success
PAY-010498,CUST-0570,2025-08-06,99,Success
PAY-010499,CUST-0570,2025-09-05,99,Success
PAY-010500,CUST-0570,2025-10-05,99,Success
PAY-010501,CUST-0570,2025-11-04,99,Success
PAY-010502,CUST-0570,2025-12-04,99,Failed
PAY-010503,CUST-0570,2026-01-03,99,Success
PAY-010504,CUST-0570,2026-02-02,99,Success
PAY-010505,CUST-0570,2026-03-04,99,Success
PAY-010506,CUST-0570,2026-04-03,99,Success
PAY-010507,CUST-0570,2026-05-03,99,Success
PAY-010508,CUST-0570,2026-06-02,99,Success
PAY-010509,CUST-0571,2024-05-03,29,Success
PAY-010510,CUST-0571,2024-06-02,29,Success
PAY-010511,CUST-0571,2024-07-02,29,Success
PAY-010512,CUST-0571,2024-08-01,29,Success
PAY-010513,CUST-0571,2024-08-31,29,Success
PAY-010514,CUST-0571,2024-09-30,29,Success
PAY-010515,CUST-0571,2024-10-30,29,Success
PAY-010516,CUST-0571,2024-11-29,29,Success
PAY-010517,CUST-0571,2024-12-29,29,Success
PAY-010518,CUST-0571,2025-01-28,29,Success
PAY-010519,CUST-0571,2025-02-27,29,Success
PAY-010520,CUST-0571,2025-03-29,29,Success
PAY-010521,CUST-0572,2024-03-09,99,Success
PAY-010522,CUST-0572,2024-04-08,99,Success
PAY-010523,CUST-0572,2024-05-08,99,Success
PAY-010524,CUST-0573,2024-10-06,29,Success
PAY-010525,CUST-0573,2024-11-05,29,Success
PAY-010526,CUST-0573,2024-12-05,29,Success
PAY-010527,CUST-0573,2025-01-04,29,Success
PAY-010528,CUST-0573,2025-02-03,29,Success
PAY-010529,CUST-0573,2025-03-05,29,Success
PAY-010530,CUST-0573,2025-04-04,29,Success
PAY-010531,CUST-0573,2025-05-04,29,Success
PAY-010532,CUST-0573,2025-06-03,29,Success
PAY-010533,CUST-0573,2025-07-03,29,Success
PAY-010534,CUST-0573,2025-08-02,29,Success
PAY-010535,CUST-0573,2025-09-01,29,Success
PAY-010536,CUST-0574,2025-03-01,29,Success
PAY-010537,CUST-0574,2025-03-31,29,Failed
PAY-010538,CUST-0574,2025-04-30,29,Success
PAY-010539,CUST-0575,2024-11-19,29,Success
PAY-010540,CUST-0575,2024-12-19,29,Success
PAY-010541,CUST-0575,2025-01-18,29,Success
PAY-010542,CUST-0575,2025-02-17,29,Success
PAY-010543,CUST-0575,2025-03-19,29,Success
PAY-010544,CUST-0575,2025-04-18,29,Success
PAY-010545,CUST-0575,2025-05-18,29,Success
PAY-010546,CUST-0575,2025-06-17,29,Success
PAY-010547,CUST-0575,2025-07-17,29,Success
PAY-010548,CUST-0575,2025-08-16,29,Success
PAY-010549,CUST-0575,2025-09-15,29,Success
PAY-010550,CUST-0575,2025-10-15,29,Success
PAY-010551,CUST-0575,2025-11-14,29,Success
PAY-010552,CUST-0576,2024-02-02,299,Success
PAY-010553,CUST-0576,2024-03-03,299,Success
PAY-010554,CUST-0576,2024-04-02,299,Success
PAY-010555,CUST-0576,2024-05-02,299,Success
PAY-010556,CUST-0576,2024-06-01,299,Success
PAY-010557,CUST-0576,2024-07-01,299,Success
PAY-010558,CUST-0576,2024-07-31,299,Success
PAY-010559,CUST-0576,2024-08-30,299,Success
PAY-010560,CUST-0576,2024-09-29,299,Success
PAY-010561,CUST-0577,2024-05-30,29,Success
PAY-010562,CUST-0577,2024-06-29,29,Success
PAY-010563,CUST-0577,2024-07-29,29,Success
PAY-010564,CUST-0577,2024-08-28,29,Failed
PAY-010565,CUST-0577,2024-09-27,29,Success
PAY-010566,CUST-0577,2024-10-27,29,Success
PAY-010567,CUST-0578,2025-02-09,99,Success
PAY-010568,CUST-0578,2025-03-11,99,Success
PAY-010569,CUST-0578,2025-04-10,99,Success
PAY-010570,CUST-0578,2025-05-10,99,Success
PAY-010571,CUST-0578,2025-06-09,99,Success
PAY-010572,CUST-0578,2025-07-09,99,Success
PAY-010573,CUST-0578,2025-08-08,99,Success
PAY-010574,CUST-0578,2025-09-07,99,Success
PAY-010575,CUST-0578,2025-10-07,99,Success
PAY-010576,CUST-0578,2025-11-06,99,Failed
PAY-010577,CUST-0578,2025-12-06,99,Success
PAY-010578,CUST-0578,2026-01-05,99,Success
PAY-010579,CUST-0578,2026-02-04,99,Success
PAY-010580,CUST-0578,2026-03-06,99,Success
PAY-010581,CUST-0578,2026-04-05,99,Success
PAY-010582,CUST-0578,2026-05-05,99,Success
PAY-010583,CUST-0578,2026-06-04,99,Success
PAY-010584,CUST-0579,2024-06-10,99,Success
PAY-010585,CUST-0579,2024-07-10,99,Success
PAY-010586,CUST-0579,2024-08-09,99,Success
PAY-010587,CUST-0579,2024-09-08,99,Success
PAY-010588,CUST-0579,2024-10-08,99,Success
PAY-010589,CUST-0579,2024-11-07,99,Failed
PAY-010590,CUST-0579,2024-12-07,99,Success
PAY-010591,CUST-0579,2025-01-06,99,Success
PAY-010592,CUST-0579,2025-02-05,99,Success
PAY-010593,CUST-0579,2025-03-07,99,Success
PAY-010594,CUST-0579,2025-04-06,99,Success
PAY-010595,CUST-0579,2025-05-06,99,Success
PAY-010596,CUST-0579,2025-06-05,99,Success
PAY-010597,CUST-0579,2025-07-05,99,Success
PAY-010598,CUST-0579,2025-08-04,99,Success
PAY-010599,CUST-0579,2025-09-03,99,Success
PAY-010600,CUST-0579,2025-10-03,99,Success
PAY-010601,CUST-0579,2025-11-02,99,Success
PAY-010602,CUST-0579,2025-12-02,99,Success
PAY-010603,CUST-0579,2026-01-01,99,Success
PAY-010604,CUST-0579,2026-01-31,99,Success
PAY-010605,CUST-0579,2026-03-02,99,Failed
PAY-010606,CUST-0579,2026-04-01,99,Success
PAY-010607,CUST-0579,2026-05-01,99,Success
PAY-010608,CUST-0579,2026-05-31,99,Success
PAY-010609,CUST-0579,2026-06-30,99,Success
PAY-010610,CUST-0580,2025-02-21,29,Success
PAY-010611,CUST-0580,2025-03-23,29,Success
PAY-010612,CUST-0580,2025-04-22,29,Success
PAY-010613,CUST-0580,2025-05-22,29,Success
PAY-010614,CUST-0580,2025-06-21,29,Success
PAY-010615,CUST-0580,2025-07-21,29,Success
PAY-010616,CUST-0580,2025-08-20,29,Success
PAY-010617,CUST-0580,2025-09-19,29,Success
PAY-010618,CUST-0580,2025-10-19,29,Success
PAY-010619,CUST-0580,2025-11-18,29,Success
PAY-010620,CUST-0580,2025-12-18,29,Success
PAY-010621,CUST-0580,2026-01-17,29,Success
PAY-010622,CUST-0580,2026-02-16,29,Success
PAY-010623,CUST-0581,2024-01-19,29,Success
PAY-010624,CUST-0581,2024-02-18,29,Success
PAY-010625,CUST-0581,2024-03-19,29,Success
PAY-010626,CUST-0581,2024-04-18,29,Success
PAY-010627,CUST-0581,2024-05-18,29,Success
PAY-010628,CUST-0581,2024-06-17,29,Success
PAY-010629,CUST-0581,2024-07-17,29,Success
PAY-010630,CUST-0581,2024-08-16,29,Success
PAY-010631,CUST-0581,2024-09-15,29,Success
PAY-010632,CUST-0581,2024-10-15,29,Success
PAY-010633,CUST-0581,2024-11-14,29,Success
PAY-010634,CUST-0581,2024-12-14,29,Success
PAY-010635,CUST-0581,2025-01-13,29,Success
PAY-010636,CUST-0581,2025-02-12,29,Success
PAY-010637,CUST-0581,2025-03-14,29,Success
PAY-010638,CUST-0581,2025-04-13,29,Success
PAY-010639,CUST-0581,2025-05-13,29,Success
PAY-010640,CUST-0581,2025-06-12,29,Success
PAY-010641,CUST-0581,2025-07-12,29,Success
PAY-010642,CUST-0581,2025-08-11,29,Success
PAY-010643,CUST-0581,2025-09-10,29,Success
PAY-010644,CUST-0581,2025-10-10,29,Success
PAY-010645,CUST-0581,2025-11-09,29,Success
PAY-010646,CUST-0581,2025-12-09,29,Success
PAY-010647,CUST-0581,2026-01-08,29,Success
PAY-010648,CUST-0581,2026-02-07,29,Success
PAY-010649,CUST-0581,2026-03-09,29,Success
PAY-010650,CUST-0581,2026-04-08,29,Success
PAY-010651,CUST-0581,2026-05-08,29,Success
PAY-010652,CUST-0581,2026-06-07,29,Success
PAY-010653,CUST-0582,2024-07-01,299,Success
PAY-010654,CUST-0582,2024-07-31,299,Success
PAY-010655,CUST-0582,2024-08-30,299,Success
PAY-010656,CUST-0582,2024-09-29,299,Success
PAY-010657,CUST-0582,2024-10-29,299,Success
PAY-010658,CUST-0582,2024-11-28,299,Success
PAY-010659,CUST-0582,2024-12-28,299,Success
PAY-010660,CUST-0582,2025-01-27,299,Success
PAY-010661,CUST-0582,2025-02-26,299,Success
PAY-010662,CUST-0582,2025-03-28,299,Success
PAY-010663,CUST-0582,2025-04-27,299,Success
PAY-010664,CUST-0582,2025-05-27,299,Success
PAY-010665,CUST-0582,2025-06-26,299,Success
PAY-010666,CUST-0582,2025-07-26,299,Success
PAY-010667,CUST-0582,2025-08-25,299,Success
PAY-010668,CUST-0582,2025-09-24,299,Success
PAY-010669,CUST-0582,2025-10-24,299,Success
PAY-010670,CUST-0582,2025-11-23,299,Success
PAY-010671,CUST-0582,2025-12-23,299,Success
PAY-010672,CUST-0582,2026-01-22,299,Success
PAY-010673,CUST-0582,2026-02-21,299,Failed
PAY-010674,CUST-0582,2026-03-23,299,Success
PAY-010675,CUST-0582,2026-04-22,299,Success
PAY-010676,CUST-0582,2026-05-22,299,Success
PAY-010677,CUST-0582,2026-06-21,299,Success
PAY-010678,CUST-0583,2024-05-19,29,Success
PAY-010679,CUST-0583,2024-06-18,29,Success
PAY-010680,CUST-0583,2024-07-18,29,Success
PAY-010681,CUST-0583,2024-08-17,29,Success
PAY-010682,CUST-0583,2024-09-16,29,Success
PAY-010683,CUST-0583,2024-10-16,29,Success
PAY-010684,CUST-0583,2024-11-15,29,Success
PAY-010685,CUST-0583,2024-12-15,29,Success
PAY-010686,CUST-0583,2025-01-14,29,Success
PAY-010687,CUST-0583,2025-02-13,29,Success
PAY-010688,CUST-0583,2025-03-15,29,Success
PAY-010689,CUST-0583,2025-04-14,29,Success
PAY-010690,CUST-0583,2025-05-14,29,Success
PAY-010691,CUST-0583,2025-06-13,29,Success
PAY-010692,CUST-0583,2025-07-13,29,Success
PAY-010693,CUST-0583,2025-08-12,29,Success
PAY-010694,CUST-0583,2025-09-11,29,Success
PAY-010695,CUST-0583,2025-10-11,29,Success
PAY-010696,CUST-0583,2025-11-10,29,Success
PAY-010697,CUST-0583,2025-12-10,29,Success
PAY-010698,CUST-0583,2026-01-09,29,Success
PAY-010699,CUST-0583,2026-02-08,29,Success
PAY-010700,CUST-0583,2026-03-10,29,Success
PAY-010701,CUST-0583,2026-04-09,29,Success
PAY-010702,CUST-0583,2026-05-09,29,Success
PAY-010703,CUST-0583,2026-06-08,29,Success
PAY-010704,CUST-0584,2024-08-11,29,Success
PAY-010705,CUST-0584,2024-09-10,29,Success
PAY-010706,CUST-0584,2024-10-10,29,Success
PAY-010707,CUST-0584,2024-11-09,29,Success
PAY-010708,CUST-0585,2025-04-03,29,Success
PAY-010709,CUST-0585,2025-05-03,29,Success
PAY-010710,CUST-0585,2025-06-02,29,Success
PAY-010711,CUST-0586,2025-05-13,99,Success
PAY-010712,CUST-0586,2025-06-12,99,Success
PAY-010713,CUST-0586,2025-07-12,99,Success
PAY-010714,CUST-0586,2025-08-11,99,Success
PAY-010715,CUST-0586,2025-09-10,99,Success
PAY-010716,CUST-0586,2025-10-10,99,Success
PAY-010717,CUST-0586,2025-11-09,99,Success
PAY-010718,CUST-0586,2025-12-09,99,Success
PAY-010719,CUST-0586,2026-01-08,99,Success
PAY-010720,CUST-0586,2026-02-07,99,Success
PAY-010721,CUST-0586,2026-03-09,99,Success
PAY-010722,CUST-0586,2026-04-08,99,Success
PAY-010723,CUST-0586,2026-05-08,99,Success
PAY-010724,CUST-0586,2026-06-07,99,Success
PAY-010725,CUST-0587,2024-12-20,99,Success
PAY-010726,CUST-0587,2025-01-19,99,Success
PAY-010727,CUST-0587,2025-02-18,99,Success
PAY-010728,CUST-0587,2025-03-20,99,Success
PAY-010729,CUST-0587,2025-04-19,99,Success
PAY-010730,CUST-0587,2025-05-19,99,Success
PAY-010731,CUST-0587,2025-06-18,99,Success
PAY-010732,CUST-0587,2025-07-18,99,Success
PAY-010733,CUST-0587,2025-08-17,99,Success
PAY-010734,CUST-0587,2025-09-16,99,Success
PAY-010735,CUST-0587,2025-10-16,99,Success
PAY-010736,CUST-0587,2025-11-15,99,Success
PAY-010737,CUST-0587,2025-12-15,99,Success
PAY-010738,CUST-0587,2026-01-14,99,Success
PAY-010739,CUST-0587,2026-02-13,99,Success
PAY-010740,CUST-0587,2026-03-15,99,Success
PAY-010741,CUST-0587,2026-04-14,99,Success
PAY-010742,CUST-0587,2026-05-14,99,Success
PAY-010743,CUST-0587,2026-06-13,99,Success
PAY-010744,CUST-0588,2025-04-18,99,Success
PAY-010745,CUST-0588,2025-05-18,99,Success
PAY-010746,CUST-0588,2025-06-17,99,Success
PAY-010747,CUST-0588,2025-07-17,99,Success
PAY-010748,CUST-0588,2025-08-16,99,Success
PAY-010749,CUST-0588,2025-09-15,99,Success
PAY-010750,CUST-0588,2025-10-15,99,Success
PAY-010751,CUST-0588,2025-11-14,99,Success
PAY-010752,CUST-0588,2025-12-14,99,Success
PAY-010753,CUST-0588,2026-01-13,99,Success
PAY-010754,CUST-0588,2026-02-12,99,Success
PAY-010755,CUST-0588,2026-03-14,99,Success
PAY-010756,CUST-0588,2026-04-13,99,Success
PAY-010757,CUST-0588,2026-05-13,99,Success
PAY-010758,CUST-0588,2026-06-12,99,Success
PAY-010759,CUST-0589,2025-01-07,99,Success
PAY-010760,CUST-0589,2025-02-06,99,Success
PAY-010761,CUST-0589,2025-03-08,99,Success
PAY-010762,CUST-0589,2025-04-07,99,Success
PAY-010763,CUST-0589,2025-05-07,99,Success
PAY-010764,CUST-0589,2025-06-06,99,Success
PAY-010765,CUST-0589,2025-07-06,99,Success
PAY-010766,CUST-0589,2025-08-05,99,Success
PAY-010767,CUST-0589,2025-09-04,99,Success
PAY-010768,CUST-0589,2025-10-04,99,Success
PAY-010769,CUST-0589,2025-11-03,99,Success
PAY-010770,CUST-0589,2025-12-03,99,Success
PAY-010771,CUST-0589,2026-01-02,99,Success
PAY-010772,CUST-0589,2026-02-01,99,Success
PAY-010773,CUST-0589,2026-03-03,99,Success
PAY-010774,CUST-0589,2026-04-02,99,Success
PAY-010775,CUST-0589,2026-05-02,99,Success
PAY-010776,CUST-0589,2026-06-01,99,Success
PAY-010777,CUST-0590,2024-08-08,29,Success
PAY-010778,CUST-0590,2024-09-07,29,Success
PAY-010779,CUST-0590,2024-10-07,29,Success
PAY-010780,CUST-0590,2024-11-06,29,Success
PAY-010781,CUST-0590,2024-12-06,29,Success
PAY-010782,CUST-0590,2025-01-05,29,Success
PAY-010783,CUST-0590,2025-02-04,29,Success
PAY-010784,CUST-0590,2025-03-06,29,Success
PAY-010785,CUST-0590,2025-04-05,29,Success
PAY-010786,CUST-0590,2025-05-05,29,Success
PAY-010787,CUST-0590,2025-06-04,29,Success
PAY-010788,CUST-0590,2025-07-04,29,Success
PAY-010789,CUST-0591,2024-06-13,299,Success
PAY-010790,CUST-0591,2024-07-13,299,Success
PAY-010791,CUST-0591,2024-08-12,299,Success
PAY-010792,CUST-0591,2024-09-11,299,Failed
PAY-010793,CUST-0591,2024-10-11,299,Success
PAY-010794,CUST-0591,2024-11-10,299,Success
PAY-010795,CUST-0591,2024-12-10,299,Success
PAY-010796,CUST-0591,2025-01-09,299,Success
PAY-010797,CUST-0591,2025-02-08,299,Success
PAY-010798,CUST-0591,2025-03-10,299,Success
PAY-010799,CUST-0591,2025-04-09,299,Success
PAY-010800,CUST-0591,2025-05-09,299,Success
PAY-010801,CUST-0591,2025-06-08,299,Success
PAY-010802,CUST-0591,2025-07-08,299,Success
PAY-010803,CUST-0591,2025-08-07,299,Success
PAY-010804,CUST-0591,2025-09-06,299,Success
PAY-010805,CUST-0591,2025-10-06,299,Success
PAY-010806,CUST-0591,2025-11-05,299,Success
PAY-010807,CUST-0591,2025-12-05,299,Success
PAY-010808,CUST-0591,2026-01-04,299,Success
PAY-010809,CUST-0591,2026-02-03,299,Success
PAY-010810,CUST-0591,2026-03-05,299,Success
PAY-010811,CUST-0591,2026-04-04,299,Success
PAY-010812,CUST-0591,2026-05-04,299,Success
PAY-010813,CUST-0591,2026-06-03,299,Success
PAY-010814,CUST-0592,2024-06-16,29,Success
PAY-010815,CUST-0592,2024-07-16,29,Success
PAY-010816,CUST-0592,2024-08-15,29,Success
PAY-010817,CUST-0592,2024-09-14,29,Success
PAY-010818,CUST-0592,2024-10-14,29,Success
PAY-010819,CUST-0592,2024-11-13,29,Success
PAY-010820,CUST-0592,2024-12-13,29,Success
PAY-010821,CUST-0592,2025-01-12,29,Success
PAY-010822,CUST-0592,2025-02-11,29,Success
PAY-010823,CUST-0592,2025-03-13,29,Success
PAY-010824,CUST-0592,2025-04-12,29,Success
PAY-010825,CUST-0592,2025-05-12,29,Success
PAY-010826,CUST-0592,2025-06-11,29,Success
PAY-010827,CUST-0592,2025-07-11,29,Success
PAY-010828,CUST-0592,2025-08-10,29,Success
PAY-010829,CUST-0592,2025-09-09,29,Success
PAY-010830,CUST-0592,2025-10-09,29,Success
PAY-010831,CUST-0592,2025-11-08,29,Success
PAY-010832,CUST-0592,2025-12-08,29,Success
PAY-010833,CUST-0592,2026-01-07,29,Success
PAY-010834,CUST-0592,2026-02-06,29,Success
PAY-010835,CUST-0592,2026-03-08,29,Success
PAY-010836,CUST-0592,2026-04-07,29,Success
PAY-010837,CUST-0592,2026-05-07,29,Success
PAY-010838,CUST-0592,2026-06-06,29,Success
PAY-010839,CUST-0593,2024-08-16,29,Success
PAY-010840,CUST-0593,2024-09-15,29,Success
PAY-010841,CUST-0593,2024-10-15,29,Success
PAY-010842,CUST-0593,2024-11-14,29,Success
PAY-010843,CUST-0593,2024-12-14,29,Success
PAY-010844,CUST-0593,2025-01-13,29,Success
PAY-010845,CUST-0593,2025-02-12,29,Success
PAY-010846,CUST-0593,2025-03-14,29,Success
PAY-010847,CUST-0593,2025-04-13,29,Success
PAY-010848,CUST-0593,2025-05-13,29,Success
PAY-010849,CUST-0593,2025-06-12,29,Success
PAY-010850,CUST-0593,2025-07-12,29,Success
PAY-010851,CUST-0593,2025-08-11,29,Success
PAY-010852,CUST-0593,2025-09-10,29,Success
PAY-010853,CUST-0593,2025-10-10,29,Success
PAY-010854,CUST-0593,2025-11-09,29,Success
PAY-010855,CUST-0593,2025-12-09,29,Success
PAY-010856,CUST-0593,2026-01-08,29,Success
PAY-010857,CUST-0593,2026-02-07,29,Success
PAY-010858,CUST-0593,2026-03-09,29,Success
PAY-010859,CUST-0593,2026-04-08,29,Success
PAY-010860,CUST-0593,2026-05-08,29,Success
PAY-010861,CUST-0593,2026-06-07,29,Success
PAY-010862,CUST-0594,2024-12-19,299,Success
PAY-010863,CUST-0594,2025-01-18,299,Success
PAY-010864,CUST-0594,2025-02-17,299,Success
PAY-010865,CUST-0594,2025-03-19,299,Success
PAY-010866,CUST-0594,2025-04-18,299,Success
PAY-010867,CUST-0594,2025-05-18,299,Success
PAY-010868,CUST-0594,2025-06-17,299,Success
PAY-010869,CUST-0594,2025-07-17,299,Success
PAY-010870,CUST-0594,2025-08-16,299,Success
PAY-010871,CUST-0594,2025-09-15,299,Success
PAY-010872,CUST-0594,2025-10-15,299,Success
PAY-010873,CUST-0594,2025-11-14,299,Success
PAY-010874,CUST-0594,2025-12-14,299,Success
PAY-010875,CUST-0594,2026-01-13,299,Success
PAY-010876,CUST-0594,2026-02-12,299,Success
PAY-010877,CUST-0594,2026-03-14,299,Success
PAY-010878,CUST-0594,2026-04-13,299,Success
PAY-010879,CUST-0594,2026-05-13,299,Success
PAY-010880,CUST-0594,2026-06-12,299,Success
PAY-010881,CUST-0595,2024-08-16,29,Success
PAY-010882,CUST-0595,2024-09-15,29,Success
PAY-010883,CUST-0595,2024-10-15,29,Success
PAY-010884,CUST-0595,2024-11-14,29,Success
PAY-010885,CUST-0595,2024-12-14,29,Success
PAY-010886,CUST-0595,2025-01-13,29,Success
PAY-010887,CUST-0595,2025-02-12,29,Success
PAY-010888,CUST-0595,2025-03-14,29,Success
PAY-010889,CUST-0596,2024-11-10,29,Success
PAY-010890,CUST-0596,2024-12-10,29,Success
PAY-010891,CUST-0596,2025-01-09,29,Success
PAY-010892,CUST-0596,2025-02-08,29,Success
PAY-010893,CUST-0596,2025-03-10,29,Success
PAY-010894,CUST-0596,2025-04-09,29,Success
PAY-010895,CUST-0596,2025-05-09,29,Success
PAY-010896,CUST-0596,2025-06-08,29,Success
PAY-010897,CUST-0597,2024-11-23,29,Success
PAY-010898,CUST-0597,2024-12-23,29,Success
PAY-010899,CUST-0597,2025-01-22,29,Success
PAY-010900,CUST-0597,2025-02-21,29,Success
PAY-010901,CUST-0597,2025-03-23,29,Success
PAY-010902,CUST-0597,2025-04-22,29,Success
PAY-010903,CUST-0597,2025-05-22,29,Success
PAY-010904,CUST-0597,2025-06-21,29,Success
PAY-010905,CUST-0597,2025-07-21,29,Success
PAY-010906,CUST-0597,2025-08-20,29,Success
PAY-010907,CUST-0597,2025-09-19,29,Success
PAY-010908,CUST-0597,2025-10-19,29,Success
PAY-010909,CUST-0598,2024-12-09,299,Success
PAY-010910,CUST-0598,2025-01-08,299,Failed
PAY-010911,CUST-0598,2025-02-07,299,Success
PAY-010912,CUST-0598,2025-03-09,299,Success
PAY-010913,CUST-0598,2025-04-08,299,Success
PAY-010914,CUST-0598,2025-05-08,299,Success
PAY-010915,CUST-0598,2025-06-07,299,Success
PAY-010916,CUST-0598,2025-07-07,299,Success
PAY-010917,CUST-0598,2025-08-06,299,Success
PAY-010918,CUST-0598,2025-09-05,299,Success
PAY-010919,CUST-0598,2025-10-05,299,Success
PAY-010920,CUST-0598,2025-11-04,299,Success
PAY-010921,CUST-0598,2025-12-04,299,Success
PAY-010922,CUST-0598,2026-01-03,299,Success
PAY-010923,CUST-0598,2026-02-02,299,Success
PAY-010924,CUST-0598,2026-03-04,299,Success
PAY-010925,CUST-0598,2026-04-03,299,Success
PAY-010926,CUST-0598,2026-05-03,299,Success
PAY-010927,CUST-0598,2026-06-02,299,Success
PAY-010928,CUST-0599,2024-09-19,29,Success
PAY-010929,CUST-0599,2024-10-19,29,Success
PAY-010930,CUST-0599,2024-11-18,29,Success
PAY-010931,CUST-0599,2024-12-18,29,Success
PAY-010932,CUST-0599,2025-01-17,29,Success
PAY-010933,CUST-0599,2025-02-16,29,Success
PAY-010934,CUST-0599,2025-03-18,29,Success
PAY-010935,CUST-0600,2024-03-14,99,Success
PAY-010936,CUST-0600,2024-04-13,99,Success
PAY-010937,CUST-0600,2024-05-13,99,Success
PAY-010938,CUST-0600,2024-06-12,99,Success
PAY-010939,CUST-0600,2024-07-12,99,Success
PAY-010940,CUST-0600,2024-08-11,99,Success
PAY-010941,CUST-0600,2024-09-10,99,Success
PAY-010942,CUST-0600,2024-10-10,99,Success
PAY-010943,CUST-0600,2024-11-09,99,Success
PAY-010944,CUST-0600,2024-12-09,99,Success
PAY-010945,CUST-0600,2025-01-08,99,Success
PAY-010946,CUST-0600,2025-02-07,99,Success
PAY-010947,CUST-0600,2025-03-09,99,Success
PAY-010948,CUST-0601,2024-03-05,29,Success
PAY-010949,CUST-0601,2024-04-04,29,Success
PAY-010950,CUST-0601,2024-05-04,29,Success
PAY-010951,CUST-0601,2024-06-03,29,Success
PAY-010952,CUST-0601,2024-07-03,29,Success
PAY-010953,CUST-0601,2024-08-02,29,Success
PAY-010954,CUST-0601,2024-09-01,29,Success
PAY-010955,CUST-0601,2024-10-01,29,Success
PAY-010956,CUST-0601,2024-10-31,29,Success
PAY-010957,CUST-0601,2024-11-30,29,Success
PAY-010958,CUST-0601,2024-12-30,29,Success
PAY-010959,CUST-0601,2025-01-29,29,Success
PAY-010960,CUST-0601,2025-02-28,29,Success
PAY-010961,CUST-0601,2025-03-30,29,Success
PAY-010962,CUST-0601,2025-04-29,29,Success
PAY-010963,CUST-0601,2025-05-29,29,Failed
PAY-010964,CUST-0601,2025-06-28,29,Success
PAY-010965,CUST-0601,2025-07-28,29,Success
PAY-010966,CUST-0601,2025-08-27,29,Success
PAY-010967,CUST-0601,2025-09-26,29,Failed
PAY-010968,CUST-0601,2025-10-26,29,Success
PAY-010969,CUST-0601,2025-11-25,29,Success
PAY-010970,CUST-0601,2025-12-25,29,Success
PAY-010971,CUST-0601,2026-01-24,29,Success
PAY-010972,CUST-0601,2026-02-23,29,Success
PAY-010973,CUST-0601,2026-03-25,29,Success
PAY-010974,CUST-0601,2026-04-24,29,Success
PAY-010975,CUST-0601,2026-05-24,29,Success
PAY-010976,CUST-0601,2026-06-23,29,Success
PAY-010977,CUST-0602,2025-02-02,99,Success
PAY-010978,CUST-0602,2025-03-04,99,Success
PAY-010979,CUST-0602,2025-04-03,99,Success
PAY-010980,CUST-0602,2025-05-03,99,Success
PAY-010981,CUST-0602,2025-06-02,99,Success
PAY-010982,CUST-0602,2025-07-02,99,Failed
PAY-010983,CUST-0602,2025-08-01,99,Success
PAY-010984,CUST-0602,2025-08-31,99,Success
PAY-010985,CUST-0602,2025-09-30,99,Success
PAY-010986,CUST-0602,2025-10-30,99,Success
PAY-010987,CUST-0602,2025-11-29,99,Success
PAY-010988,CUST-0602,2025-12-29,99,Success
PAY-010989,CUST-0602,2026-01-28,99,Success
PAY-010990,CUST-0602,2026-02-27,99,Success
PAY-010991,CUST-0602,2026-03-29,99,Success
PAY-010992,CUST-0602,2026-04-28,99,Success
PAY-010993,CUST-0602,2026-05-28,99,Success
PAY-010994,CUST-0602,2026-06-27,99,Success
PAY-010995,CUST-0603,2024-07-15,99,Success
PAY-010996,CUST-0603,2024-08-14,99,Success
PAY-010997,CUST-0603,2024-09-13,99,Failed
PAY-010998,CUST-0603,2024-10-13,99,Success
PAY-010999,CUST-0603,2024-11-12,99,Success
PAY-011000,CUST-0603,2024-12-12,99,Success
PAY-011001,CUST-0603,2025-01-11,99,Success
PAY-011002,CUST-0603,2025-02-10,99,Success
PAY-011003,CUST-0604,2024-12-13,29,Success
PAY-011004,CUST-0604,2025-01-12,29,Success
PAY-011005,CUST-0604,2025-02-11,29,Success
PAY-011006,CUST-0604,2025-03-13,29,Success
PAY-011007,CUST-0604,2025-04-12,29,Success
PAY-011008,CUST-0604,2025-05-12,29,Success
PAY-011009,CUST-0604,2025-06-11,29,Success
PAY-011010,CUST-0604,2025-07-11,29,Success
PAY-011011,CUST-0604,2025-08-10,29,Success
PAY-011012,CUST-0604,2025-09-09,29,Success
PAY-011013,CUST-0604,2025-10-09,29,Success
PAY-011014,CUST-0604,2025-11-08,29,Success
PAY-011015,CUST-0604,2025-12-08,29,Success
PAY-011016,CUST-0604,2026-01-07,29,Success
PAY-011017,CUST-0604,2026-02-06,29,Failed
PAY-011018,CUST-0604,2026-03-08,29,Success
PAY-011019,CUST-0604,2026-04-07,29,Success
PAY-011020,CUST-0604,2026-05-07,29,Success
PAY-011021,CUST-0604,2026-06-06,29,Success
PAY-011022,CUST-0605,2024-07-09,299,Success
PAY-011023,CUST-0605,2024-08-08,299,Success
PAY-011024,CUST-0605,2024-09-07,299,Success
PAY-011025,CUST-0605,2024-10-07,299,Success
PAY-011026,CUST-0605,2024-11-06,299,Success
PAY-011027,CUST-0605,2024-12-06,299,Success
PAY-011028,CUST-0605,2025-01-05,299,Success
PAY-011029,CUST-0605,2025-02-04,299,Success
PAY-011030,CUST-0605,2025-03-06,299,Success
PAY-011031,CUST-0605,2025-04-05,299,Success
PAY-011032,CUST-0605,2025-05-05,299,Success
PAY-011033,CUST-0605,2025-06-04,299,Success
PAY-011034,CUST-0605,2025-07-04,299,Success
PAY-011035,CUST-0605,2025-08-03,299,Success
PAY-011036,CUST-0605,2025-09-02,299,Success
PAY-011037,CUST-0605,2025-10-02,299,Success
PAY-011038,CUST-0605,2025-11-01,299,Success
PAY-011039,CUST-0605,2025-12-01,299,Success
PAY-011040,CUST-0605,2025-12-31,299,Success
PAY-011041,CUST-0605,2026-01-30,299,Success
PAY-011042,CUST-0605,2026-03-01,299,Success
PAY-011043,CUST-0605,2026-03-31,299,Success
PAY-011044,CUST-0605,2026-04-30,299,Success
PAY-011045,CUST-0605,2026-05-30,299,Success
PAY-011046,CUST-0605,2026-06-29,299,Success
PAY-011047,CUST-0606,2024-10-20,29,Success
PAY-011048,CUST-0606,2024-11-19,29,Success
PAY-011049,CUST-0606,2024-12-19,29,Success
PAY-011050,CUST-0606,2025-01-18,29,Success
PAY-011051,CUST-0606,2025-02-17,29,Success
PAY-011052,CUST-0606,2025-03-19,29,Success
PAY-011053,CUST-0606,2025-04-18,29,Success
PAY-011054,CUST-0606,2025-05-18,29,Success
PAY-011055,CUST-0606,2025-06-17,29,Success
PAY-011056,CUST-0606,2025-07-17,29,Success
PAY-011057,CUST-0606,2025-08-16,29,Success
PAY-011058,CUST-0606,2025-09-15,29,Success
PAY-011059,CUST-0606,2025-10-15,29,Success
PAY-011060,CUST-0606,2025-11-14,29,Success
PAY-011061,CUST-0606,2025-12-14,29,Failed
PAY-011062,CUST-0606,2026-01-13,29,Success
PAY-011063,CUST-0606,2026-02-12,29,Success
PAY-011064,CUST-0606,2026-03-14,29,Success
PAY-011065,CUST-0606,2026-04-13,29,Success
PAY-011066,CUST-0606,2026-05-13,29,Success
PAY-011067,CUST-0606,2026-06-12,29,Success
PAY-011068,CUST-0607,2024-07-22,99,Success
PAY-011069,CUST-0607,2024-08-21,99,Success
PAY-011070,CUST-0607,2024-09-20,99,Success
PAY-011071,CUST-0607,2024-10-20,99,Success
PAY-011072,CUST-0607,2024-11-19,99,Success
PAY-011073,CUST-0607,2024-12-19,99,Success
PAY-011074,CUST-0607,2025-01-18,99,Success
PAY-011075,CUST-0607,2025-02-17,99,Success
PAY-011076,CUST-0607,2025-03-19,99,Success
PAY-011077,CUST-0607,2025-04-18,99,Success
PAY-011078,CUST-0607,2025-05-18,99,Success
PAY-011079,CUST-0607,2025-06-17,99,Success
PAY-011080,CUST-0607,2025-07-17,99,Success
PAY-011081,CUST-0607,2025-08-16,99,Success
PAY-011082,CUST-0607,2025-09-15,99,Success
PAY-011083,CUST-0607,2025-10-15,99,Success
PAY-011084,CUST-0607,2025-11-14,99,Success
PAY-011085,CUST-0607,2025-12-14,99,Failed
PAY-011086,CUST-0607,2026-01-13,99,Success
PAY-011087,CUST-0607,2026-02-12,99,Success
PAY-011088,CUST-0607,2026-03-14,99,Success
PAY-011089,CUST-0607,2026-04-13,99,Success
PAY-011090,CUST-0607,2026-05-13,99,Success
PAY-011091,CUST-0607,2026-06-12,99,Success
PAY-011092,CUST-0608,2024-05-07,99,Success
PAY-011093,CUST-0608,2024-06-06,99,Success
PAY-011094,CUST-0608,2024-07-06,99,Success
PAY-011095,CUST-0608,2024-08-05,99,Success
PAY-011096,CUST-0608,2024-09-04,99,Success
PAY-011097,CUST-0608,2024-10-04,99,Success
PAY-011098,CUST-0608,2024-11-03,99,Success
PAY-011099,CUST-0608,2024-12-03,99,Success
PAY-011100,CUST-0608,2025-01-02,99,Success
PAY-011101,CUST-0608,2025-02-01,99,Success
PAY-011102,CUST-0608,2025-03-03,99,Success
PAY-011103,CUST-0608,2025-04-02,99,Success
PAY-011104,CUST-0608,2025-05-02,99,Success
PAY-011105,CUST-0608,2025-06-01,99,Success
PAY-011106,CUST-0608,2025-07-01,99,Success
PAY-011107,CUST-0608,2025-07-31,99,Success
PAY-011108,CUST-0608,2025-08-30,99,Success
PAY-011109,CUST-0608,2025-09-29,99,Success
PAY-011110,CUST-0608,2025-10-29,99,Success
PAY-011111,CUST-0608,2025-11-28,99,Success
PAY-011112,CUST-0608,2025-12-28,99,Success
PAY-011113,CUST-0608,2026-01-27,99,Failed
PAY-011114,CUST-0608,2026-02-26,99,Success
PAY-011115,CUST-0608,2026-03-28,99,Success
PAY-011116,CUST-0608,2026-04-27,99,Success
PAY-011117,CUST-0608,2026-05-27,99,Success
PAY-011118,CUST-0608,2026-06-26,99,Success
PAY-011119,CUST-0609,2025-01-11,29,Success
PAY-011120,CUST-0609,2025-02-10,29,Success
PAY-011121,CUST-0609,2025-03-12,29,Success
PAY-011122,CUST-0609,2025-04-11,29,Success
PAY-011123,CUST-0610,2024-09-22,99,Success
PAY-011124,CUST-0610,2024-10-22,99,Success
PAY-011125,CUST-0610,2024-11-21,99,Success
PAY-011126,CUST-0610,2024-12-21,99,Success
PAY-011127,CUST-0610,2025-01-20,99,Failed
PAY-011128,CUST-0610,2025-02-19,99,Success
PAY-011129,CUST-0610,2025-03-21,99,Success
PAY-011130,CUST-0610,2025-04-20,99,Success
PAY-011131,CUST-0610,2025-05-20,99,Success
PAY-011132,CUST-0610,2025-06-19,99,Success
PAY-011133,CUST-0610,2025-07-19,99,Success
PAY-011134,CUST-0610,2025-08-18,99,Success
PAY-011135,CUST-0610,2025-09-17,99,Success
PAY-011136,CUST-0610,2025-10-17,99,Success
PAY-011137,CUST-0610,2025-11-16,99,Success
PAY-011138,CUST-0610,2025-12-16,99,Success
PAY-011139,CUST-0610,2026-01-15,99,Success
PAY-011140,CUST-0610,2026-02-14,99,Success
PAY-011141,CUST-0610,2026-03-16,99,Success
PAY-011142,CUST-0610,2026-04-15,99,Success
PAY-011143,CUST-0610,2026-05-15,99,Success
PAY-011144,CUST-0610,2026-06-14,99,Success
PAY-011145,CUST-0611,2024-05-14,299,Success
PAY-011146,CUST-0611,2024-06-13,299,Success
PAY-011147,CUST-0611,2024-07-13,299,Failed
PAY-011148,CUST-0611,2024-08-12,299,Success
PAY-011149,CUST-0611,2024-09-11,299,Success
PAY-011150,CUST-0611,2024-10-11,299,Failed
PAY-011151,CUST-0611,2024-11-10,299,Success
PAY-011152,CUST-0611,2024-12-10,299,Success
PAY-011153,CUST-0611,2025-01-09,299,Success
PAY-011154,CUST-0611,2025-02-08,299,Success
PAY-011155,CUST-0611,2025-03-10,299,Success
PAY-011156,CUST-0611,2025-04-09,299,Success
PAY-011157,CUST-0611,2025-05-09,299,Success
PAY-011158,CUST-0611,2025-06-08,299,Failed
PAY-011159,CUST-0611,2025-07-08,299,Success
PAY-011160,CUST-0611,2025-08-07,299,Success
PAY-011161,CUST-0611,2025-09-06,299,Success
PAY-011162,CUST-0611,2025-10-06,299,Success
PAY-011163,CUST-0611,2025-11-05,299,Success
PAY-011164,CUST-0611,2025-12-05,299,Success
PAY-011165,CUST-0611,2026-01-04,299,Success
PAY-011166,CUST-0611,2026-02-03,299,Success
PAY-011167,CUST-0611,2026-03-05,299,Success
PAY-011168,CUST-0611,2026-04-04,299,Success
PAY-011169,CUST-0611,2026-05-04,299,Success
PAY-011170,CUST-0611,2026-06-03,299,Success
PAY-011171,CUST-0612,2024-04-19,299,Success
PAY-011172,CUST-0612,2024-05-19,299,Success
PAY-011173,CUST-0612,2024-06-18,299,Success
PAY-011174,CUST-0612,2024-07-18,299,Success
PAY-011175,CUST-0612,2024-08-17,299,Success
PAY-011176,CUST-0612,2024-09-16,299,Success
PAY-011177,CUST-0612,2024-10-16,299,Success
PAY-011178,CUST-0612,2024-11-15,299,Success
PAY-011179,CUST-0612,2024-12-15,299,Success
PAY-011180,CUST-0612,2025-01-14,299,Success
PAY-011181,CUST-0613,2024-04-12,29,Success
PAY-011182,CUST-0613,2024-05-12,29,Success
PAY-011183,CUST-0613,2024-06-11,29,Success
PAY-011184,CUST-0613,2024-07-11,29,Success
PAY-011185,CUST-0613,2024-08-10,29,Success
PAY-011186,CUST-0613,2024-09-09,29,Success
PAY-011187,CUST-0614,2025-03-12,299,Success
PAY-011188,CUST-0614,2025-04-11,299,Success
PAY-011189,CUST-0614,2025-05-11,299,Success
PAY-011190,CUST-0614,2025-06-10,299,Failed
PAY-011191,CUST-0614,2025-07-10,299,Success
PAY-011192,CUST-0614,2025-08-09,299,Success
PAY-011193,CUST-0614,2025-09-08,299,Success
PAY-011194,CUST-0614,2025-10-08,299,Success
PAY-011195,CUST-0614,2025-11-07,299,Success
PAY-011196,CUST-0614,2025-12-07,299,Success
PAY-011197,CUST-0614,2026-01-06,299,Success
PAY-011198,CUST-0614,2026-02-05,299,Success
PAY-011199,CUST-0614,2026-03-07,299,Success
PAY-011200,CUST-0614,2026-04-06,299,Success
PAY-011201,CUST-0614,2026-05-06,299,Success
PAY-011202,CUST-0614,2026-06-05,299,Success
PAY-011203,CUST-0615,2024-03-29,99,Success
PAY-011204,CUST-0615,2024-04-28,99,Failed
PAY-011205,CUST-0615,2024-05-28,99,Success
PAY-011206,CUST-0615,2024-06-27,99,Success
PAY-011207,CUST-0615,2024-07-27,99,Success
PAY-011208,CUST-0615,2024-08-26,99,Success
PAY-011209,CUST-0615,2024-09-25,99,Success
PAY-011210,CUST-0615,2024-10-25,99,Success
PAY-011211,CUST-0615,2024-11-24,99,Success
PAY-011212,CUST-0615,2024-12-24,99,Success
PAY-011213,CUST-0615,2025-01-23,99,Success
PAY-011214,CUST-0615,2025-02-22,99,Success
PAY-011215,CUST-0615,2025-03-24,99,Success
PAY-011216,CUST-0615,2025-04-23,99,Success
PAY-011217,CUST-0615,2025-05-23,99,Success
PAY-011218,CUST-0615,2025-06-22,99,Success
PAY-011219,CUST-0615,2025-07-22,99,Success
PAY-011220,CUST-0615,2025-08-21,99,Success
PAY-011221,CUST-0615,2025-09-20,99,Success
PAY-011222,CUST-0615,2025-10-20,99,Success
PAY-011223,CUST-0615,2025-11-19,99,Success
PAY-011224,CUST-0615,2025-12-19,99,Success
PAY-011225,CUST-0615,2026-01-18,99,Failed
PAY-011226,CUST-0615,2026-02-17,99,Success
PAY-011227,CUST-0615,2026-03-19,99,Success
PAY-011228,CUST-0615,2026-04-18,99,Success
PAY-011229,CUST-0615,2026-05-18,99,Success
PAY-011230,CUST-0615,2026-06-17,99,Success
PAY-011231,CUST-0616,2025-02-18,29,Success
PAY-011232,CUST-0616,2025-03-20,29,Success
PAY-011233,CUST-0616,2025-04-19,29,Success
PAY-011234,CUST-0616,2025-05-19,29,Success
PAY-011235,CUST-0616,2025-06-18,29,Failed
PAY-011236,CUST-0616,2025-07-18,29,Success
PAY-011237,CUST-0616,2025-08-17,29,Success
PAY-011238,CUST-0616,2025-09-16,29,Success
PAY-011239,CUST-0617,2024-12-29,99,Success
PAY-011240,CUST-0617,2025-01-28,99,Success
PAY-011241,CUST-0617,2025-02-27,99,Success
PAY-011242,CUST-0617,2025-03-29,99,Success
PAY-011243,CUST-0617,2025-04-28,99,Success
PAY-011244,CUST-0617,2025-05-28,99,Success
PAY-011245,CUST-0617,2025-06-27,99,Success
PAY-011246,CUST-0617,2025-07-27,99,Success
PAY-011247,CUST-0617,2025-08-26,99,Success
PAY-011248,CUST-0617,2025-09-25,99,Success
PAY-011249,CUST-0617,2025-10-25,99,Success
PAY-011250,CUST-0617,2025-11-24,99,Success
PAY-011251,CUST-0617,2025-12-24,99,Success
PAY-011252,CUST-0617,2026-01-23,99,Success
PAY-011253,CUST-0617,2026-02-22,99,Success
PAY-011254,CUST-0617,2026-03-24,99,Success
PAY-011255,CUST-0617,2026-04-23,99,Success
PAY-011256,CUST-0617,2026-05-23,99,Success
PAY-011257,CUST-0617,2026-06-22,99,Success
PAY-011258,CUST-0618,2025-04-01,29,Success
PAY-011259,CUST-0618,2025-05-01,29,Success
PAY-011260,CUST-0618,2025-05-31,29,Success
PAY-011261,CUST-0618,2025-06-30,29,Failed
PAY-011262,CUST-0618,2025-07-30,29,Success
PAY-011263,CUST-0618,2025-08-29,29,Success
PAY-011264,CUST-0618,2025-09-28,29,Success
PAY-011265,CUST-0618,2025-10-28,29,Success
PAY-011266,CUST-0618,2025-11-27,29,Success
PAY-011267,CUST-0618,2025-12-27,29,Failed
PAY-011268,CUST-0618,2026-01-26,29,Success
PAY-011269,CUST-0618,2026-02-25,29,Success
PAY-011270,CUST-0618,2026-03-27,29,Success
PAY-011271,CUST-0618,2026-04-26,29,Success
PAY-011272,CUST-0618,2026-05-26,29,Success
PAY-011273,CUST-0618,2026-06-25,29,Success
PAY-011274,CUST-0619,2024-12-30,29,Success
PAY-011275,CUST-0619,2025-01-29,29,Success
PAY-011276,CUST-0619,2025-02-28,29,Success
PAY-011277,CUST-0619,2025-03-30,29,Success
PAY-011278,CUST-0619,2025-04-29,29,Success
PAY-011279,CUST-0619,2025-05-29,29,Success
PAY-011280,CUST-0619,2025-06-28,29,Success
PAY-011281,CUST-0619,2025-07-28,29,Success
PAY-011282,CUST-0619,2025-08-27,29,Success
PAY-011283,CUST-0619,2025-09-26,29,Success
PAY-011284,CUST-0619,2025-10-26,29,Success
PAY-011285,CUST-0619,2025-11-25,29,Success
PAY-011286,CUST-0619,2025-12-25,29,Success
PAY-011287,CUST-0619,2026-01-24,29,Success
PAY-011288,CUST-0619,2026-02-23,29,Success
PAY-011289,CUST-0619,2026-03-25,29,Success
PAY-011290,CUST-0619,2026-04-24,29,Success
PAY-011291,CUST-0619,2026-05-24,29,Success
PAY-011292,CUST-0619,2026-06-23,29,Success
PAY-011293,CUST-0620,2024-09-17,29,Success
PAY-011294,CUST-0620,2024-10-17,29,Success
PAY-011295,CUST-0620,2024-11-16,29,Success
PAY-011296,CUST-0620,2024-12-16,29,Success
PAY-011297,CUST-0620,2025-01-15,29,Success
PAY-011298,CUST-0620,2025-02-14,29,Success
PAY-011299,CUST-0620,2025-03-16,29,Success
PAY-011300,CUST-0620,2025-04-15,29,Success
PAY-011301,CUST-0620,2025-05-15,29,Success
PAY-011302,CUST-0620,2025-06-14,29,Failed
PAY-011303,CUST-0620,2025-07-14,29,Success
PAY-011304,CUST-0620,2025-08-13,29,Success
PAY-011305,CUST-0620,2025-09-12,29,Success
PAY-011306,CUST-0620,2025-10-12,29,Success
PAY-011307,CUST-0620,2025-11-11,29,Success
PAY-011308,CUST-0620,2025-12-11,29,Success
PAY-011309,CUST-0620,2026-01-10,29,Success
PAY-011310,CUST-0620,2026-02-09,29,Success
PAY-011311,CUST-0620,2026-03-11,29,Success
PAY-011312,CUST-0620,2026-04-10,29,Success
PAY-011313,CUST-0620,2026-05-10,29,Success
PAY-011314,CUST-0620,2026-06-09,29,Success
PAY-011315,CUST-0621,2024-04-12,99,Success
PAY-011316,CUST-0621,2024-05-12,99,Success
PAY-011317,CUST-0621,2024-06-11,99,Success
PAY-011318,CUST-0621,2024-07-11,99,Success
PAY-011319,CUST-0621,2024-08-10,99,Success
PAY-011320,CUST-0621,2024-09-09,99,Success
PAY-011321,CUST-0621,2024-10-09,99,Success
PAY-011322,CUST-0621,2024-11-08,99,Success
PAY-011323,CUST-0621,2024-12-08,99,Success
PAY-011324,CUST-0621,2025-01-07,99,Success
PAY-011325,CUST-0621,2025-02-06,99,Success
PAY-011326,CUST-0621,2025-03-08,99,Success
PAY-011327,CUST-0621,2025-04-07,99,Success
PAY-011328,CUST-0621,2025-05-07,99,Success
PAY-011329,CUST-0621,2025-06-06,99,Success
PAY-011330,CUST-0621,2025-07-06,99,Success
PAY-011331,CUST-0621,2025-08-05,99,Success
PAY-011332,CUST-0621,2025-09-04,99,Success
PAY-011333,CUST-0621,2025-10-04,99,Success
PAY-011334,CUST-0621,2025-11-03,99,Success
PAY-011335,CUST-0621,2025-12-03,99,Success
PAY-011336,CUST-0621,2026-01-02,99,Success
PAY-011337,CUST-0621,2026-02-01,99,Success
PAY-011338,CUST-0621,2026-03-03,99,Success
PAY-011339,CUST-0621,2026-04-02,99,Success
PAY-011340,CUST-0621,2026-05-02,99,Success
PAY-011341,CUST-0621,2026-06-01,99,Success
PAY-011342,CUST-0622,2025-02-08,299,Success
PAY-011343,CUST-0622,2025-03-10,299,Success
PAY-011344,CUST-0622,2025-04-09,299,Failed
PAY-011345,CUST-0622,2025-05-09,299,Success
PAY-011346,CUST-0622,2025-06-08,299,Success
PAY-011347,CUST-0622,2025-07-08,299,Success
PAY-011348,CUST-0622,2025-08-07,299,Success
PAY-011349,CUST-0622,2025-09-06,299,Success
PAY-011350,CUST-0622,2025-10-06,299,Success
PAY-011351,CUST-0622,2025-11-05,299,Success
PAY-011352,CUST-0622,2025-12-05,299,Success
PAY-011353,CUST-0622,2026-01-04,299,Success
PAY-011354,CUST-0622,2026-02-03,299,Success
PAY-011355,CUST-0622,2026-03-05,299,Success
PAY-011356,CUST-0622,2026-04-04,299,Success
PAY-011357,CUST-0622,2026-05-04,299,Success
PAY-011358,CUST-0622,2026-06-03,299,Success
PAY-011359,CUST-0623,2024-07-03,29,Success
PAY-011360,CUST-0623,2024-08-02,29,Success
PAY-011361,CUST-0623,2024-09-01,29,Success
PAY-011362,CUST-0623,2024-10-01,29,Success
PAY-011363,CUST-0623,2024-10-31,29,Success
PAY-011364,CUST-0623,2024-11-30,29,Success
PAY-011365,CUST-0624,2025-02-15,99,Success
PAY-011366,CUST-0624,2025-03-17,99,Success
PAY-011367,CUST-0624,2025-04-16,99,Success
PAY-011368,CUST-0624,2025-05-16,99,Success
PAY-011369,CUST-0624,2025-06-15,99,Success
PAY-011370,CUST-0624,2025-07-15,99,Success
PAY-011371,CUST-0624,2025-08-14,99,Success
PAY-011372,CUST-0624,2025-09-13,99,Success
PAY-011373,CUST-0624,2025-10-13,99,Success
PAY-011374,CUST-0624,2025-11-12,99,Success
PAY-011375,CUST-0624,2025-12-12,99,Success
PAY-011376,CUST-0624,2026-01-11,99,Failed
PAY-011377,CUST-0624,2026-02-10,99,Success
PAY-011378,CUST-0624,2026-03-12,99,Success
PAY-011379,CUST-0624,2026-04-11,99,Success
PAY-011380,CUST-0624,2026-05-11,99,Success
PAY-011381,CUST-0624,2026-06-10,99,Success
PAY-011382,CUST-0625,2024-02-03,99,Success
PAY-011383,CUST-0625,2024-03-04,99,Success
PAY-011384,CUST-0625,2024-04-03,99,Success
PAY-011385,CUST-0625,2024-05-03,99,Success
PAY-011386,CUST-0625,2024-06-02,99,Success
PAY-011387,CUST-0625,2024-07-02,99,Success
PAY-011388,CUST-0625,2024-08-01,99,Success
PAY-011389,CUST-0625,2024-08-31,99,Success
PAY-011390,CUST-0625,2024-09-30,99,Success
PAY-011391,CUST-0625,2024-10-30,99,Success
PAY-011392,CUST-0625,2024-11-29,99,Success
PAY-011393,CUST-0625,2024-12-29,99,Success
PAY-011394,CUST-0625,2025-01-28,99,Success
PAY-011395,CUST-0625,2025-02-27,99,Success
PAY-011396,CUST-0625,2025-03-29,99,Success
PAY-011397,CUST-0625,2025-04-28,99,Success
PAY-011398,CUST-0625,2025-05-28,99,Success
PAY-011399,CUST-0625,2025-06-27,99,Success
PAY-011400,CUST-0625,2025-07-27,99,Success
PAY-011401,CUST-0625,2025-08-26,99,Success
PAY-011402,CUST-0625,2025-09-25,99,Success
PAY-011403,CUST-0625,2025-10-25,99,Success
PAY-011404,CUST-0625,2025-11-24,99,Success
PAY-011405,CUST-0625,2025-12-24,99,Success
PAY-011406,CUST-0625,2026-01-23,99,Success
PAY-011407,CUST-0625,2026-02-22,99,Success
PAY-011408,CUST-0625,2026-03-24,99,Success
PAY-011409,CUST-0625,2026-04-23,99,Success
PAY-011410,CUST-0625,2026-05-23,99,Success
PAY-011411,CUST-0625,2026-06-22,99,Success
PAY-011412,CUST-0626,2025-01-02,29,Success
PAY-011413,CUST-0626,2025-02-01,29,Success
PAY-011414,CUST-0626,2025-03-03,29,Success
PAY-011415,CUST-0626,2025-04-02,29,Success
PAY-011416,CUST-0626,2025-05-02,29,Success
PAY-011417,CUST-0626,2025-06-01,29,Success
PAY-011418,CUST-0626,2025-07-01,29,Success
PAY-011419,CUST-0626,2025-07-31,29,Success
PAY-011420,CUST-0626,2025-08-30,29,Success
PAY-011421,CUST-0626,2025-09-29,29,Success
PAY-011422,CUST-0626,2025-10-29,29,Success
PAY-011423,CUST-0626,2025-11-28,29,Success
PAY-011424,CUST-0626,2025-12-28,29,Success
PAY-011425,CUST-0626,2026-01-27,29,Success
PAY-011426,CUST-0626,2026-02-26,29,Success
PAY-011427,CUST-0626,2026-03-28,29,Success
PAY-011428,CUST-0626,2026-04-27,29,Success
PAY-011429,CUST-0626,2026-05-27,29,Success
PAY-011430,CUST-0626,2026-06-26,29,Success
PAY-011431,CUST-0627,2025-01-28,99,Success
PAY-011432,CUST-0627,2025-02-27,99,Success
PAY-011433,CUST-0627,2025-03-29,99,Failed
PAY-011434,CUST-0627,2025-04-28,99,Success
PAY-011435,CUST-0627,2025-05-28,99,Success
PAY-011436,CUST-0627,2025-06-27,99,Success
PAY-011437,CUST-0627,2025-07-27,99,Success
PAY-011438,CUST-0627,2025-08-26,99,Success
PAY-011439,CUST-0627,2025-09-25,99,Success
PAY-011440,CUST-0627,2025-10-25,99,Success
PAY-011441,CUST-0627,2025-11-24,99,Success
PAY-011442,CUST-0627,2025-12-24,99,Success
PAY-011443,CUST-0627,2026-01-23,99,Success
PAY-011444,CUST-0627,2026-02-22,99,Success
PAY-011445,CUST-0627,2026-03-24,99,Success
PAY-011446,CUST-0627,2026-04-23,99,Success
PAY-011447,CUST-0627,2026-05-23,99,Success
PAY-011448,CUST-0627,2026-06-22,99,Success
PAY-011449,CUST-0628,2024-03-05,29,Success
PAY-011450,CUST-0628,2024-04-04,29,Success
PAY-011451,CUST-0628,2024-05-04,29,Success
PAY-011452,CUST-0628,2024-06-03,29,Success
PAY-011453,CUST-0628,2024-07-03,29,Success
PAY-011454,CUST-0628,2024-08-02,29,Success
PAY-011455,CUST-0628,2024-09-01,29,Success
PAY-011456,CUST-0628,2024-10-01,29,Success
PAY-011457,CUST-0628,2024-10-31,29,Success
PAY-011458,CUST-0628,2024-11-30,29,Success
PAY-011459,CUST-0628,2024-12-30,29,Success
PAY-011460,CUST-0628,2025-01-29,29,Success
PAY-011461,CUST-0628,2025-02-28,29,Success
PAY-011462,CUST-0628,2025-03-30,29,Success
PAY-011463,CUST-0628,2025-04-29,29,Success
PAY-011464,CUST-0628,2025-05-29,29,Success
PAY-011465,CUST-0628,2025-06-28,29,Success
PAY-011466,CUST-0628,2025-07-28,29,Success
PAY-011467,CUST-0628,2025-08-27,29,Success
PAY-011468,CUST-0628,2025-09-26,29,Success
PAY-011469,CUST-0628,2025-10-26,29,Success
PAY-011470,CUST-0628,2025-11-25,29,Success
PAY-011471,CUST-0628,2025-12-25,29,Success
PAY-011472,CUST-0628,2026-01-24,29,Success
PAY-011473,CUST-0628,2026-02-23,29,Success
PAY-011474,CUST-0628,2026-03-25,29,Success
PAY-011475,CUST-0628,2026-04-24,29,Success
PAY-011476,CUST-0628,2026-05-24,29,Success
PAY-011477,CUST-0628,2026-06-23,29,Success
PAY-011478,CUST-0629,2024-08-18,29,Success
PAY-011479,CUST-0629,2024-09-17,29,Success
PAY-011480,CUST-0629,2024-10-17,29,Success
PAY-011481,CUST-0629,2024-11-16,29,Success
PAY-011482,CUST-0629,2024-12-16,29,Success
PAY-011483,CUST-0629,2025-01-15,29,Success
PAY-011484,CUST-0629,2025-02-14,29,Success
PAY-011485,CUST-0629,2025-03-16,29,Success
PAY-011486,CUST-0629,2025-04-15,29,Success
PAY-011487,CUST-0629,2025-05-15,29,Success
PAY-011488,CUST-0629,2025-06-14,29,Success
PAY-011489,CUST-0629,2025-07-14,29,Success
PAY-011490,CUST-0629,2025-08-13,29,Success
PAY-011491,CUST-0629,2025-09-12,29,Success
PAY-011492,CUST-0629,2025-10-12,29,Success
PAY-011493,CUST-0629,2025-11-11,29,Success
PAY-011494,CUST-0629,2025-12-11,29,Success
PAY-011495,CUST-0629,2026-01-10,29,Success
PAY-011496,CUST-0629,2026-02-09,29,Success
PAY-011497,CUST-0629,2026-03-11,29,Failed
PAY-011498,CUST-0629,2026-04-10,29,Success
PAY-011499,CUST-0629,2026-05-10,29,Success
PAY-011500,CUST-0629,2026-06-09,29,Success
PAY-011501,CUST-0630,2024-03-06,299,Failed
PAY-011502,CUST-0630,2024-04-05,299,Success
PAY-011503,CUST-0630,2024-05-05,299,Success
PAY-011504,CUST-0630,2024-06-04,299,Success
PAY-011505,CUST-0630,2024-07-04,299,Success
PAY-011506,CUST-0630,2024-08-03,299,Success
PAY-011507,CUST-0630,2024-09-02,299,Success
PAY-011508,CUST-0630,2024-10-02,299,Success
PAY-011509,CUST-0630,2024-11-01,299,Success
PAY-011510,CUST-0630,2024-12-01,299,Success
PAY-011511,CUST-0630,2024-12-31,299,Success
PAY-011512,CUST-0630,2025-01-30,299,Success
PAY-011513,CUST-0630,2025-03-01,299,Success
PAY-011514,CUST-0630,2025-03-31,299,Success
PAY-011515,CUST-0630,2025-04-30,299,Success
PAY-011516,CUST-0630,2025-05-30,299,Success
PAY-011517,CUST-0630,2025-06-29,299,Success
PAY-011518,CUST-0630,2025-07-29,299,Success
PAY-011519,CUST-0630,2025-08-28,299,Success
PAY-011520,CUST-0630,2025-09-27,299,Success
PAY-011521,CUST-0630,2025-10-27,299,Success
PAY-011522,CUST-0630,2025-11-26,299,Success
PAY-011523,CUST-0630,2025-12-26,299,Success
PAY-011524,CUST-0630,2026-01-25,299,Success
PAY-011525,CUST-0630,2026-02-24,299,Success
PAY-011526,CUST-0630,2026-03-26,299,Success
PAY-011527,CUST-0630,2026-04-25,299,Success
PAY-011528,CUST-0630,2026-05-25,299,Success
PAY-011529,CUST-0630,2026-06-24,299,Success
PAY-011530,CUST-0631,2024-08-09,29,Success
PAY-011531,CUST-0631,2024-09-08,29,Success
PAY-011532,CUST-0631,2024-10-08,29,Success
PAY-011533,CUST-0631,2024-11-07,29,Success
PAY-011534,CUST-0631,2024-12-07,29,Success
PAY-011535,CUST-0631,2025-01-06,29,Success
PAY-011536,CUST-0631,2025-02-05,29,Success
PAY-011537,CUST-0631,2025-03-07,29,Success
PAY-011538,CUST-0631,2025-04-06,29,Success
PAY-011539,CUST-0631,2025-05-06,29,Success
PAY-011540,CUST-0631,2025-06-05,29,Success
PAY-011541,CUST-0631,2025-07-05,29,Success
PAY-011542,CUST-0631,2025-08-04,29,Success
PAY-011543,CUST-0631,2025-09-03,29,Success
PAY-011544,CUST-0631,2025-10-03,29,Success
PAY-011545,CUST-0631,2025-11-02,29,Success
PAY-011546,CUST-0631,2025-12-02,29,Success
PAY-011547,CUST-0631,2026-01-01,29,Success
PAY-011548,CUST-0631,2026-01-31,29,Success
PAY-011549,CUST-0631,2026-03-02,29,Success
PAY-011550,CUST-0631,2026-04-01,29,Success
PAY-011551,CUST-0631,2026-05-01,29,Success
PAY-011552,CUST-0631,2026-05-31,29,Success
PAY-011553,CUST-0631,2026-06-30,29,Success
PAY-011554,CUST-0632,2024-09-22,99,Success
PAY-011555,CUST-0632,2024-10-22,99,Success
PAY-011556,CUST-0632,2024-11-21,99,Success
PAY-011557,CUST-0632,2024-12-21,99,Success
PAY-011558,CUST-0632,2025-01-20,99,Success
PAY-011559,CUST-0632,2025-02-19,99,Success
PAY-011560,CUST-0632,2025-03-21,99,Success
PAY-011561,CUST-0632,2025-04-20,99,Success
PAY-011562,CUST-0632,2025-05-20,99,Success
PAY-011563,CUST-0632,2025-06-19,99,Success
PAY-011564,CUST-0632,2025-07-19,99,Success
PAY-011565,CUST-0632,2025-08-18,99,Success
PAY-011566,CUST-0632,2025-09-17,99,Success
PAY-011567,CUST-0632,2025-10-17,99,Success
PAY-011568,CUST-0632,2025-11-16,99,Success
PAY-011569,CUST-0632,2025-12-16,99,Success
PAY-011570,CUST-0632,2026-01-15,99,Success
PAY-011571,CUST-0632,2026-02-14,99,Success
PAY-011572,CUST-0632,2026-03-16,99,Success
PAY-011573,CUST-0632,2026-04-15,99,Success
PAY-011574,CUST-0632,2026-05-15,99,Success
PAY-011575,CUST-0632,2026-06-14,99,Success
PAY-011576,CUST-0633,2024-03-25,29,Success
PAY-011577,CUST-0633,2024-04-24,29,Success
PAY-011578,CUST-0633,2024-05-24,29,Success
PAY-011579,CUST-0633,2024-06-23,29,Success
PAY-011580,CUST-0633,2024-07-23,29,Success
PAY-011581,CUST-0633,2024-08-22,29,Success
PAY-011582,CUST-0633,2024-09-21,29,Success
PAY-011583,CUST-0633,2024-10-21,29,Success
PAY-011584,CUST-0633,2024-11-20,29,Success
PAY-011585,CUST-0633,2024-12-20,29,Success
PAY-011586,CUST-0633,2025-01-19,29,Success
PAY-011587,CUST-0633,2025-02-18,29,Success
PAY-011588,CUST-0633,2025-03-20,29,Success
PAY-011589,CUST-0633,2025-04-19,29,Success
PAY-011590,CUST-0633,2025-05-19,29,Success
PAY-011591,CUST-0633,2025-06-18,29,Success
PAY-011592,CUST-0633,2025-07-18,29,Success
PAY-011593,CUST-0633,2025-08-17,29,Success
PAY-011594,CUST-0633,2025-09-16,29,Success
PAY-011595,CUST-0633,2025-10-16,29,Success
PAY-011596,CUST-0633,2025-11-15,29,Success
PAY-011597,CUST-0633,2025-12-15,29,Success
PAY-011598,CUST-0633,2026-01-14,29,Success
PAY-011599,CUST-0633,2026-02-13,29,Success
PAY-011600,CUST-0633,2026-03-15,29,Success
PAY-011601,CUST-0633,2026-04-14,29,Success
PAY-011602,CUST-0633,2026-05-14,29,Success
PAY-011603,CUST-0633,2026-06-13,29,Success
PAY-011604,CUST-0634,2025-04-23,29,Success
PAY-011605,CUST-0634,2025-05-23,29,Success
PAY-011606,CUST-0634,2025-06-22,29,Success
PAY-011607,CUST-0634,2025-07-22,29,Success
PAY-011608,CUST-0634,2025-08-21,29,Success
PAY-011609,CUST-0634,2025-09-20,29,Success
PAY-011610,CUST-0634,2025-10-20,29,Success
PAY-011611,CUST-0634,2025-11-19,29,Success
PAY-011612,CUST-0634,2025-12-19,29,Success
PAY-011613,CUST-0634,2026-01-18,29,Failed
PAY-011614,CUST-0634,2026-02-17,29,Success
PAY-011615,CUST-0634,2026-03-19,29,Success
PAY-011616,CUST-0634,2026-04-18,29,Success
PAY-011617,CUST-0634,2026-05-18,29,Success
PAY-011618,CUST-0634,2026-06-17,29,Success
PAY-011619,CUST-0635,2025-04-30,29,Success
PAY-011620,CUST-0635,2025-05-30,29,Success
PAY-011621,CUST-0635,2025-06-29,29,Success
PAY-011622,CUST-0635,2025-07-29,29,Success
PAY-011623,CUST-0635,2025-08-28,29,Success
PAY-011624,CUST-0635,2025-09-27,29,Success
PAY-011625,CUST-0636,2024-05-08,29,Success
PAY-011626,CUST-0636,2024-06-07,29,Success
PAY-011627,CUST-0636,2024-07-07,29,Success
PAY-011628,CUST-0636,2024-08-06,29,Success
PAY-011629,CUST-0636,2024-09-05,29,Success
PAY-011630,CUST-0636,2024-10-05,29,Success
PAY-011631,CUST-0636,2024-11-04,29,Success
PAY-011632,CUST-0636,2024-12-04,29,Success
PAY-011633,CUST-0636,2025-01-03,29,Success
PAY-011634,CUST-0636,2025-02-02,29,Success
PAY-011635,CUST-0636,2025-03-04,29,Success
PAY-011636,CUST-0636,2025-04-03,29,Success
PAY-011637,CUST-0636,2025-05-03,29,Success
PAY-011638,CUST-0636,2025-06-02,29,Success
PAY-011639,CUST-0636,2025-07-02,29,Success
PAY-011640,CUST-0636,2025-08-01,29,Success
PAY-011641,CUST-0636,2025-08-31,29,Success
PAY-011642,CUST-0636,2025-09-30,29,Success
PAY-011643,CUST-0636,2025-10-30,29,Success
PAY-011644,CUST-0636,2025-11-29,29,Success
PAY-011645,CUST-0636,2025-12-29,29,Success
PAY-011646,CUST-0636,2026-01-28,29,Success
PAY-011647,CUST-0636,2026-02-27,29,Success
PAY-011648,CUST-0636,2026-03-29,29,Success
PAY-011649,CUST-0636,2026-04-28,29,Success
PAY-011650,CUST-0636,2026-05-28,29,Success
PAY-011651,CUST-0636,2026-06-27,29,Success
PAY-011652,CUST-0637,2024-03-05,99,Success
PAY-011653,CUST-0637,2024-04-04,99,Success
PAY-011654,CUST-0637,2024-05-04,99,Success
PAY-011655,CUST-0637,2024-06-03,99,Success
PAY-011656,CUST-0637,2024-07-03,99,Success
PAY-011657,CUST-0637,2024-08-02,99,Success
PAY-011658,CUST-0637,2024-09-01,99,Success
PAY-011659,CUST-0637,2024-10-01,99,Success
PAY-011660,CUST-0637,2024-10-31,99,Success
PAY-011661,CUST-0637,2024-11-30,99,Success
PAY-011662,CUST-0637,2024-12-30,99,Success
PAY-011663,CUST-0637,2025-01-29,99,Success
PAY-011664,CUST-0637,2025-02-28,99,Success
PAY-011665,CUST-0637,2025-03-30,99,Success
PAY-011666,CUST-0637,2025-04-29,99,Success
PAY-011667,CUST-0637,2025-05-29,99,Success
PAY-011668,CUST-0637,2025-06-28,99,Success
PAY-011669,CUST-0637,2025-07-28,99,Success
PAY-011670,CUST-0637,2025-08-27,99,Success
PAY-011671,CUST-0637,2025-09-26,99,Success
PAY-011672,CUST-0637,2025-10-26,99,Success
PAY-011673,CUST-0637,2025-11-25,99,Success
PAY-011674,CUST-0637,2025-12-25,99,Success
PAY-011675,CUST-0637,2026-01-24,99,Success
PAY-011676,CUST-0637,2026-02-23,99,Success
PAY-011677,CUST-0637,2026-03-25,99,Success
PAY-011678,CUST-0637,2026-04-24,99,Success
PAY-011679,CUST-0637,2026-05-24,99,Success
PAY-011680,CUST-0637,2026-06-23,99,Success
PAY-011681,CUST-0638,2024-09-14,99,Success
PAY-011682,CUST-0638,2024-10-14,99,Success
PAY-011683,CUST-0638,2024-11-13,99,Success
PAY-011684,CUST-0638,2024-12-13,99,Success
PAY-011685,CUST-0638,2025-01-12,99,Success
PAY-011686,CUST-0638,2025-02-11,99,Success
PAY-011687,CUST-0638,2025-03-13,99,Success
PAY-011688,CUST-0638,2025-04-12,99,Success
PAY-011689,CUST-0638,2025-05-12,99,Success
PAY-011690,CUST-0638,2025-06-11,99,Success
PAY-011691,CUST-0638,2025-07-11,99,Success
PAY-011692,CUST-0638,2025-08-10,99,Success
PAY-011693,CUST-0638,2025-09-09,99,Success
PAY-011694,CUST-0638,2025-10-09,99,Success
PAY-011695,CUST-0638,2025-11-08,99,Success
PAY-011696,CUST-0638,2025-12-08,99,Success
PAY-011697,CUST-0638,2026-01-07,99,Success
PAY-011698,CUST-0638,2026-02-06,99,Success
PAY-011699,CUST-0638,2026-03-08,99,Success
PAY-011700,CUST-0638,2026-04-07,99,Success
PAY-011701,CUST-0638,2026-05-07,99,Failed
PAY-011702,CUST-0638,2026-06-06,99,Success
PAY-011703,CUST-0639,2024-03-28,29,Success
PAY-011704,CUST-0639,2024-04-27,29,Success
PAY-011705,CUST-0639,2024-05-27,29,Success
PAY-011706,CUST-0639,2024-06-26,29,Success
PAY-011707,CUST-0639,2024-07-26,29,Success
PAY-011708,CUST-0639,2024-08-25,29,Success
PAY-011709,CUST-0639,2024-09-24,29,Success
PAY-011710,CUST-0639,2024-10-24,29,Success
PAY-011711,CUST-0639,2024-11-23,29,Success
PAY-011712,CUST-0639,2024-12-23,29,Success
PAY-011713,CUST-0639,2025-01-22,29,Success
PAY-011714,CUST-0639,2025-02-21,29,Success
PAY-011715,CUST-0639,2025-03-23,29,Success
PAY-011716,CUST-0639,2025-04-22,29,Success
PAY-011717,CUST-0639,2025-05-22,29,Success
PAY-011718,CUST-0639,2025-06-21,29,Success
PAY-011719,CUST-0639,2025-07-21,29,Success
PAY-011720,CUST-0639,2025-08-20,29,Success
PAY-011721,CUST-0639,2025-09-19,29,Success
PAY-011722,CUST-0639,2025-10-19,29,Success
PAY-011723,CUST-0639,2025-11-18,29,Success
PAY-011724,CUST-0639,2025-12-18,29,Success
PAY-011725,CUST-0639,2026-01-17,29,Success
PAY-011726,CUST-0639,2026-02-16,29,Success
PAY-011727,CUST-0639,2026-03-18,29,Success
PAY-011728,CUST-0639,2026-04-17,29,Success
PAY-011729,CUST-0639,2026-05-17,29,Success
PAY-011730,CUST-0639,2026-06-16,29,Success
PAY-011731,CUST-0640,2025-02-26,29,Success
PAY-011732,CUST-0640,2025-03-28,29,Success
PAY-011733,CUST-0641,2024-01-24,29,Success
PAY-011734,CUST-0641,2024-02-23,29,Success
PAY-011735,CUST-0641,2024-03-24,29,Success
PAY-011736,CUST-0641,2024-04-23,29,Success
PAY-011737,CUST-0641,2024-05-23,29,Success
PAY-011738,CUST-0641,2024-06-22,29,Success
PAY-011739,CUST-0641,2024-07-22,29,Success
PAY-011740,CUST-0641,2024-08-21,29,Success
PAY-011741,CUST-0641,2024-09-20,29,Success
PAY-011742,CUST-0641,2024-10-20,29,Success
PAY-011743,CUST-0641,2024-11-19,29,Success
PAY-011744,CUST-0641,2024-12-19,29,Success
PAY-011745,CUST-0641,2025-01-18,29,Success
PAY-011746,CUST-0641,2025-02-17,29,Success
PAY-011747,CUST-0641,2025-03-19,29,Success
PAY-011748,CUST-0641,2025-04-18,29,Success
PAY-011749,CUST-0641,2025-05-18,29,Success
PAY-011750,CUST-0641,2025-06-17,29,Success
PAY-011751,CUST-0641,2025-07-17,29,Success
PAY-011752,CUST-0641,2025-08-16,29,Success
PAY-011753,CUST-0641,2025-09-15,29,Success
PAY-011754,CUST-0641,2025-10-15,29,Success
PAY-011755,CUST-0641,2025-11-14,29,Success
PAY-011756,CUST-0641,2025-12-14,29,Success
PAY-011757,CUST-0641,2026-01-13,29,Success
PAY-011758,CUST-0641,2026-02-12,29,Success
PAY-011759,CUST-0641,2026-03-14,29,Success
PAY-011760,CUST-0641,2026-04-13,29,Success
PAY-011761,CUST-0641,2026-05-13,29,Success
PAY-011762,CUST-0641,2026-06-12,29,Success
PAY-011763,CUST-0642,2025-01-27,29,Success
PAY-011764,CUST-0642,2025-02-26,29,Success
PAY-011765,CUST-0642,2025-03-28,29,Success
PAY-011766,CUST-0642,2025-04-27,29,Success
PAY-011767,CUST-0642,2025-05-27,29,Success
PAY-011768,CUST-0642,2025-06-26,29,Success
PAY-011769,CUST-0642,2025-07-26,29,Success
PAY-011770,CUST-0642,2025-08-25,29,Success
PAY-011771,CUST-0642,2025-09-24,29,Success
PAY-011772,CUST-0642,2025-10-24,29,Success
PAY-011773,CUST-0642,2025-11-23,29,Success
PAY-011774,CUST-0642,2025-12-23,29,Success
PAY-011775,CUST-0642,2026-01-22,29,Success
PAY-011776,CUST-0642,2026-02-21,29,Success
PAY-011777,CUST-0642,2026-03-23,29,Success
PAY-011778,CUST-0642,2026-04-22,29,Success
PAY-011779,CUST-0642,2026-05-22,29,Success
PAY-011780,CUST-0642,2026-06-21,29,Success
PAY-011781,CUST-0643,2024-09-11,29,Success
PAY-011782,CUST-0643,2024-10-11,29,Success
PAY-011783,CUST-0643,2024-11-10,29,Success
PAY-011784,CUST-0643,2024-12-10,29,Success
PAY-011785,CUST-0643,2025-01-09,29,Success
PAY-011786,CUST-0643,2025-02-08,29,Success
PAY-011787,CUST-0643,2025-03-10,29,Success
PAY-011788,CUST-0643,2025-04-09,29,Success
PAY-011789,CUST-0643,2025-05-09,29,Success
PAY-011790,CUST-0643,2025-06-08,29,Success
PAY-011791,CUST-0643,2025-07-08,29,Success
PAY-011792,CUST-0643,2025-08-07,29,Success
PAY-011793,CUST-0643,2025-09-06,29,Success
PAY-011794,CUST-0643,2025-10-06,29,Success
PAY-011795,CUST-0643,2025-11-05,29,Success
PAY-011796,CUST-0643,2025-12-05,29,Success
PAY-011797,CUST-0643,2026-01-04,29,Success
PAY-011798,CUST-0643,2026-02-03,29,Success
PAY-011799,CUST-0643,2026-03-05,29,Success
PAY-011800,CUST-0643,2026-04-04,29,Success
PAY-011801,CUST-0643,2026-05-04,29,Success
PAY-011802,CUST-0643,2026-06-03,29,Success
PAY-011803,CUST-0644,2024-09-04,29,Success
PAY-011804,CUST-0644,2024-10-04,29,Success
PAY-011805,CUST-0644,2024-11-03,29,Success
PAY-011806,CUST-0644,2024-12-03,29,Success
PAY-011807,CUST-0644,2025-01-02,29,Success
PAY-011808,CUST-0644,2025-02-01,29,Success
PAY-011809,CUST-0644,2025-03-03,29,Success
PAY-011810,CUST-0644,2025-04-02,29,Success
PAY-011811,CUST-0644,2025-05-02,29,Success
PAY-011812,CUST-0644,2025-06-01,29,Success
PAY-011813,CUST-0644,2025-07-01,29,Success
PAY-011814,CUST-0645,2024-06-01,99,Success
PAY-011815,CUST-0645,2024-07-01,99,Success
PAY-011816,CUST-0645,2024-07-31,99,Success
PAY-011817,CUST-0645,2024-08-30,99,Success
PAY-011818,CUST-0645,2024-09-29,99,Success
PAY-011819,CUST-0645,2024-10-29,99,Success
PAY-011820,CUST-0645,2024-11-28,99,Success
PAY-011821,CUST-0645,2024-12-28,99,Success
PAY-011822,CUST-0645,2025-01-27,99,Success
PAY-011823,CUST-0645,2025-02-26,99,Success
PAY-011824,CUST-0645,2025-03-28,99,Success
PAY-011825,CUST-0645,2025-04-27,99,Success
PAY-011826,CUST-0645,2025-05-27,99,Success
PAY-011827,CUST-0645,2025-06-26,99,Success
PAY-011828,CUST-0645,2025-07-26,99,Success
PAY-011829,CUST-0645,2025-08-25,99,Success
PAY-011830,CUST-0645,2025-09-24,99,Success
PAY-011831,CUST-0645,2025-10-24,99,Success
PAY-011832,CUST-0645,2025-11-23,99,Success
PAY-011833,CUST-0645,2025-12-23,99,Success
PAY-011834,CUST-0645,2026-01-22,99,Success
PAY-011835,CUST-0645,2026-02-21,99,Success
PAY-011836,CUST-0645,2026-03-23,99,Success
PAY-011837,CUST-0645,2026-04-22,99,Success
PAY-011838,CUST-0645,2026-05-22,99,Success
PAY-011839,CUST-0645,2026-06-21,99,Success
PAY-011840,CUST-0646,2024-12-18,99,Success
PAY-011841,CUST-0646,2025-01-17,99,Success
PAY-011842,CUST-0646,2025-02-16,99,Success
PAY-011843,CUST-0646,2025-03-18,99,Success
PAY-011844,CUST-0647,2024-08-13,299,Success
PAY-011845,CUST-0647,2024-09-12,299,Success
PAY-011846,CUST-0647,2024-10-12,299,Success
PAY-011847,CUST-0647,2024-11-11,299,Success
PAY-011848,CUST-0647,2024-12-11,299,Success
PAY-011849,CUST-0647,2025-01-10,299,Success
PAY-011850,CUST-0647,2025-02-09,299,Failed
PAY-011851,CUST-0647,2025-03-11,299,Success
PAY-011852,CUST-0647,2025-04-10,299,Success
PAY-011853,CUST-0647,2025-05-10,299,Success
PAY-011854,CUST-0647,2025-06-09,299,Success
PAY-011855,CUST-0648,2024-08-25,99,Success
PAY-011856,CUST-0648,2024-09-24,99,Success
PAY-011857,CUST-0648,2024-10-24,99,Failed
PAY-011858,CUST-0648,2024-11-23,99,Success
PAY-011859,CUST-0648,2024-12-23,99,Success
PAY-011860,CUST-0648,2025-01-22,99,Success
PAY-011861,CUST-0649,2024-11-06,299,Success
PAY-011862,CUST-0649,2024-12-06,299,Success
PAY-011863,CUST-0649,2025-01-05,299,Success
PAY-011864,CUST-0649,2025-02-04,299,Success
PAY-011865,CUST-0649,2025-03-06,299,Success
PAY-011866,CUST-0649,2025-04-05,299,Failed
PAY-011867,CUST-0649,2025-05-05,299,Success
PAY-011868,CUST-0649,2025-06-04,299,Success
PAY-011869,CUST-0649,2025-07-04,299,Success
PAY-011870,CUST-0649,2025-08-03,299,Success
PAY-011871,CUST-0649,2025-09-02,299,Success
PAY-011872,CUST-0649,2025-10-02,299,Success
PAY-011873,CUST-0649,2025-11-01,299,Success
PAY-011874,CUST-0649,2025-12-01,299,Success
PAY-011875,CUST-0649,2025-12-31,299,Success
PAY-011876,CUST-0649,2026-01-30,299,Failed
PAY-011877,CUST-0649,2026-03-01,299,Success
PAY-011878,CUST-0649,2026-03-31,299,Success
PAY-011879,CUST-0649,2026-04-30,299,Success
PAY-011880,CUST-0649,2026-05-30,299,Success
PAY-011881,CUST-0649,2026-06-29,299,Success
PAY-011882,CUST-0650,2025-03-17,99,Success
PAY-011883,CUST-0650,2025-04-16,99,Success
PAY-011884,CUST-0650,2025-05-16,99,Success
PAY-011885,CUST-0650,2025-06-15,99,Success
PAY-011886,CUST-0650,2025-07-15,99,Success
PAY-011887,CUST-0650,2025-08-14,99,Success
PAY-011888,CUST-0650,2025-09-13,99,Success
PAY-011889,CUST-0650,2025-10-13,99,Success
PAY-011890,CUST-0650,2025-11-12,99,Success
PAY-011891,CUST-0650,2025-12-12,99,Success
PAY-011892,CUST-0650,2026-01-11,99,Success
PAY-011893,CUST-0650,2026-02-10,99,Success
PAY-011894,CUST-0650,2026-03-12,99,Success
PAY-011895,CUST-0650,2026-04-11,99,Success
PAY-011896,CUST-0650,2026-05-11,99,Success
PAY-011897,CUST-0650,2026-06-10,99,Success
PAY-011898,CUST-0651,2025-05-14,29,Success
PAY-011899,CUST-0651,2025-06-13,29,Success
PAY-011900,CUST-0651,2025-07-13,29,Success
PAY-011901,CUST-0651,2025-08-12,29,Success
PAY-011902,CUST-0651,2025-09-11,29,Success
PAY-011903,CUST-0651,2025-10-11,29,Success
PAY-011904,CUST-0651,2025-11-10,29,Success
PAY-011905,CUST-0651,2025-12-10,29,Success
PAY-011906,CUST-0651,2026-01-09,29,Success
PAY-011907,CUST-0651,2026-02-08,29,Success
PAY-011908,CUST-0651,2026-03-10,29,Success
PAY-011909,CUST-0651,2026-04-09,29,Success
PAY-011910,CUST-0651,2026-05-09,29,Success
PAY-011911,CUST-0651,2026-06-08,29,Success
PAY-011912,CUST-0652,2025-01-24,29,Success
PAY-011913,CUST-0652,2025-02-23,29,Success
PAY-011914,CUST-0652,2025-03-25,29,Success
PAY-011915,CUST-0652,2025-04-24,29,Success
PAY-011916,CUST-0652,2025-05-24,29,Success
PAY-011917,CUST-0652,2025-06-23,29,Success
PAY-011918,CUST-0652,2025-07-23,29,Success
PAY-011919,CUST-0652,2025-08-22,29,Success
PAY-011920,CUST-0652,2025-09-21,29,Failed
PAY-011921,CUST-0652,2025-10-21,29,Success
PAY-011922,CUST-0652,2025-11-20,29,Success
PAY-011923,CUST-0652,2025-12-20,29,Success
PAY-011924,CUST-0652,2026-01-19,29,Success
PAY-011925,CUST-0652,2026-02-18,29,Failed
PAY-011926,CUST-0652,2026-03-20,29,Success
PAY-011927,CUST-0652,2026-04-19,29,Success
PAY-011928,CUST-0652,2026-05-19,29,Success
PAY-011929,CUST-0652,2026-06-18,29,Success
PAY-011930,CUST-0653,2024-06-12,99,Success
PAY-011931,CUST-0653,2024-07-12,99,Success
PAY-011932,CUST-0653,2024-08-11,99,Success
PAY-011933,CUST-0653,2024-09-10,99,Success
PAY-011934,CUST-0653,2024-10-10,99,Success
PAY-011935,CUST-0653,2024-11-09,99,Success
PAY-011936,CUST-0653,2024-12-09,99,Success
PAY-011937,CUST-0653,2025-01-08,99,Success
PAY-011938,CUST-0653,2025-02-07,99,Success
PAY-011939,CUST-0653,2025-03-09,99,Success
PAY-011940,CUST-0653,2025-04-08,99,Success
PAY-011941,CUST-0653,2025-05-08,99,Success
PAY-011942,CUST-0653,2025-06-07,99,Success
PAY-011943,CUST-0653,2025-07-07,99,Success
PAY-011944,CUST-0653,2025-08-06,99,Success
PAY-011945,CUST-0653,2025-09-05,99,Failed
PAY-011946,CUST-0653,2025-10-05,99,Success
PAY-011947,CUST-0653,2025-11-04,99,Success
PAY-011948,CUST-0653,2025-12-04,99,Success
PAY-011949,CUST-0653,2026-01-03,99,Success
PAY-011950,CUST-0653,2026-02-02,99,Success
PAY-011951,CUST-0653,2026-03-04,99,Success
PAY-011952,CUST-0653,2026-04-03,99,Success
PAY-011953,CUST-0653,2026-05-03,99,Success
PAY-011954,CUST-0653,2026-06-02,99,Success
PAY-011955,CUST-0654,2024-03-03,29,Success
PAY-011956,CUST-0654,2024-04-02,29,Success
PAY-011957,CUST-0654,2024-05-02,29,Success
PAY-011958,CUST-0654,2024-06-01,29,Success
PAY-011959,CUST-0654,2024-07-01,29,Success
PAY-011960,CUST-0654,2024-07-31,29,Failed
PAY-011961,CUST-0654,2024-08-30,29,Success
PAY-011962,CUST-0654,2024-09-29,29,Success
PAY-011963,CUST-0654,2024-10-29,29,Success
PAY-011964,CUST-0654,2024-11-28,29,Success
PAY-011965,CUST-0654,2024-12-28,29,Success
PAY-011966,CUST-0654,2025-01-27,29,Success
PAY-011967,CUST-0654,2025-02-26,29,Success
PAY-011968,CUST-0654,2025-03-28,29,Success
PAY-011969,CUST-0654,2025-04-27,29,Success
PAY-011970,CUST-0654,2025-05-27,29,Success
PAY-011971,CUST-0654,2025-06-26,29,Success
PAY-011972,CUST-0654,2025-07-26,29,Success
PAY-011973,CUST-0654,2025-08-25,29,Success
PAY-011974,CUST-0654,2025-09-24,29,Success
PAY-011975,CUST-0654,2025-10-24,29,Success
PAY-011976,CUST-0654,2025-11-23,29,Success
PAY-011977,CUST-0654,2025-12-23,29,Success
PAY-011978,CUST-0654,2026-01-22,29,Success
PAY-011979,CUST-0654,2026-02-21,29,Success
PAY-011980,CUST-0654,2026-03-23,29,Success
PAY-011981,CUST-0654,2026-04-22,29,Success
PAY-011982,CUST-0654,2026-05-22,29,Success
PAY-011983,CUST-0654,2026-06-21,29,Success
PAY-011984,CUST-0655,2024-05-06,29,Failed
PAY-011985,CUST-0655,2024-06-05,29,Success
PAY-011986,CUST-0655,2024-07-05,29,Success
PAY-011987,CUST-0655,2024-08-04,29,Success
PAY-011988,CUST-0655,2024-09-03,29,Success
PAY-011989,CUST-0656,2024-01-26,29,Success
PAY-011990,CUST-0656,2024-02-25,29,Success
PAY-011991,CUST-0656,2024-03-26,29,Failed
PAY-011992,CUST-0656,2024-04-25,29,Success
PAY-011993,CUST-0656,2024-05-25,29,Failed
PAY-011994,CUST-0656,2024-06-24,29,Success
PAY-011995,CUST-0656,2024-07-24,29,Success
PAY-011996,CUST-0656,2024-08-23,29,Success
PAY-011997,CUST-0656,2024-09-22,29,Success
PAY-011998,CUST-0656,2024-10-22,29,Success
PAY-011999,CUST-0656,2024-11-21,29,Success
PAY-012000,CUST-0656,2024-12-21,29,Success
PAY-012001,CUST-0656,2025-01-20,29,Success
PAY-012002,CUST-0656,2025-02-19,29,Success
PAY-012003,CUST-0656,2025-03-21,29,Success
PAY-012004,CUST-0656,2025-04-20,29,Success
PAY-012005,CUST-0656,2025-05-20,29,Success
PAY-012006,CUST-0656,2025-06-19,29,Success
PAY-012007,CUST-0656,2025-07-19,29,Success
PAY-012008,CUST-0656,2025-08-18,29,Success
PAY-012009,CUST-0656,2025-09-17,29,Success
PAY-012010,CUST-0656,2025-10-17,29,Success
PAY-012011,CUST-0656,2025-11-16,29,Success
PAY-012012,CUST-0656,2025-12-16,29,Success
PAY-012013,CUST-0656,2026-01-15,29,Success
PAY-012014,CUST-0656,2026-02-14,29,Success
PAY-012015,CUST-0656,2026-03-16,29,Success
PAY-012016,CUST-0656,2026-04-15,29,Success
PAY-012017,CUST-0656,2026-05-15,29,Success
PAY-012018,CUST-0656,2026-06-14,29,Success
PAY-012019,CUST-0657,2025-03-18,99,Success
PAY-012020,CUST-0657,2025-04-17,99,Success
PAY-012021,CUST-0657,2025-05-17,99,Success
PAY-012022,CUST-0657,2025-06-16,99,Success
PAY-012023,CUST-0657,2025-07-16,99,Success
PAY-012024,CUST-0657,2025-08-15,99,Failed
PAY-012025,CUST-0657,2025-09-14,99,Success
PAY-012026,CUST-0657,2025-10-14,99,Success
PAY-012027,CUST-0657,2025-11-13,99,Success
PAY-012028,CUST-0657,2025-12-13,99,Success
PAY-012029,CUST-0657,2026-01-12,99,Success
PAY-012030,CUST-0657,2026-02-11,99,Success
PAY-012031,CUST-0657,2026-03-13,99,Success
PAY-012032,CUST-0657,2026-04-12,99,Success
PAY-012033,CUST-0657,2026-05-12,99,Success
PAY-012034,CUST-0657,2026-06-11,99,Success
PAY-012035,CUST-0658,2025-05-07,29,Success
PAY-012036,CUST-0658,2025-06-06,29,Success
PAY-012037,CUST-0658,2025-07-06,29,Success
PAY-012038,CUST-0658,2025-08-05,29,Success
PAY-012039,CUST-0658,2025-09-04,29,Success
PAY-012040,CUST-0658,2025-10-04,29,Success
PAY-012041,CUST-0658,2025-11-03,29,Success
PAY-012042,CUST-0658,2025-12-03,29,Success
PAY-012043,CUST-0658,2026-01-02,29,Success
PAY-012044,CUST-0658,2026-02-01,29,Success
PAY-012045,CUST-0658,2026-03-03,29,Success
PAY-012046,CUST-0658,2026-04-02,29,Success
PAY-012047,CUST-0658,2026-05-02,29,Success
PAY-012048,CUST-0659,2025-04-23,99,Success
PAY-012049,CUST-0659,2025-05-23,99,Success
PAY-012050,CUST-0659,2025-06-22,99,Success
PAY-012051,CUST-0659,2025-07-22,99,Success
PAY-012052,CUST-0659,2025-08-21,99,Success
PAY-012053,CUST-0659,2025-09-20,99,Success
PAY-012054,CUST-0659,2025-10-20,99,Success
PAY-012055,CUST-0659,2025-11-19,99,Success
PAY-012056,CUST-0659,2025-12-19,99,Success
PAY-012057,CUST-0659,2026-01-18,99,Success
PAY-012058,CUST-0659,2026-02-17,99,Success
PAY-012059,CUST-0659,2026-03-19,99,Success
PAY-012060,CUST-0659,2026-04-18,99,Success
PAY-012061,CUST-0659,2026-05-18,99,Success
PAY-012062,CUST-0659,2026-06-17,99,Success
PAY-012063,CUST-0660,2025-01-25,29,Success
PAY-012064,CUST-0660,2025-02-24,29,Success
PAY-012065,CUST-0660,2025-03-26,29,Success
PAY-012066,CUST-0660,2025-04-25,29,Success
PAY-012067,CUST-0660,2025-05-25,29,Success
PAY-012068,CUST-0660,2025-06-24,29,Success
PAY-012069,CUST-0660,2025-07-24,29,Success
PAY-012070,CUST-0661,2024-09-20,29,Success
PAY-012071,CUST-0661,2024-10-20,29,Success
PAY-012072,CUST-0661,2024-11-19,29,Success
PAY-012073,CUST-0661,2024-12-19,29,Success
PAY-012074,CUST-0661,2025-01-18,29,Success
PAY-012075,CUST-0661,2025-02-17,29,Success
PAY-012076,CUST-0661,2025-03-19,29,Success
PAY-012077,CUST-0661,2025-04-18,29,Success
PAY-012078,CUST-0661,2025-05-18,29,Success
PAY-012079,CUST-0661,2025-06-17,29,Success
PAY-012080,CUST-0661,2025-07-17,29,Success
PAY-012081,CUST-0661,2025-08-16,29,Success
PAY-012082,CUST-0661,2025-09-15,29,Success
PAY-012083,CUST-0661,2025-10-15,29,Success
PAY-012084,CUST-0661,2025-11-14,29,Success
PAY-012085,CUST-0661,2025-12-14,29,Success
PAY-012086,CUST-0661,2026-01-13,29,Success
PAY-012087,CUST-0661,2026-02-12,29,Success
PAY-012088,CUST-0661,2026-03-14,29,Success
PAY-012089,CUST-0661,2026-04-13,29,Success
PAY-012090,CUST-0661,2026-05-13,29,Success
PAY-012091,CUST-0661,2026-06-12,29,Success
PAY-012092,CUST-0662,2025-03-26,299,Success
PAY-012093,CUST-0662,2025-04-25,299,Success
PAY-012094,CUST-0662,2025-05-25,299,Success
PAY-012095,CUST-0662,2025-06-24,299,Success
PAY-012096,CUST-0662,2025-07-24,299,Success
PAY-012097,CUST-0662,2025-08-23,299,Success
PAY-012098,CUST-0662,2025-09-22,299,Success
PAY-012099,CUST-0662,2025-10-22,299,Success
PAY-012100,CUST-0662,2025-11-21,299,Success
PAY-012101,CUST-0662,2025-12-21,299,Success
PAY-012102,CUST-0662,2026-01-20,299,Success
PAY-012103,CUST-0662,2026-02-19,299,Success
PAY-012104,CUST-0662,2026-03-21,299,Success
PAY-012105,CUST-0662,2026-04-20,299,Failed
PAY-012106,CUST-0662,2026-05-20,299,Success
PAY-012107,CUST-0662,2026-06-19,299,Success
PAY-012108,CUST-0663,2024-01-12,99,Success
PAY-012109,CUST-0663,2024-02-11,99,Success
PAY-012110,CUST-0663,2024-03-12,99,Success
PAY-012111,CUST-0663,2024-04-11,99,Success
PAY-012112,CUST-0663,2024-05-11,99,Success
PAY-012113,CUST-0663,2024-06-10,99,Success
PAY-012114,CUST-0663,2024-07-10,99,Success
PAY-012115,CUST-0663,2024-08-09,99,Success
PAY-012116,CUST-0663,2024-09-08,99,Success
PAY-012117,CUST-0663,2024-10-08,99,Success
PAY-012118,CUST-0663,2024-11-07,99,Success
PAY-012119,CUST-0663,2024-12-07,99,Success
PAY-012120,CUST-0663,2025-01-06,99,Success
PAY-012121,CUST-0663,2025-02-05,99,Success
PAY-012122,CUST-0663,2025-03-07,99,Success
PAY-012123,CUST-0663,2025-04-06,99,Success
PAY-012124,CUST-0663,2025-05-06,99,Success
PAY-012125,CUST-0663,2025-06-05,99,Success
PAY-012126,CUST-0663,2025-07-05,99,Success
PAY-012127,CUST-0663,2025-08-04,99,Success
PAY-012128,CUST-0663,2025-09-03,99,Success
PAY-012129,CUST-0663,2025-10-03,99,Failed
PAY-012130,CUST-0663,2025-11-02,99,Success
PAY-012131,CUST-0663,2025-12-02,99,Success
PAY-012132,CUST-0663,2026-01-01,99,Success
PAY-012133,CUST-0663,2026-01-31,99,Success
PAY-012134,CUST-0663,2026-03-02,99,Success
PAY-012135,CUST-0663,2026-04-01,99,Success
PAY-012136,CUST-0663,2026-05-01,99,Success
PAY-012137,CUST-0663,2026-05-31,99,Success
PAY-012138,CUST-0663,2026-06-30,99,Success
PAY-012139,CUST-0664,2024-09-15,29,Success
PAY-012140,CUST-0664,2024-10-15,29,Success
PAY-012141,CUST-0664,2024-11-14,29,Success
PAY-012142,CUST-0664,2024-12-14,29,Success
PAY-012143,CUST-0664,2025-01-13,29,Success
PAY-012144,CUST-0664,2025-02-12,29,Success
PAY-012145,CUST-0664,2025-03-14,29,Success
PAY-012146,CUST-0664,2025-04-13,29,Success
PAY-012147,CUST-0664,2025-05-13,29,Success
PAY-012148,CUST-0664,2025-06-12,29,Success
PAY-012149,CUST-0664,2025-07-12,29,Success
PAY-012150,CUST-0664,2025-08-11,29,Success
PAY-012151,CUST-0664,2025-09-10,29,Success
PAY-012152,CUST-0664,2025-10-10,29,Success
PAY-012153,CUST-0664,2025-11-09,29,Success
PAY-012154,CUST-0664,2025-12-09,29,Success
PAY-012155,CUST-0664,2026-01-08,29,Success
PAY-012156,CUST-0664,2026-02-07,29,Success
PAY-012157,CUST-0664,2026-03-09,29,Success
PAY-012158,CUST-0664,2026-04-08,29,Success
PAY-012159,CUST-0664,2026-05-08,29,Success
PAY-012160,CUST-0664,2026-06-07,29,Success
PAY-012161,CUST-0665,2024-04-20,29,Success
PAY-012162,CUST-0665,2024-05-20,29,Success
PAY-012163,CUST-0665,2024-06-19,29,Success
PAY-012164,CUST-0665,2024-07-19,29,Success
PAY-012165,CUST-0665,2024-08-18,29,Success
PAY-012166,CUST-0665,2024-09-17,29,Success
PAY-012167,CUST-0665,2024-10-17,29,Success
PAY-012168,CUST-0665,2024-11-16,29,Success
PAY-012169,CUST-0665,2024-12-16,29,Success
PAY-012170,CUST-0665,2025-01-15,29,Success
PAY-012171,CUST-0665,2025-02-14,29,Success
PAY-012172,CUST-0665,2025-03-16,29,Success
PAY-012173,CUST-0665,2025-04-15,29,Success
PAY-012174,CUST-0665,2025-05-15,29,Success
PAY-012175,CUST-0665,2025-06-14,29,Success
PAY-012176,CUST-0665,2025-07-14,29,Success
PAY-012177,CUST-0665,2025-08-13,29,Success
PAY-012178,CUST-0665,2025-09-12,29,Success
PAY-012179,CUST-0665,2025-10-12,29,Success
PAY-012180,CUST-0665,2025-11-11,29,Success
PAY-012181,CUST-0665,2025-12-11,29,Success
PAY-012182,CUST-0665,2026-01-10,29,Success
PAY-012183,CUST-0665,2026-02-09,29,Success
PAY-012184,CUST-0665,2026-03-11,29,Success
PAY-012185,CUST-0665,2026-04-10,29,Success
PAY-012186,CUST-0665,2026-05-10,29,Success
PAY-012187,CUST-0665,2026-06-09,29,Success
PAY-012188,CUST-0666,2024-01-26,299,Success
PAY-012189,CUST-0666,2024-02-25,299,Success
PAY-012190,CUST-0666,2024-03-26,299,Success
PAY-012191,CUST-0666,2024-04-25,299,Success
PAY-012192,CUST-0666,2024-05-25,299,Success
PAY-012193,CUST-0666,2024-06-24,299,Success
PAY-012194,CUST-0666,2024-07-24,299,Success
PAY-012195,CUST-0666,2024-08-23,299,Success
PAY-012196,CUST-0666,2024-09-22,299,Success
PAY-012197,CUST-0666,2024-10-22,299,Success
PAY-012198,CUST-0666,2024-11-21,299,Success
PAY-012199,CUST-0666,2024-12-21,299,Success
PAY-012200,CUST-0666,2025-01-20,299,Success
PAY-012201,CUST-0666,2025-02-19,299,Success
PAY-012202,CUST-0666,2025-03-21,299,Failed
PAY-012203,CUST-0666,2025-04-20,299,Success
PAY-012204,CUST-0666,2025-05-20,299,Success
PAY-012205,CUST-0666,2025-06-19,299,Success
PAY-012206,CUST-0666,2025-07-19,299,Success
PAY-012207,CUST-0666,2025-08-18,299,Success
PAY-012208,CUST-0666,2025-09-17,299,Success
PAY-012209,CUST-0666,2025-10-17,299,Success
PAY-012210,CUST-0666,2025-11-16,299,Success
PAY-012211,CUST-0666,2025-12-16,299,Success
PAY-012212,CUST-0666,2026-01-15,299,Success
PAY-012213,CUST-0666,2026-02-14,299,Success
PAY-012214,CUST-0666,2026-03-16,299,Success
PAY-012215,CUST-0666,2026-04-15,299,Success
PAY-012216,CUST-0666,2026-05-15,299,Success
PAY-012217,CUST-0666,2026-06-14,299,Success
PAY-012218,CUST-0667,2024-11-01,29,Success
PAY-012219,CUST-0667,2024-12-01,29,Success
PAY-012220,CUST-0667,2024-12-31,29,Success
PAY-012221,CUST-0668,2024-10-01,29,Success
PAY-012222,CUST-0668,2024-10-31,29,Success
PAY-012223,CUST-0668,2024-11-30,29,Success
PAY-012224,CUST-0668,2024-12-30,29,Success
PAY-012225,CUST-0668,2025-01-29,29,Success
PAY-012226,CUST-0668,2025-02-28,29,Success
PAY-012227,CUST-0668,2025-03-30,29,Success
PAY-012228,CUST-0668,2025-04-29,29,Success
PAY-012229,CUST-0668,2025-05-29,29,Success
PAY-012230,CUST-0668,2025-06-28,29,Success
PAY-012231,CUST-0668,2025-07-28,29,Success
PAY-012232,CUST-0668,2025-08-27,29,Success
PAY-012233,CUST-0668,2025-09-26,29,Failed
PAY-012234,CUST-0668,2025-10-26,29,Success
PAY-012235,CUST-0668,2025-11-25,29,Success
PAY-012236,CUST-0668,2025-12-25,29,Success
PAY-012237,CUST-0668,2026-01-24,29,Success
PAY-012238,CUST-0668,2026-02-23,29,Success
PAY-012239,CUST-0668,2026-03-25,29,Success
PAY-012240,CUST-0668,2026-04-24,29,Success
PAY-012241,CUST-0668,2026-05-24,29,Success
PAY-012242,CUST-0668,2026-06-23,29,Success
PAY-012243,CUST-0669,2024-08-08,29,Success
PAY-012244,CUST-0669,2024-09-07,29,Success
PAY-012245,CUST-0669,2024-10-07,29,Success
PAY-012246,CUST-0669,2024-11-06,29,Success
PAY-012247,CUST-0669,2024-12-06,29,Success
PAY-012248,CUST-0669,2025-01-05,29,Success
PAY-012249,CUST-0669,2025-02-04,29,Success
PAY-012250,CUST-0669,2025-03-06,29,Success
PAY-012251,CUST-0669,2025-04-05,29,Success
PAY-012252,CUST-0669,2025-05-05,29,Success
PAY-012253,CUST-0669,2025-06-04,29,Success
PAY-012254,CUST-0669,2025-07-04,29,Success
PAY-012255,CUST-0669,2025-08-03,29,Success
PAY-012256,CUST-0669,2025-09-02,29,Success
PAY-012257,CUST-0669,2025-10-02,29,Success
PAY-012258,CUST-0669,2025-11-01,29,Success
PAY-012259,CUST-0669,2025-12-01,29,Success
PAY-012260,CUST-0669,2025-12-31,29,Success
PAY-012261,CUST-0669,2026-01-30,29,Success
PAY-012262,CUST-0669,2026-03-01,29,Success
PAY-012263,CUST-0669,2026-03-31,29,Success
PAY-012264,CUST-0669,2026-04-30,29,Success
PAY-012265,CUST-0669,2026-05-30,29,Success
PAY-012266,CUST-0669,2026-06-29,29,Success
PAY-012267,CUST-0670,2025-01-07,299,Success
PAY-012268,CUST-0670,2025-02-06,299,Success
PAY-012269,CUST-0670,2025-03-08,299,Success
PAY-012270,CUST-0670,2025-04-07,299,Success
PAY-012271,CUST-0670,2025-05-07,299,Success
PAY-012272,CUST-0670,2025-06-06,299,Success
PAY-012273,CUST-0670,2025-07-06,299,Success
PAY-012274,CUST-0670,2025-08-05,299,Success
PAY-012275,CUST-0671,2024-07-06,99,Success
PAY-012276,CUST-0671,2024-08-05,99,Success
PAY-012277,CUST-0671,2024-09-04,99,Success
PAY-012278,CUST-0671,2024-10-04,99,Success
PAY-012279,CUST-0671,2024-11-03,99,Success
PAY-012280,CUST-0671,2024-12-03,99,Success
PAY-012281,CUST-0671,2025-01-02,99,Success
PAY-012282,CUST-0671,2025-02-01,99,Success
PAY-012283,CUST-0671,2025-03-03,99,Success
PAY-012284,CUST-0671,2025-04-02,99,Success
PAY-012285,CUST-0671,2025-05-02,99,Success
PAY-012286,CUST-0671,2025-06-01,99,Success
PAY-012287,CUST-0671,2025-07-01,99,Success
PAY-012288,CUST-0671,2025-07-31,99,Success
PAY-012289,CUST-0671,2025-08-30,99,Success
PAY-012290,CUST-0671,2025-09-29,99,Success
PAY-012291,CUST-0671,2025-10-29,99,Success
PAY-012292,CUST-0671,2025-11-28,99,Success
PAY-012293,CUST-0671,2025-12-28,99,Success
PAY-012294,CUST-0671,2026-01-27,99,Success
PAY-012295,CUST-0671,2026-02-26,99,Success
PAY-012296,CUST-0671,2026-03-28,99,Success
PAY-012297,CUST-0671,2026-04-27,99,Success
PAY-012298,CUST-0671,2026-05-27,99,Success
PAY-012299,CUST-0671,2026-06-26,99,Success
PAY-012300,CUST-0672,2024-01-27,29,Success
PAY-012301,CUST-0672,2024-02-26,29,Success
PAY-012302,CUST-0672,2024-03-27,29,Success
PAY-012303,CUST-0672,2024-04-26,29,Success
PAY-012304,CUST-0672,2024-05-26,29,Success
PAY-012305,CUST-0672,2024-06-25,29,Success
PAY-012306,CUST-0672,2024-07-25,29,Success
PAY-012307,CUST-0672,2024-08-24,29,Success
PAY-012308,CUST-0672,2024-09-23,29,Success
PAY-012309,CUST-0672,2024-10-23,29,Success
PAY-012310,CUST-0672,2024-11-22,29,Success
PAY-012311,CUST-0672,2024-12-22,29,Success
PAY-012312,CUST-0672,2025-01-21,29,Success
PAY-012313,CUST-0672,2025-02-20,29,Success
PAY-012314,CUST-0672,2025-03-22,29,Success
PAY-012315,CUST-0672,2025-04-21,29,Success
PAY-012316,CUST-0672,2025-05-21,29,Success
PAY-012317,CUST-0672,2025-06-20,29,Success
PAY-012318,CUST-0672,2025-07-20,29,Success
PAY-012319,CUST-0672,2025-08-19,29,Success
PAY-012320,CUST-0672,2025-09-18,29,Success
PAY-012321,CUST-0672,2025-10-18,29,Success
PAY-012322,CUST-0672,2025-11-17,29,Success
PAY-012323,CUST-0672,2025-12-17,29,Success
PAY-012324,CUST-0672,2026-01-16,29,Success
PAY-012325,CUST-0672,2026-02-15,29,Success
PAY-012326,CUST-0672,2026-03-17,29,Success
PAY-012327,CUST-0672,2026-04-16,29,Success
PAY-012328,CUST-0672,2026-05-16,29,Success
PAY-012329,CUST-0672,2026-06-15,29,Success
PAY-012330,CUST-0673,2024-10-10,99,Success
PAY-012331,CUST-0673,2024-11-09,99,Success
PAY-012332,CUST-0673,2024-12-09,99,Success
PAY-012333,CUST-0673,2025-01-08,99,Success
PAY-012334,CUST-0673,2025-02-07,99,Success
PAY-012335,CUST-0673,2025-03-09,99,Success
PAY-012336,CUST-0674,2024-07-16,99,Success
PAY-012337,CUST-0674,2024-08-15,99,Success
PAY-012338,CUST-0674,2024-09-14,99,Success
PAY-012339,CUST-0674,2024-10-14,99,Success
PAY-012340,CUST-0674,2024-11-13,99,Success
PAY-012341,CUST-0674,2024-12-13,99,Success
PAY-012342,CUST-0674,2025-01-12,99,Success
PAY-012343,CUST-0674,2025-02-11,99,Success
PAY-012344,CUST-0674,2025-03-13,99,Success
PAY-012345,CUST-0674,2025-04-12,99,Success
PAY-012346,CUST-0674,2025-05-12,99,Success
PAY-012347,CUST-0674,2025-06-11,99,Failed
PAY-012348,CUST-0674,2025-07-11,99,Success
PAY-012349,CUST-0674,2025-08-10,99,Success
PAY-012350,CUST-0674,2025-09-09,99,Success
PAY-012351,CUST-0674,2025-10-09,99,Success
PAY-012352,CUST-0674,2025-11-08,99,Success
PAY-012353,CUST-0674,2025-12-08,99,Success
PAY-012354,CUST-0674,2026-01-07,99,Success
PAY-012355,CUST-0674,2026-02-06,99,Success
PAY-012356,CUST-0674,2026-03-08,99,Success
PAY-012357,CUST-0674,2026-04-07,99,Success
PAY-012358,CUST-0674,2026-05-07,99,Success
PAY-012359,CUST-0674,2026-06-06,99,Success
PAY-012360,CUST-0675,2025-02-26,29,Success
PAY-012361,CUST-0675,2025-03-28,29,Success
PAY-012362,CUST-0675,2025-04-27,29,Success
PAY-012363,CUST-0675,2025-05-27,29,Success
PAY-012364,CUST-0675,2025-06-26,29,Success
PAY-012365,CUST-0675,2025-07-26,29,Success
PAY-012366,CUST-0675,2025-08-25,29,Success
PAY-012367,CUST-0675,2025-09-24,29,Success
PAY-012368,CUST-0675,2025-10-24,29,Success
PAY-012369,CUST-0675,2025-11-23,29,Success
PAY-012370,CUST-0675,2025-12-23,29,Success
PAY-012371,CUST-0675,2026-01-22,29,Success
PAY-012372,CUST-0676,2025-05-14,29,Success
PAY-012373,CUST-0676,2025-06-13,29,Success
PAY-012374,CUST-0676,2025-07-13,29,Success
PAY-012375,CUST-0676,2025-08-12,29,Success
PAY-012376,CUST-0676,2025-09-11,29,Success
PAY-012377,CUST-0676,2025-10-11,29,Success
PAY-012378,CUST-0677,2024-07-10,29,Success
PAY-012379,CUST-0677,2024-08-09,29,Success
PAY-012380,CUST-0677,2024-09-08,29,Success
PAY-012381,CUST-0677,2024-10-08,29,Success
PAY-012382,CUST-0677,2024-11-07,29,Success
PAY-012383,CUST-0677,2024-12-07,29,Success
PAY-012384,CUST-0677,2025-01-06,29,Success
PAY-012385,CUST-0678,2025-01-21,299,Success
PAY-012386,CUST-0678,2025-02-20,299,Success
PAY-012387,CUST-0678,2025-03-22,299,Success
PAY-012388,CUST-0678,2025-04-21,299,Success
PAY-012389,CUST-0678,2025-05-21,299,Success
PAY-012390,CUST-0678,2025-06-20,299,Success
PAY-012391,CUST-0678,2025-07-20,299,Success
PAY-012392,CUST-0678,2025-08-19,299,Failed
PAY-012393,CUST-0678,2025-09-18,299,Success
PAY-012394,CUST-0678,2025-10-18,299,Success
PAY-012395,CUST-0678,2025-11-17,299,Success
PAY-012396,CUST-0678,2025-12-17,299,Success
PAY-012397,CUST-0678,2026-01-16,299,Success
PAY-012398,CUST-0678,2026-02-15,299,Success
PAY-012399,CUST-0678,2026-03-17,299,Success
PAY-012400,CUST-0678,2026-04-16,299,Success
PAY-012401,CUST-0678,2026-05-16,299,Success
PAY-012402,CUST-0678,2026-06-15,299,Success
PAY-012403,CUST-0679,2024-11-04,29,Failed
PAY-012404,CUST-0679,2024-12-04,29,Success
PAY-012405,CUST-0679,2025-01-03,29,Success
PAY-012406,CUST-0679,2025-02-02,29,Success
PAY-012407,CUST-0679,2025-03-04,29,Success
PAY-012408,CUST-0679,2025-04-03,29,Success
PAY-012409,CUST-0679,2025-05-03,29,Success
PAY-012410,CUST-0679,2025-06-02,29,Success
PAY-012411,CUST-0679,2025-07-02,29,Success
PAY-012412,CUST-0679,2025-08-01,29,Success
PAY-012413,CUST-0679,2025-08-31,29,Success
PAY-012414,CUST-0679,2025-09-30,29,Success
PAY-012415,CUST-0679,2025-10-30,29,Success
PAY-012416,CUST-0679,2025-11-29,29,Success
PAY-012417,CUST-0679,2025-12-29,29,Success
PAY-012418,CUST-0679,2026-01-28,29,Success
PAY-012419,CUST-0679,2026-02-27,29,Success
PAY-012420,CUST-0679,2026-03-29,29,Success
PAY-012421,CUST-0679,2026-04-28,29,Success
PAY-012422,CUST-0679,2026-05-28,29,Success
PAY-012423,CUST-0679,2026-06-27,29,Success
PAY-012424,CUST-0680,2024-01-24,29,Success
PAY-012425,CUST-0680,2024-02-23,29,Success
PAY-012426,CUST-0680,2024-03-24,29,Success
PAY-012427,CUST-0680,2024-04-23,29,Success
PAY-012428,CUST-0680,2024-05-23,29,Success
PAY-012429,CUST-0680,2024-06-22,29,Success
PAY-012430,CUST-0680,2024-07-22,29,Success
PAY-012431,CUST-0680,2024-08-21,29,Success
PAY-012432,CUST-0680,2024-09-20,29,Success
PAY-012433,CUST-0680,2024-10-20,29,Success
PAY-012434,CUST-0680,2024-11-19,29,Success
PAY-012435,CUST-0680,2024-12-19,29,Success
PAY-012436,CUST-0680,2025-01-18,29,Success
PAY-012437,CUST-0680,2025-02-17,29,Success
PAY-012438,CUST-0680,2025-03-19,29,Success
PAY-012439,CUST-0680,2025-04-18,29,Success
PAY-012440,CUST-0680,2025-05-18,29,Success
PAY-012441,CUST-0680,2025-06-17,29,Success
PAY-012442,CUST-0680,2025-07-17,29,Success
PAY-012443,CUST-0680,2025-08-16,29,Success
PAY-012444,CUST-0680,2025-09-15,29,Success
PAY-012445,CUST-0680,2025-10-15,29,Success
PAY-012446,CUST-0680,2025-11-14,29,Success
PAY-012447,CUST-0680,2025-12-14,29,Success
PAY-012448,CUST-0680,2026-01-13,29,Success
PAY-012449,CUST-0680,2026-02-12,29,Success
PAY-012450,CUST-0680,2026-03-14,29,Success
PAY-012451,CUST-0680,2026-04-13,29,Success
PAY-012452,CUST-0680,2026-05-13,29,Success
PAY-012453,CUST-0680,2026-06-12,29,Success
PAY-012454,CUST-0681,2024-12-31,99,Success
PAY-012455,CUST-0681,2025-01-30,99,Success
PAY-012456,CUST-0681,2025-03-01,99,Success
PAY-012457,CUST-0681,2025-03-31,99,Success
PAY-012458,CUST-0681,2025-04-30,99,Success
PAY-012459,CUST-0681,2025-05-30,99,Success
PAY-012460,CUST-0681,2025-06-29,99,Success
PAY-012461,CUST-0681,2025-07-29,99,Success
PAY-012462,CUST-0681,2025-08-28,99,Success
PAY-012463,CUST-0681,2025-09-27,99,Success
PAY-012464,CUST-0681,2025-10-27,99,Success
PAY-012465,CUST-0681,2025-11-26,99,Success
PAY-012466,CUST-0681,2025-12-26,99,Success
PAY-012467,CUST-0681,2026-01-25,99,Success
PAY-012468,CUST-0681,2026-02-24,99,Success
PAY-012469,CUST-0681,2026-03-26,99,Success
PAY-012470,CUST-0681,2026-04-25,99,Success
PAY-012471,CUST-0681,2026-05-25,99,Success
PAY-012472,CUST-0681,2026-06-24,99,Success
PAY-012473,CUST-0682,2024-09-22,29,Success
PAY-012474,CUST-0682,2024-10-22,29,Success
PAY-012475,CUST-0682,2024-11-21,29,Success
PAY-012476,CUST-0682,2024-12-21,29,Success
PAY-012477,CUST-0682,2025-01-20,29,Success
PAY-012478,CUST-0682,2025-02-19,29,Success
PAY-012479,CUST-0682,2025-03-21,29,Success
PAY-012480,CUST-0682,2025-04-20,29,Success
PAY-012481,CUST-0682,2025-05-20,29,Success
PAY-012482,CUST-0682,2025-06-19,29,Success
PAY-012483,CUST-0682,2025-07-19,29,Success
PAY-012484,CUST-0682,2025-08-18,29,Success
PAY-012485,CUST-0682,2025-09-17,29,Success
PAY-012486,CUST-0682,2025-10-17,29,Success
PAY-012487,CUST-0682,2025-11-16,29,Success
PAY-012488,CUST-0682,2025-12-16,29,Success
PAY-012489,CUST-0682,2026-01-15,29,Success
PAY-012490,CUST-0682,2026-02-14,29,Success
PAY-012491,CUST-0682,2026-03-16,29,Success
PAY-012492,CUST-0682,2026-04-15,29,Success
PAY-012493,CUST-0682,2026-05-15,29,Failed
PAY-012494,CUST-0682,2026-06-14,29,Success
PAY-012495,CUST-0683,2024-11-06,299,Success
PAY-012496,CUST-0683,2024-12-06,299,Success
PAY-012497,CUST-0683,2025-01-05,299,Success
PAY-012498,CUST-0683,2025-02-04,299,Success
PAY-012499,CUST-0683,2025-03-06,299,Success
PAY-012500,CUST-0683,2025-04-05,299,Success
PAY-012501,CUST-0683,2025-05-05,299,Success
PAY-012502,CUST-0683,2025-06-04,299,Success
PAY-012503,CUST-0683,2025-07-04,299,Success
PAY-012504,CUST-0683,2025-08-03,299,Success
PAY-012505,CUST-0683,2025-09-02,299,Success
PAY-012506,CUST-0683,2025-10-02,299,Success
PAY-012507,CUST-0683,2025-11-01,299,Success
PAY-012508,CUST-0683,2025-12-01,299,Success
PAY-012509,CUST-0683,2025-12-31,299,Success
PAY-012510,CUST-0683,2026-01-30,299,Success
PAY-012511,CUST-0683,2026-03-01,299,Success
PAY-012512,CUST-0683,2026-03-31,299,Success
PAY-012513,CUST-0683,2026-04-30,299,Success
PAY-012514,CUST-0683,2026-05-30,299,Success
PAY-012515,CUST-0683,2026-06-29,299,Success
PAY-012516,CUST-0684,2025-04-21,29,Success
PAY-012517,CUST-0684,2025-05-21,29,Failed
PAY-012518,CUST-0684,2025-06-20,29,Success
PAY-012519,CUST-0684,2025-07-20,29,Success
PAY-012520,CUST-0684,2025-08-19,29,Success
PAY-012521,CUST-0684,2025-09-18,29,Success
PAY-012522,CUST-0684,2025-10-18,29,Success
PAY-012523,CUST-0684,2025-11-17,29,Success
PAY-012524,CUST-0684,2025-12-17,29,Success
PAY-012525,CUST-0684,2026-01-16,29,Success
PAY-012526,CUST-0684,2026-02-15,29,Success
PAY-012527,CUST-0684,2026-03-17,29,Success
PAY-012528,CUST-0684,2026-04-16,29,Success
PAY-012529,CUST-0684,2026-05-16,29,Success
PAY-012530,CUST-0684,2026-06-15,29,Success
PAY-012531,CUST-0685,2024-07-20,99,Success
PAY-012532,CUST-0685,2024-08-19,99,Success
PAY-012533,CUST-0685,2024-09-18,99,Success
PAY-012534,CUST-0685,2024-10-18,99,Success
PAY-012535,CUST-0685,2024-11-17,99,Success
PAY-012536,CUST-0685,2024-12-17,99,Success
PAY-012537,CUST-0685,2025-01-16,99,Success
PAY-012538,CUST-0685,2025-02-15,99,Success
PAY-012539,CUST-0685,2025-03-17,99,Success
PAY-012540,CUST-0685,2025-04-16,99,Success
PAY-012541,CUST-0685,2025-05-16,99,Success
PAY-012542,CUST-0685,2025-06-15,99,Success
PAY-012543,CUST-0685,2025-07-15,99,Success
PAY-012544,CUST-0685,2025-08-14,99,Success
PAY-012545,CUST-0685,2025-09-13,99,Success
PAY-012546,CUST-0685,2025-10-13,99,Success
PAY-012547,CUST-0685,2025-11-12,99,Success
PAY-012548,CUST-0685,2025-12-12,99,Success
PAY-012549,CUST-0685,2026-01-11,99,Success
PAY-012550,CUST-0685,2026-02-10,99,Success
PAY-012551,CUST-0685,2026-03-12,99,Success
PAY-012552,CUST-0685,2026-04-11,99,Success
PAY-012553,CUST-0685,2026-05-11,99,Success
PAY-012554,CUST-0685,2026-06-10,99,Success
PAY-012555,CUST-0686,2024-09-16,99,Success
PAY-012556,CUST-0686,2024-10-16,99,Success
PAY-012557,CUST-0686,2024-11-15,99,Success
PAY-012558,CUST-0686,2024-12-15,99,Success
PAY-012559,CUST-0686,2025-01-14,99,Success
PAY-012560,CUST-0686,2025-02-13,99,Success
PAY-012561,CUST-0686,2025-03-15,99,Success
PAY-012562,CUST-0686,2025-04-14,99,Success
PAY-012563,CUST-0686,2025-05-14,99,Success
PAY-012564,CUST-0686,2025-06-13,99,Success
PAY-012565,CUST-0686,2025-07-13,99,Success
PAY-012566,CUST-0686,2025-08-12,99,Success
PAY-012567,CUST-0686,2025-09-11,99,Success
PAY-012568,CUST-0686,2025-10-11,99,Success
PAY-012569,CUST-0686,2025-11-10,99,Success
PAY-012570,CUST-0686,2025-12-10,99,Success
PAY-012571,CUST-0686,2026-01-09,99,Success
PAY-012572,CUST-0686,2026-02-08,99,Success
PAY-012573,CUST-0686,2026-03-10,99,Success
PAY-012574,CUST-0686,2026-04-09,99,Success
PAY-012575,CUST-0686,2026-05-09,99,Success
PAY-012576,CUST-0686,2026-06-08,99,Success
PAY-012577,CUST-0687,2024-08-31,29,Failed
PAY-012578,CUST-0687,2024-09-30,29,Success
PAY-012579,CUST-0688,2024-06-18,29,Success
PAY-012580,CUST-0688,2024-07-18,29,Success
PAY-012581,CUST-0688,2024-08-17,29,Success
PAY-012582,CUST-0688,2024-09-16,29,Success
PAY-012583,CUST-0688,2024-10-16,29,Success
PAY-012584,CUST-0688,2024-11-15,29,Success
PAY-012585,CUST-0688,2024-12-15,29,Success
PAY-012586,CUST-0688,2025-01-14,29,Success
PAY-012587,CUST-0688,2025-02-13,29,Success
PAY-012588,CUST-0688,2025-03-15,29,Failed
PAY-012589,CUST-0688,2025-04-14,29,Success
PAY-012590,CUST-0688,2025-05-14,29,Success
PAY-012591,CUST-0688,2025-06-13,29,Success
PAY-012592,CUST-0688,2025-07-13,29,Success
PAY-012593,CUST-0688,2025-08-12,29,Success
PAY-012594,CUST-0688,2025-09-11,29,Success
PAY-012595,CUST-0688,2025-10-11,29,Success
PAY-012596,CUST-0688,2025-11-10,29,Success
PAY-012597,CUST-0688,2025-12-10,29,Success
PAY-012598,CUST-0688,2026-01-09,29,Success
PAY-012599,CUST-0688,2026-02-08,29,Success
PAY-012600,CUST-0688,2026-03-10,29,Success
PAY-012601,CUST-0688,2026-04-09,29,Success
PAY-012602,CUST-0688,2026-05-09,29,Success
PAY-012603,CUST-0688,2026-06-08,29,Success
PAY-012604,CUST-0689,2024-10-25,29,Success
PAY-012605,CUST-0689,2024-11-24,29,Success
PAY-012606,CUST-0689,2024-12-24,29,Success
PAY-012607,CUST-0689,2025-01-23,29,Success
PAY-012608,CUST-0689,2025-02-22,29,Success
PAY-012609,CUST-0689,2025-03-24,29,Success
PAY-012610,CUST-0689,2025-04-23,29,Success
PAY-012611,CUST-0689,2025-05-23,29,Success
PAY-012612,CUST-0689,2025-06-22,29,Success
PAY-012613,CUST-0689,2025-07-22,29,Success
PAY-012614,CUST-0689,2025-08-21,29,Success
PAY-012615,CUST-0689,2025-09-20,29,Failed
PAY-012616,CUST-0689,2025-10-20,29,Success
PAY-012617,CUST-0689,2025-11-19,29,Success
PAY-012618,CUST-0689,2025-12-19,29,Success
PAY-012619,CUST-0689,2026-01-18,29,Success
PAY-012620,CUST-0689,2026-02-17,29,Success
PAY-012621,CUST-0689,2026-03-19,29,Success
PAY-012622,CUST-0689,2026-04-18,29,Success
PAY-012623,CUST-0689,2026-05-18,29,Success
PAY-012624,CUST-0689,2026-06-17,29,Success
PAY-012625,CUST-0690,2024-11-01,29,Success
PAY-012626,CUST-0690,2024-12-01,29,Success
PAY-012627,CUST-0690,2024-12-31,29,Success
PAY-012628,CUST-0690,2025-01-30,29,Success
PAY-012629,CUST-0690,2025-03-01,29,Success
PAY-012630,CUST-0690,2025-03-31,29,Success
PAY-012631,CUST-0690,2025-04-30,29,Success
PAY-012632,CUST-0690,2025-05-30,29,Success
PAY-012633,CUST-0690,2025-06-29,29,Success
PAY-012634,CUST-0690,2025-07-29,29,Success
PAY-012635,CUST-0690,2025-08-28,29,Success
PAY-012636,CUST-0690,2025-09-27,29,Success
PAY-012637,CUST-0690,2025-10-27,29,Success
PAY-012638,CUST-0691,2025-05-10,299,Failed
PAY-012639,CUST-0691,2025-06-09,299,Success
PAY-012640,CUST-0691,2025-07-09,299,Success
PAY-012641,CUST-0691,2025-08-08,299,Success
PAY-012642,CUST-0691,2025-09-07,299,Success
PAY-012643,CUST-0691,2025-10-07,299,Success
PAY-012644,CUST-0691,2025-11-06,299,Success
PAY-012645,CUST-0691,2025-12-06,299,Success
PAY-012646,CUST-0691,2026-01-05,299,Success
PAY-012647,CUST-0691,2026-02-04,299,Success
PAY-012648,CUST-0691,2026-03-06,299,Success
PAY-012649,CUST-0691,2026-04-05,299,Success
PAY-012650,CUST-0691,2026-05-05,299,Success
PAY-012651,CUST-0691,2026-06-04,299,Success
PAY-012652,CUST-0692,2024-10-25,29,Success
PAY-012653,CUST-0692,2024-11-24,29,Success
PAY-012654,CUST-0692,2024-12-24,29,Success
PAY-012655,CUST-0692,2025-01-23,29,Success
PAY-012656,CUST-0692,2025-02-22,29,Success
PAY-012657,CUST-0692,2025-03-24,29,Success
PAY-012658,CUST-0692,2025-04-23,29,Failed
PAY-012659,CUST-0692,2025-05-23,29,Success
PAY-012660,CUST-0692,2025-06-22,29,Success
PAY-012661,CUST-0692,2025-07-22,29,Success
PAY-012662,CUST-0692,2025-08-21,29,Success
PAY-012663,CUST-0692,2025-09-20,29,Success
PAY-012664,CUST-0692,2025-10-20,29,Success
PAY-012665,CUST-0692,2025-11-19,29,Success
PAY-012666,CUST-0692,2025-12-19,29,Success
PAY-012667,CUST-0692,2026-01-18,29,Success
PAY-012668,CUST-0692,2026-02-17,29,Success
PAY-012669,CUST-0692,2026-03-19,29,Success
PAY-012670,CUST-0692,2026-04-18,29,Success
PAY-012671,CUST-0692,2026-05-18,29,Success
PAY-012672,CUST-0692,2026-06-17,29,Success
PAY-012673,CUST-0693,2024-09-25,29,Success
PAY-012674,CUST-0693,2024-10-25,29,Failed
PAY-012675,CUST-0693,2024-11-24,29,Success
PAY-012676,CUST-0693,2024-12-24,29,Success
PAY-012677,CUST-0693,2025-01-23,29,Success
PAY-012678,CUST-0693,2025-02-22,29,Success
PAY-012679,CUST-0693,2025-03-24,29,Success
PAY-012680,CUST-0693,2025-04-23,29,Success
PAY-012681,CUST-0693,2025-05-23,29,Success
PAY-012682,CUST-0694,2025-02-24,99,Success
PAY-012683,CUST-0694,2025-03-26,99,Success
PAY-012684,CUST-0694,2025-04-25,99,Success
PAY-012685,CUST-0694,2025-05-25,99,Failed
PAY-012686,CUST-0694,2025-06-24,99,Success
PAY-012687,CUST-0694,2025-07-24,99,Success
PAY-012688,CUST-0694,2025-08-23,99,Failed
PAY-012689,CUST-0694,2025-09-22,99,Success
PAY-012690,CUST-0694,2025-10-22,99,Success
PAY-012691,CUST-0694,2025-11-21,99,Success
PAY-012692,CUST-0694,2025-12-21,99,Success
PAY-012693,CUST-0694,2026-01-20,99,Success
PAY-012694,CUST-0694,2026-02-19,99,Success
PAY-012695,CUST-0694,2026-03-21,99,Success
PAY-012696,CUST-0694,2026-04-20,99,Success
PAY-012697,CUST-0694,2026-05-20,99,Success
PAY-012698,CUST-0694,2026-06-19,99,Success
PAY-012699,CUST-0695,2024-10-20,29,Success
PAY-012700,CUST-0695,2024-11-19,29,Success
PAY-012701,CUST-0695,2024-12-19,29,Success
PAY-012702,CUST-0695,2025-01-18,29,Success
PAY-012703,CUST-0695,2025-02-17,29,Success
PAY-012704,CUST-0695,2025-03-19,29,Success
PAY-012705,CUST-0695,2025-04-18,29,Success
PAY-012706,CUST-0695,2025-05-18,29,Success
PAY-012707,CUST-0695,2025-06-17,29,Success
PAY-012708,CUST-0695,2025-07-17,29,Success
PAY-012709,CUST-0695,2025-08-16,29,Success
PAY-012710,CUST-0695,2025-09-15,29,Success
PAY-012711,CUST-0695,2025-10-15,29,Success
PAY-012712,CUST-0695,2025-11-14,29,Success
PAY-012713,CUST-0695,2025-12-14,29,Success
PAY-012714,CUST-0695,2026-01-13,29,Success
PAY-012715,CUST-0695,2026-02-12,29,Success
PAY-012716,CUST-0695,2026-03-14,29,Success
PAY-012717,CUST-0695,2026-04-13,29,Success
PAY-012718,CUST-0695,2026-05-13,29,Success
PAY-012719,CUST-0695,2026-06-12,29,Success
PAY-012720,CUST-0696,2024-01-10,299,Success
PAY-012721,CUST-0696,2024-02-09,299,Success
PAY-012722,CUST-0696,2024-03-10,299,Success
PAY-012723,CUST-0696,2024-04-09,299,Success
PAY-012724,CUST-0696,2024-05-09,299,Success
PAY-012725,CUST-0696,2024-06-08,299,Success
PAY-012726,CUST-0696,2024-07-08,299,Success
PAY-012727,CUST-0696,2024-08-07,299,Success
PAY-012728,CUST-0696,2024-09-06,299,Success
PAY-012729,CUST-0696,2024-10-06,299,Success
PAY-012730,CUST-0696,2024-11-05,299,Success
PAY-012731,CUST-0696,2024-12-05,299,Success
PAY-012732,CUST-0696,2025-01-04,299,Success
PAY-012733,CUST-0696,2025-02-03,299,Success
PAY-012734,CUST-0696,2025-03-05,299,Success
PAY-012735,CUST-0696,2025-04-04,299,Success
PAY-012736,CUST-0696,2025-05-04,299,Success
PAY-012737,CUST-0696,2025-06-03,299,Success
PAY-012738,CUST-0696,2025-07-03,299,Failed
PAY-012739,CUST-0696,2025-08-02,299,Success
PAY-012740,CUST-0696,2025-09-01,299,Success
PAY-012741,CUST-0696,2025-10-01,299,Success
PAY-012742,CUST-0696,2025-10-31,299,Success
PAY-012743,CUST-0696,2025-11-30,299,Success
PAY-012744,CUST-0696,2025-12-30,299,Success
PAY-012745,CUST-0696,2026-01-29,299,Success
PAY-012746,CUST-0696,2026-02-28,299,Success
PAY-012747,CUST-0696,2026-03-30,299,Success
PAY-012748,CUST-0696,2026-04-29,299,Success
PAY-012749,CUST-0696,2026-05-29,299,Success
PAY-012750,CUST-0696,2026-06-28,299,Success
PAY-012751,CUST-0697,2024-08-02,29,Success
PAY-012752,CUST-0697,2024-09-01,29,Success
PAY-012753,CUST-0697,2024-10-01,29,Success
PAY-012754,CUST-0697,2024-10-31,29,Success
PAY-012755,CUST-0697,2024-11-30,29,Success
PAY-012756,CUST-0697,2024-12-30,29,Success
PAY-012757,CUST-0697,2025-01-29,29,Success
PAY-012758,CUST-0697,2025-02-28,29,Success
PAY-012759,CUST-0697,2025-03-30,29,Success
PAY-012760,CUST-0697,2025-04-29,29,Success
PAY-012761,CUST-0698,2024-12-19,29,Success
PAY-012762,CUST-0698,2025-01-18,29,Success
PAY-012763,CUST-0698,2025-02-17,29,Success
PAY-012764,CUST-0698,2025-03-19,29,Success
PAY-012765,CUST-0698,2025-04-18,29,Success
PAY-012766,CUST-0698,2025-05-18,29,Success
PAY-012767,CUST-0698,2025-06-17,29,Success
PAY-012768,CUST-0698,2025-07-17,29,Failed
PAY-012769,CUST-0698,2025-08-16,29,Success
PAY-012770,CUST-0698,2025-09-15,29,Success
PAY-012771,CUST-0698,2025-10-15,29,Success
PAY-012772,CUST-0698,2025-11-14,29,Success
PAY-012773,CUST-0698,2025-12-14,29,Success
PAY-012774,CUST-0698,2026-01-13,29,Success
PAY-012775,CUST-0698,2026-02-12,29,Success
PAY-012776,CUST-0698,2026-03-14,29,Success
PAY-012777,CUST-0698,2026-04-13,29,Failed
PAY-012778,CUST-0698,2026-05-13,29,Success
PAY-012779,CUST-0698,2026-06-12,29,Success
PAY-012780,CUST-0699,2024-09-13,99,Success
PAY-012781,CUST-0699,2024-10-13,99,Success
PAY-012782,CUST-0699,2024-11-12,99,Success
PAY-012783,CUST-0699,2024-12-12,99,Success
PAY-012784,CUST-0699,2025-01-11,99,Success
PAY-012785,CUST-0699,2025-02-10,99,Success
PAY-012786,CUST-0699,2025-03-12,99,Success
PAY-012787,CUST-0699,2025-04-11,99,Success
PAY-012788,CUST-0699,2025-05-11,99,Success
PAY-012789,CUST-0699,2025-06-10,99,Success
PAY-012790,CUST-0699,2025-07-10,99,Success
PAY-012791,CUST-0699,2025-08-09,99,Success
PAY-012792,CUST-0699,2025-09-08,99,Success
PAY-012793,CUST-0699,2025-10-08,99,Success
PAY-012794,CUST-0699,2025-11-07,99,Success
PAY-012795,CUST-0699,2025-12-07,99,Success
PAY-012796,CUST-0699,2026-01-06,99,Failed
PAY-012797,CUST-0699,2026-02-05,99,Success
PAY-012798,CUST-0699,2026-03-07,99,Success
PAY-012799,CUST-0699,2026-04-06,99,Success
PAY-012800,CUST-0699,2026-05-06,99,Success
PAY-012801,CUST-0699,2026-06-05,99,Success
PAY-012802,CUST-0700,2024-12-27,99,Success
PAY-012803,CUST-0700,2025-01-26,99,Success
PAY-012804,CUST-0700,2025-02-25,99,Success
PAY-012805,CUST-0700,2025-03-27,99,Success
PAY-012806,CUST-0700,2025-04-26,99,Success
PAY-012807,CUST-0700,2025-05-26,99,Success
PAY-012808,CUST-0700,2025-06-25,99,Success
PAY-012809,CUST-0700,2025-07-25,99,Success
PAY-012810,CUST-0700,2025-08-24,99,Success
PAY-012811,CUST-0700,2025-09-23,99,Success
PAY-012812,CUST-0700,2025-10-23,99,Success
PAY-012813,CUST-0700,2025-11-22,99,Success
PAY-012814,CUST-0700,2025-12-22,99,Success
PAY-012815,CUST-0700,2026-01-21,99,Success
PAY-012816,CUST-0700,2026-02-20,99,Success
PAY-012817,CUST-0700,2026-03-22,99,Success
PAY-012818,CUST-0700,2026-04-21,99,Success
PAY-012819,CUST-0700,2026-05-21,99,Success
PAY-012820,CUST-0700,2026-06-20,99,Success
PAY-012821,CUST-0701,2024-10-14,299,Success
PAY-012822,CUST-0701,2024-11-13,299,Success
PAY-012823,CUST-0701,2024-12-13,299,Success
PAY-012824,CUST-0701,2025-01-12,299,Success
PAY-012825,CUST-0701,2025-02-11,299,Success
PAY-012826,CUST-0701,2025-03-13,299,Success
PAY-012827,CUST-0701,2025-04-12,299,Success
PAY-012828,CUST-0701,2025-05-12,299,Success
PAY-012829,CUST-0701,2025-06-11,299,Success
PAY-012830,CUST-0701,2025-07-11,299,Success
PAY-012831,CUST-0701,2025-08-10,299,Success
PAY-012832,CUST-0701,2025-09-09,299,Success
PAY-012833,CUST-0701,2025-10-09,299,Success
PAY-012834,CUST-0701,2025-11-08,299,Success
PAY-012835,CUST-0701,2025-12-08,299,Success
PAY-012836,CUST-0701,2026-01-07,299,Success
PAY-012837,CUST-0701,2026-02-06,299,Success
PAY-012838,CUST-0701,2026-03-08,299,Success
PAY-012839,CUST-0701,2026-04-07,299,Success
PAY-012840,CUST-0701,2026-05-07,299,Success
PAY-012841,CUST-0701,2026-06-06,299,Success
PAY-012842,CUST-0702,2024-09-26,99,Success
PAY-012843,CUST-0702,2024-10-26,99,Success
PAY-012844,CUST-0702,2024-11-25,99,Success
PAY-012845,CUST-0702,2024-12-25,99,Success
PAY-012846,CUST-0702,2025-01-24,99,Success
PAY-012847,CUST-0702,2025-02-23,99,Success
PAY-012848,CUST-0702,2025-03-25,99,Success
PAY-012849,CUST-0702,2025-04-24,99,Success
PAY-012850,CUST-0702,2025-05-24,99,Success
PAY-012851,CUST-0702,2025-06-23,99,Success
PAY-012852,CUST-0702,2025-07-23,99,Success
PAY-012853,CUST-0702,2025-08-22,99,Success
PAY-012854,CUST-0702,2025-09-21,99,Success
PAY-012855,CUST-0702,2025-10-21,99,Success
PAY-012856,CUST-0702,2025-11-20,99,Success
PAY-012857,CUST-0702,2025-12-20,99,Success
PAY-012858,CUST-0702,2026-01-19,99,Success
PAY-012859,CUST-0702,2026-02-18,99,Success
PAY-012860,CUST-0702,2026-03-20,99,Success
PAY-012861,CUST-0702,2026-04-19,99,Success
PAY-012862,CUST-0702,2026-05-19,99,Success
PAY-012863,CUST-0702,2026-06-18,99,Success
PAY-012864,CUST-0703,2025-05-04,29,Success
PAY-012865,CUST-0703,2025-06-03,29,Success
PAY-012866,CUST-0703,2025-07-03,29,Success
PAY-012867,CUST-0703,2025-08-02,29,Success
PAY-012868,CUST-0703,2025-09-01,29,Success
PAY-012869,CUST-0703,2025-10-01,29,Success
PAY-012870,CUST-0703,2025-10-31,29,Success
PAY-012871,CUST-0703,2025-11-30,29,Success
PAY-012872,CUST-0703,2025-12-30,29,Success
PAY-012873,CUST-0703,2026-01-29,29,Success
PAY-012874,CUST-0703,2026-02-28,29,Success
PAY-012875,CUST-0703,2026-03-30,29,Success
PAY-012876,CUST-0703,2026-04-29,29,Success
PAY-012877,CUST-0703,2026-05-29,29,Success
PAY-012878,CUST-0703,2026-06-28,29,Failed
PAY-012879,CUST-0704,2025-04-12,29,Success
PAY-012880,CUST-0704,2025-05-12,29,Success
PAY-012881,CUST-0704,2025-06-11,29,Success
PAY-012882,CUST-0704,2025-07-11,29,Success
PAY-012883,CUST-0704,2025-08-10,29,Success
PAY-012884,CUST-0704,2025-09-09,29,Failed
PAY-012885,CUST-0704,2025-10-09,29,Success
PAY-012886,CUST-0704,2025-11-08,29,Success
PAY-012887,CUST-0704,2025-12-08,29,Success
PAY-012888,CUST-0704,2026-01-07,29,Success
PAY-012889,CUST-0704,2026-02-06,29,Success
PAY-012890,CUST-0704,2026-03-08,29,Success
PAY-012891,CUST-0704,2026-04-07,29,Success
PAY-012892,CUST-0704,2026-05-07,29,Success
PAY-012893,CUST-0704,2026-06-06,29,Success
PAY-012894,CUST-0705,2024-12-12,99,Success
PAY-012895,CUST-0705,2025-01-11,99,Success
PAY-012896,CUST-0705,2025-02-10,99,Success
PAY-012897,CUST-0705,2025-03-12,99,Success
PAY-012898,CUST-0705,2025-04-11,99,Success
PAY-012899,CUST-0705,2025-05-11,99,Success
PAY-012900,CUST-0706,2024-04-08,29,Success
PAY-012901,CUST-0706,2024-05-08,29,Success
PAY-012902,CUST-0706,2024-06-07,29,Success
PAY-012903,CUST-0706,2024-07-07,29,Success
PAY-012904,CUST-0706,2024-08-06,29,Success
PAY-012905,CUST-0706,2024-09-05,29,Success
PAY-012906,CUST-0706,2024-10-05,29,Success
PAY-012907,CUST-0706,2024-11-04,29,Success
PAY-012908,CUST-0706,2024-12-04,29,Success
PAY-012909,CUST-0706,2025-01-03,29,Success
PAY-012910,CUST-0706,2025-02-02,29,Success
PAY-012911,CUST-0706,2025-03-04,29,Success
PAY-012912,CUST-0706,2025-04-03,29,Success
PAY-012913,CUST-0706,2025-05-03,29,Success
PAY-012914,CUST-0706,2025-06-02,29,Success
PAY-012915,CUST-0706,2025-07-02,29,Failed
PAY-012916,CUST-0706,2025-08-01,29,Success
PAY-012917,CUST-0706,2025-08-31,29,Success
PAY-012918,CUST-0706,2025-09-30,29,Success
PAY-012919,CUST-0706,2025-10-30,29,Success
PAY-012920,CUST-0706,2025-11-29,29,Success
PAY-012921,CUST-0706,2025-12-29,29,Success
PAY-012922,CUST-0706,2026-01-28,29,Success
PAY-012923,CUST-0706,2026-02-27,29,Success
PAY-012924,CUST-0706,2026-03-29,29,Success
PAY-012925,CUST-0706,2026-04-28,29,Success
PAY-012926,CUST-0706,2026-05-28,29,Success
PAY-012927,CUST-0706,2026-06-27,29,Success
PAY-012928,CUST-0707,2024-10-12,99,Success
PAY-012929,CUST-0707,2024-11-11,99,Success
PAY-012930,CUST-0707,2024-12-11,99,Success
PAY-012931,CUST-0707,2025-01-10,99,Success
PAY-012932,CUST-0707,2025-02-09,99,Success
PAY-012933,CUST-0707,2025-03-11,99,Success
PAY-012934,CUST-0707,2025-04-10,99,Success
PAY-012935,CUST-0707,2025-05-10,99,Success
PAY-012936,CUST-0707,2025-06-09,99,Success
PAY-012937,CUST-0707,2025-07-09,99,Success
PAY-012938,CUST-0707,2025-08-08,99,Success
PAY-012939,CUST-0707,2025-09-07,99,Success
PAY-012940,CUST-0707,2025-10-07,99,Success
PAY-012941,CUST-0707,2025-11-06,99,Success
PAY-012942,CUST-0707,2025-12-06,99,Success
PAY-012943,CUST-0707,2026-01-05,99,Success
PAY-012944,CUST-0707,2026-02-04,99,Success
PAY-012945,CUST-0707,2026-03-06,99,Success
PAY-012946,CUST-0707,2026-04-05,99,Success
PAY-012947,CUST-0707,2026-05-05,99,Success
PAY-012948,CUST-0707,2026-06-04,99,Success
PAY-012949,CUST-0708,2025-04-27,99,Success
PAY-012950,CUST-0708,2025-05-27,99,Failed
PAY-012951,CUST-0708,2025-06-26,99,Success
PAY-012952,CUST-0708,2025-07-26,99,Success
PAY-012953,CUST-0708,2025-08-25,99,Failed
PAY-012954,CUST-0708,2025-09-24,99,Success
PAY-012955,CUST-0709,2024-12-26,299,Success
PAY-012956,CUST-0709,2025-01-25,299,Success
PAY-012957,CUST-0709,2025-02-24,299,Success
PAY-012958,CUST-0709,2025-03-26,299,Success
PAY-012959,CUST-0709,2025-04-25,299,Success
PAY-012960,CUST-0709,2025-05-25,299,Success
PAY-012961,CUST-0709,2025-06-24,299,Success
PAY-012962,CUST-0709,2025-07-24,299,Success
PAY-012963,CUST-0709,2025-08-23,299,Success
PAY-012964,CUST-0709,2025-09-22,299,Success
PAY-012965,CUST-0709,2025-10-22,299,Success
PAY-012966,CUST-0709,2025-11-21,299,Success
PAY-012967,CUST-0709,2025-12-21,299,Success
PAY-012968,CUST-0709,2026-01-20,299,Success
PAY-012969,CUST-0709,2026-02-19,299,Success
PAY-012970,CUST-0709,2026-03-21,299,Success
PAY-012971,CUST-0709,2026-04-20,299,Success
PAY-012972,CUST-0709,2026-05-20,299,Success
PAY-012973,CUST-0709,2026-06-19,299,Success
PAY-012974,CUST-0710,2024-06-11,29,Success
PAY-012975,CUST-0710,2024-07-11,29,Success
PAY-012976,CUST-0710,2024-08-10,29,Success
PAY-012977,CUST-0710,2024-09-09,29,Success
PAY-012978,CUST-0710,2024-10-09,29,Success
PAY-012979,CUST-0710,2024-11-08,29,Success
PAY-012980,CUST-0710,2024-12-08,29,Success
PAY-012981,CUST-0710,2025-01-07,29,Success
PAY-012982,CUST-0710,2025-02-06,29,Success
PAY-012983,CUST-0710,2025-03-08,29,Success
PAY-012984,CUST-0710,2025-04-07,29,Success
PAY-012985,CUST-0710,2025-05-07,29,Success
PAY-012986,CUST-0710,2025-06-06,29,Success
PAY-012987,CUST-0710,2025-07-06,29,Success
PAY-012988,CUST-0710,2025-08-05,29,Success
PAY-012989,CUST-0710,2025-09-04,29,Success
PAY-012990,CUST-0710,2025-10-04,29,Success
PAY-012991,CUST-0710,2025-11-03,29,Success
PAY-012992,CUST-0710,2025-12-03,29,Success
PAY-012993,CUST-0710,2026-01-02,29,Success
PAY-012994,CUST-0710,2026-02-01,29,Success
PAY-012995,CUST-0710,2026-03-03,29,Success
PAY-012996,CUST-0710,2026-04-02,29,Success
PAY-012997,CUST-0710,2026-05-02,29,Success
PAY-012998,CUST-0710,2026-06-01,29,Success
PAY-012999,CUST-0711,2024-10-13,99,Success
PAY-013000,CUST-0711,2024-11-12,99,Success
PAY-013001,CUST-0711,2024-12-12,99,Failed
PAY-013002,CUST-0711,2025-01-11,99,Success
PAY-013003,CUST-0711,2025-02-10,99,Success
PAY-013004,CUST-0711,2025-03-12,99,Success
PAY-013005,CUST-0711,2025-04-11,99,Success
PAY-013006,CUST-0711,2025-05-11,99,Success
PAY-013007,CUST-0711,2025-06-10,99,Success
PAY-013008,CUST-0711,2025-07-10,99,Success
PAY-013009,CUST-0711,2025-08-09,99,Success
PAY-013010,CUST-0711,2025-09-08,99,Success
PAY-013011,CUST-0711,2025-10-08,99,Success
PAY-013012,CUST-0711,2025-11-07,99,Success
PAY-013013,CUST-0711,2025-12-07,99,Success
PAY-013014,CUST-0711,2026-01-06,99,Success
PAY-013015,CUST-0711,2026-02-05,99,Success
PAY-013016,CUST-0711,2026-03-07,99,Success
PAY-013017,CUST-0711,2026-04-06,99,Success
PAY-013018,CUST-0711,2026-05-06,99,Success
PAY-013019,CUST-0711,2026-06-05,99,Success
PAY-013020,CUST-0712,2024-03-03,29,Success
PAY-013021,CUST-0712,2024-04-02,29,Success
PAY-013022,CUST-0712,2024-05-02,29,Success
PAY-013023,CUST-0712,2024-06-01,29,Success
PAY-013024,CUST-0712,2024-07-01,29,Success
PAY-013025,CUST-0712,2024-07-31,29,Success
PAY-013026,CUST-0712,2024-08-30,29,Success
PAY-013027,CUST-0712,2024-09-29,29,Success
PAY-013028,CUST-0712,2024-10-29,29,Success
PAY-013029,CUST-0712,2024-11-28,29,Success
PAY-013030,CUST-0712,2024-12-28,29,Success
PAY-013031,CUST-0712,2025-01-27,29,Success
PAY-013032,CUST-0712,2025-02-26,29,Success
PAY-013033,CUST-0712,2025-03-28,29,Failed
PAY-013034,CUST-0712,2025-04-27,29,Success
PAY-013035,CUST-0712,2025-05-27,29,Success
PAY-013036,CUST-0712,2025-06-26,29,Success
PAY-013037,CUST-0712,2025-07-26,29,Success
PAY-013038,CUST-0712,2025-08-25,29,Success
PAY-013039,CUST-0712,2025-09-24,29,Success
PAY-013040,CUST-0712,2025-10-24,29,Success
PAY-013041,CUST-0712,2025-11-23,29,Success
PAY-013042,CUST-0712,2025-12-23,29,Success
PAY-013043,CUST-0712,2026-01-22,29,Success
PAY-013044,CUST-0712,2026-02-21,29,Success
PAY-013045,CUST-0712,2026-03-23,29,Success
PAY-013046,CUST-0712,2026-04-22,29,Success
PAY-013047,CUST-0712,2026-05-22,29,Success
PAY-013048,CUST-0712,2026-06-21,29,Success
PAY-013049,CUST-0713,2025-02-23,299,Success
PAY-013050,CUST-0713,2025-03-25,299,Success
PAY-013051,CUST-0713,2025-04-24,299,Success
PAY-013052,CUST-0713,2025-05-24,299,Success
PAY-013053,CUST-0713,2025-06-23,299,Success
PAY-013054,CUST-0713,2025-07-23,299,Success
PAY-013055,CUST-0713,2025-08-22,299,Success
PAY-013056,CUST-0713,2025-09-21,299,Success
PAY-013057,CUST-0713,2025-10-21,299,Success
PAY-013058,CUST-0713,2025-11-20,299,Success
PAY-013059,CUST-0713,2025-12-20,299,Success
PAY-013060,CUST-0713,2026-01-19,299,Success
PAY-013061,CUST-0713,2026-02-18,299,Success
PAY-013062,CUST-0713,2026-03-20,299,Success
PAY-013063,CUST-0713,2026-04-19,299,Success
PAY-013064,CUST-0713,2026-05-19,299,Success
PAY-013065,CUST-0713,2026-06-18,299,Success
PAY-013066,CUST-0714,2024-05-28,99,Success
PAY-013067,CUST-0714,2024-06-27,99,Success
PAY-013068,CUST-0714,2024-07-27,99,Success
PAY-013069,CUST-0714,2024-08-26,99,Success
PAY-013070,CUST-0714,2024-09-25,99,Success
PAY-013071,CUST-0714,2024-10-25,99,Success
PAY-013072,CUST-0714,2024-11-24,99,Failed
PAY-013073,CUST-0714,2024-12-24,99,Success
PAY-013074,CUST-0714,2025-01-23,99,Failed
PAY-013075,CUST-0714,2025-02-22,99,Success
PAY-013076,CUST-0714,2025-03-24,99,Success
PAY-013077,CUST-0714,2025-04-23,99,Success
PAY-013078,CUST-0714,2025-05-23,99,Success
PAY-013079,CUST-0714,2025-06-22,99,Success
PAY-013080,CUST-0714,2025-07-22,99,Success
PAY-013081,CUST-0714,2025-08-21,99,Success
PAY-013082,CUST-0714,2025-09-20,99,Success
PAY-013083,CUST-0714,2025-10-20,99,Success
PAY-013084,CUST-0714,2025-11-19,99,Success
PAY-013085,CUST-0714,2025-12-19,99,Success
PAY-013086,CUST-0714,2026-01-18,99,Success
PAY-013087,CUST-0714,2026-02-17,99,Success
PAY-013088,CUST-0714,2026-03-19,99,Success
PAY-013089,CUST-0714,2026-04-18,99,Success
PAY-013090,CUST-0714,2026-05-18,99,Success
PAY-013091,CUST-0714,2026-06-17,99,Success
PAY-013092,CUST-0715,2025-05-04,299,Success
PAY-013093,CUST-0715,2025-06-03,299,Success
PAY-013094,CUST-0715,2025-07-03,299,Success
PAY-013095,CUST-0715,2025-08-02,299,Success
PAY-013096,CUST-0715,2025-09-01,299,Success
PAY-013097,CUST-0715,2025-10-01,299,Success
PAY-013098,CUST-0715,2025-10-31,299,Success
PAY-013099,CUST-0715,2025-11-30,299,Success
PAY-013100,CUST-0715,2025-12-30,299,Success
PAY-013101,CUST-0715,2026-01-29,299,Success
PAY-013102,CUST-0715,2026-02-28,299,Success
PAY-013103,CUST-0715,2026-03-30,299,Success
PAY-013104,CUST-0715,2026-04-29,299,Success
PAY-013105,CUST-0715,2026-05-29,299,Success
PAY-013106,CUST-0715,2026-06-28,299,Success
PAY-013107,CUST-0716,2025-04-18,29,Success
PAY-013108,CUST-0716,2025-05-18,29,Success
PAY-013109,CUST-0716,2025-06-17,29,Success
PAY-013110,CUST-0716,2025-07-17,29,Success
PAY-013111,CUST-0716,2025-08-16,29,Success
PAY-013112,CUST-0716,2025-09-15,29,Success
PAY-013113,CUST-0716,2025-10-15,29,Success
PAY-013114,CUST-0716,2025-11-14,29,Success
PAY-013115,CUST-0716,2025-12-14,29,Success
PAY-013116,CUST-0716,2026-01-13,29,Success
PAY-013117,CUST-0716,2026-02-12,29,Success
PAY-013118,CUST-0716,2026-03-14,29,Success
PAY-013119,CUST-0716,2026-04-13,29,Success
PAY-013120,CUST-0716,2026-05-13,29,Success
PAY-013121,CUST-0716,2026-06-12,29,Success
PAY-013122,CUST-0717,2025-01-17,99,Success
PAY-013123,CUST-0717,2025-02-16,99,Success
PAY-013124,CUST-0717,2025-03-18,99,Success
PAY-013125,CUST-0717,2025-04-17,99,Success
PAY-013126,CUST-0717,2025-05-17,99,Success
PAY-013127,CUST-0717,2025-06-16,99,Success
PAY-013128,CUST-0717,2025-07-16,99,Success
PAY-013129,CUST-0717,2025-08-15,99,Success
PAY-013130,CUST-0717,2025-09-14,99,Success
PAY-013131,CUST-0717,2025-10-14,99,Success
PAY-013132,CUST-0717,2025-11-13,99,Success
PAY-013133,CUST-0717,2025-12-13,99,Success
PAY-013134,CUST-0717,2026-01-12,99,Success
PAY-013135,CUST-0717,2026-02-11,99,Success
PAY-013136,CUST-0717,2026-03-13,99,Success
PAY-013137,CUST-0717,2026-04-12,99,Success
PAY-013138,CUST-0717,2026-05-12,99,Success
PAY-013139,CUST-0717,2026-06-11,99,Success
PAY-013140,CUST-0718,2024-04-13,29,Success
PAY-013141,CUST-0718,2024-05-13,29,Success
PAY-013142,CUST-0718,2024-06-12,29,Success
PAY-013143,CUST-0718,2024-07-12,29,Success
PAY-013144,CUST-0718,2024-08-11,29,Success
PAY-013145,CUST-0718,2024-09-10,29,Success
PAY-013146,CUST-0718,2024-10-10,29,Success
PAY-013147,CUST-0718,2024-11-09,29,Success
PAY-013148,CUST-0718,2024-12-09,29,Success
PAY-013149,CUST-0718,2025-01-08,29,Success
PAY-013150,CUST-0718,2025-02-07,29,Success
PAY-013151,CUST-0718,2025-03-09,29,Failed
PAY-013152,CUST-0718,2025-04-08,29,Success
PAY-013153,CUST-0718,2025-05-08,29,Success
PAY-013154,CUST-0718,2025-06-07,29,Failed
PAY-013155,CUST-0718,2025-07-07,29,Success
PAY-013156,CUST-0718,2025-08-06,29,Success
PAY-013157,CUST-0718,2025-09-05,29,Success
PAY-013158,CUST-0718,2025-10-05,29,Success
PAY-013159,CUST-0718,2025-11-04,29,Success
PAY-013160,CUST-0718,2025-12-04,29,Success
PAY-013161,CUST-0718,2026-01-03,29,Success
PAY-013162,CUST-0718,2026-02-02,29,Success
PAY-013163,CUST-0718,2026-03-04,29,Success
PAY-013164,CUST-0718,2026-04-03,29,Success
PAY-013165,CUST-0718,2026-05-03,29,Success
PAY-013166,CUST-0718,2026-06-02,29,Success
PAY-013167,CUST-0719,2024-03-11,29,Success
PAY-013168,CUST-0719,2024-04-10,29,Success
PAY-013169,CUST-0719,2024-05-10,29,Success
PAY-013170,CUST-0719,2024-06-09,29,Success
PAY-013171,CUST-0719,2024-07-09,29,Success
PAY-013172,CUST-0719,2024-08-08,29,Success
PAY-013173,CUST-0719,2024-09-07,29,Success
PAY-013174,CUST-0719,2024-10-07,29,Success
PAY-013175,CUST-0719,2024-11-06,29,Success
PAY-013176,CUST-0719,2024-12-06,29,Success
PAY-013177,CUST-0719,2025-01-05,29,Success
PAY-013178,CUST-0719,2025-02-04,29,Success
PAY-013179,CUST-0719,2025-03-06,29,Success
PAY-013180,CUST-0719,2025-04-05,29,Success
PAY-013181,CUST-0719,2025-05-05,29,Success
PAY-013182,CUST-0719,2025-06-04,29,Success
PAY-013183,CUST-0719,2025-07-04,29,Success
PAY-013184,CUST-0719,2025-08-03,29,Success
PAY-013185,CUST-0719,2025-09-02,29,Success
PAY-013186,CUST-0719,2025-10-02,29,Success
PAY-013187,CUST-0719,2025-11-01,29,Success
PAY-013188,CUST-0719,2025-12-01,29,Failed
PAY-013189,CUST-0719,2025-12-31,29,Success
PAY-013190,CUST-0719,2026-01-30,29,Success
PAY-013191,CUST-0719,2026-03-01,29,Success
PAY-013192,CUST-0719,2026-03-31,29,Success
PAY-013193,CUST-0719,2026-04-30,29,Success
PAY-013194,CUST-0719,2026-05-30,29,Success
PAY-013195,CUST-0719,2026-06-29,29,Success
PAY-013196,CUST-0720,2024-05-04,29,Success
PAY-013197,CUST-0720,2024-06-03,29,Success
PAY-013198,CUST-0720,2024-07-03,29,Success
PAY-013199,CUST-0720,2024-08-02,29,Success
PAY-013200,CUST-0720,2024-09-01,29,Success
PAY-013201,CUST-0720,2024-10-01,29,Success
PAY-013202,CUST-0720,2024-10-31,29,Success
PAY-013203,CUST-0720,2024-11-30,29,Success
PAY-013204,CUST-0720,2024-12-30,29,Success
PAY-013205,CUST-0720,2025-01-29,29,Success
PAY-013206,CUST-0720,2025-02-28,29,Success
PAY-013207,CUST-0720,2025-03-30,29,Success
PAY-013208,CUST-0720,2025-04-29,29,Success
PAY-013209,CUST-0720,2025-05-29,29,Success
PAY-013210,CUST-0720,2025-06-28,29,Success
PAY-013211,CUST-0720,2025-07-28,29,Success
PAY-013212,CUST-0720,2025-08-27,29,Success
PAY-013213,CUST-0720,2025-09-26,29,Success
PAY-013214,CUST-0720,2025-10-26,29,Success
PAY-013215,CUST-0720,2025-11-25,29,Success
PAY-013216,CUST-0720,2025-12-25,29,Success
PAY-013217,CUST-0720,2026-01-24,29,Success
PAY-013218,CUST-0720,2026-02-23,29,Success
PAY-013219,CUST-0720,2026-03-25,29,Success
PAY-013220,CUST-0720,2026-04-24,29,Success
PAY-013221,CUST-0720,2026-05-24,29,Success
PAY-013222,CUST-0720,2026-06-23,29,Success
PAY-013223,CUST-0721,2024-11-22,299,Success
PAY-013224,CUST-0721,2024-12-22,299,Success
PAY-013225,CUST-0721,2025-01-21,299,Success
PAY-013226,CUST-0721,2025-02-20,299,Success
PAY-013227,CUST-0721,2025-03-22,299,Success
PAY-013228,CUST-0721,2025-04-21,299,Success
PAY-013229,CUST-0721,2025-05-21,299,Success
PAY-013230,CUST-0721,2025-06-20,299,Success
PAY-013231,CUST-0721,2025-07-20,299,Success
PAY-013232,CUST-0721,2025-08-19,299,Success
PAY-013233,CUST-0721,2025-09-18,299,Success
PAY-013234,CUST-0721,2025-10-18,299,Success
PAY-013235,CUST-0721,2025-11-17,299,Success
PAY-013236,CUST-0721,2025-12-17,299,Success
PAY-013237,CUST-0721,2026-01-16,299,Success
PAY-013238,CUST-0721,2026-02-15,299,Success
PAY-013239,CUST-0721,2026-03-17,299,Success
PAY-013240,CUST-0721,2026-04-16,299,Success
PAY-013241,CUST-0721,2026-05-16,299,Success
PAY-013242,CUST-0721,2026-06-15,299,Failed
PAY-013243,CUST-0722,2024-02-21,99,Success
PAY-013244,CUST-0722,2024-03-22,99,Success
PAY-013245,CUST-0722,2024-04-21,99,Success
PAY-013246,CUST-0722,2024-05-21,99,Success
PAY-013247,CUST-0722,2024-06-20,99,Success
PAY-013248,CUST-0722,2024-07-20,99,Success
PAY-013249,CUST-0722,2024-08-19,99,Success
PAY-013250,CUST-0722,2024-09-18,99,Success
PAY-013251,CUST-0722,2024-10-18,99,Success
PAY-013252,CUST-0722,2024-11-17,99,Success
PAY-013253,CUST-0722,2024-12-17,99,Success
PAY-013254,CUST-0722,2025-01-16,99,Success
PAY-013255,CUST-0722,2025-02-15,99,Success
PAY-013256,CUST-0722,2025-03-17,99,Success
PAY-013257,CUST-0722,2025-04-16,99,Success
PAY-013258,CUST-0722,2025-05-16,99,Success
PAY-013259,CUST-0722,2025-06-15,99,Success
PAY-013260,CUST-0722,2025-07-15,99,Success
PAY-013261,CUST-0722,2025-08-14,99,Success
PAY-013262,CUST-0722,2025-09-13,99,Success
PAY-013263,CUST-0722,2025-10-13,99,Success
PAY-013264,CUST-0722,2025-11-12,99,Success
PAY-013265,CUST-0722,2025-12-12,99,Success
PAY-013266,CUST-0722,2026-01-11,99,Success
PAY-013267,CUST-0722,2026-02-10,99,Success
PAY-013268,CUST-0722,2026-03-12,99,Success
PAY-013269,CUST-0722,2026-04-11,99,Success
PAY-013270,CUST-0722,2026-05-11,99,Success
PAY-013271,CUST-0722,2026-06-10,99,Success
PAY-013272,CUST-0723,2025-01-02,29,Success
PAY-013273,CUST-0723,2025-02-01,29,Success
PAY-013274,CUST-0723,2025-03-03,29,Success
PAY-013275,CUST-0723,2025-04-02,29,Success
PAY-013276,CUST-0723,2025-05-02,29,Success
PAY-013277,CUST-0723,2025-06-01,29,Success
PAY-013278,CUST-0723,2025-07-01,29,Success
PAY-013279,CUST-0723,2025-07-31,29,Success
PAY-013280,CUST-0723,2025-08-30,29,Success
PAY-013281,CUST-0723,2025-09-29,29,Success
PAY-013282,CUST-0723,2025-10-29,29,Success
PAY-013283,CUST-0723,2025-11-28,29,Success
PAY-013284,CUST-0723,2025-12-28,29,Success
PAY-013285,CUST-0723,2026-01-27,29,Success
PAY-013286,CUST-0723,2026-02-26,29,Success
PAY-013287,CUST-0723,2026-03-28,29,Success
PAY-013288,CUST-0723,2026-04-27,29,Success
PAY-013289,CUST-0723,2026-05-27,29,Success
PAY-013290,CUST-0723,2026-06-26,29,Success
PAY-013291,CUST-0724,2024-12-14,29,Success
PAY-013292,CUST-0724,2025-01-13,29,Success
PAY-013293,CUST-0724,2025-02-12,29,Success
PAY-013294,CUST-0724,2025-03-14,29,Success
PAY-013295,CUST-0724,2025-04-13,29,Success
PAY-013296,CUST-0724,2025-05-13,29,Success
PAY-013297,CUST-0724,2025-06-12,29,Success
PAY-013298,CUST-0724,2025-07-12,29,Success
PAY-013299,CUST-0724,2025-08-11,29,Success
PAY-013300,CUST-0724,2025-09-10,29,Success
PAY-013301,CUST-0724,2025-10-10,29,Success
PAY-013302,CUST-0724,2025-11-09,29,Success
PAY-013303,CUST-0724,2025-12-09,29,Success
PAY-013304,CUST-0724,2026-01-08,29,Success
PAY-013305,CUST-0724,2026-02-07,29,Success
PAY-013306,CUST-0724,2026-03-09,29,Success
PAY-013307,CUST-0724,2026-04-08,29,Success
PAY-013308,CUST-0724,2026-05-08,29,Success
PAY-013309,CUST-0724,2026-06-07,29,Success
PAY-013310,CUST-0725,2025-05-08,99,Success
PAY-013311,CUST-0725,2025-06-07,99,Success
PAY-013312,CUST-0725,2025-07-07,99,Success
PAY-013313,CUST-0725,2025-08-06,99,Success
PAY-013314,CUST-0725,2025-09-05,99,Success
PAY-013315,CUST-0725,2025-10-05,99,Success
PAY-013316,CUST-0725,2025-11-04,99,Success
PAY-013317,CUST-0725,2025-12-04,99,Success
PAY-013318,CUST-0725,2026-01-03,99,Success
PAY-013319,CUST-0725,2026-02-02,99,Success
PAY-013320,CUST-0725,2026-03-04,99,Success
PAY-013321,CUST-0725,2026-04-03,99,Success
PAY-013322,CUST-0725,2026-05-03,99,Success
PAY-013323,CUST-0725,2026-06-02,99,Success
PAY-013324,CUST-0726,2024-11-30,29,Success
PAY-013325,CUST-0726,2024-12-30,29,Success
PAY-013326,CUST-0726,2025-01-29,29,Success
PAY-013327,CUST-0726,2025-02-28,29,Failed
PAY-013328,CUST-0726,2025-03-30,29,Success
PAY-013329,CUST-0726,2025-04-29,29,Failed
PAY-013330,CUST-0727,2024-11-29,29,Success
PAY-013331,CUST-0727,2024-12-29,29,Success
PAY-013332,CUST-0727,2025-01-28,29,Success
PAY-013333,CUST-0727,2025-02-27,29,Success
PAY-013334,CUST-0727,2025-03-29,29,Success
PAY-013335,CUST-0727,2025-04-28,29,Success
PAY-013336,CUST-0727,2025-05-28,29,Success
PAY-013337,CUST-0727,2025-06-27,29,Success
PAY-013338,CUST-0727,2025-07-27,29,Success
PAY-013339,CUST-0727,2025-08-26,29,Success
PAY-013340,CUST-0727,2025-09-25,29,Success
PAY-013341,CUST-0727,2025-10-25,29,Success
PAY-013342,CUST-0727,2025-11-24,29,Success
PAY-013343,CUST-0727,2025-12-24,29,Success
PAY-013344,CUST-0727,2026-01-23,29,Failed
PAY-013345,CUST-0727,2026-02-22,29,Success
PAY-013346,CUST-0727,2026-03-24,29,Success
PAY-013347,CUST-0727,2026-04-23,29,Success
PAY-013348,CUST-0727,2026-05-23,29,Success
PAY-013349,CUST-0727,2026-06-22,29,Success
PAY-013350,CUST-0728,2024-06-13,29,Success
PAY-013351,CUST-0728,2024-07-13,29,Success
PAY-013352,CUST-0728,2024-08-12,29,Success
PAY-013353,CUST-0729,2025-04-09,299,Success
PAY-013354,CUST-0729,2025-05-09,299,Success
PAY-013355,CUST-0729,2025-06-08,299,Success
PAY-013356,CUST-0729,2025-07-08,299,Success
PAY-013357,CUST-0729,2025-08-07,299,Success
PAY-013358,CUST-0729,2025-09-06,299,Success
PAY-013359,CUST-0729,2025-10-06,299,Success
PAY-013360,CUST-0729,2025-11-05,299,Success
PAY-013361,CUST-0729,2025-12-05,299,Success
PAY-013362,CUST-0729,2026-01-04,299,Success
PAY-013363,CUST-0729,2026-02-03,299,Success
PAY-013364,CUST-0729,2026-03-05,299,Success
PAY-013365,CUST-0729,2026-04-04,299,Success
PAY-013366,CUST-0729,2026-05-04,299,Success
PAY-013367,CUST-0729,2026-06-03,299,Success
PAY-013368,CUST-0730,2024-09-30,99,Success
PAY-013369,CUST-0730,2024-10-30,99,Success
PAY-013370,CUST-0730,2024-11-29,99,Success
PAY-013371,CUST-0730,2024-12-29,99,Success
PAY-013372,CUST-0730,2025-01-28,99,Success
PAY-013373,CUST-0730,2025-02-27,99,Success
PAY-013374,CUST-0730,2025-03-29,99,Success
PAY-013375,CUST-0730,2025-04-28,99,Success
PAY-013376,CUST-0730,2025-05-28,99,Success
PAY-013377,CUST-0730,2025-06-27,99,Success
PAY-013378,CUST-0731,2024-08-01,299,Success
PAY-013379,CUST-0731,2024-08-31,299,Success
PAY-013380,CUST-0731,2024-09-30,299,Success
PAY-013381,CUST-0731,2024-10-30,299,Success
PAY-013382,CUST-0731,2024-11-29,299,Success
PAY-013383,CUST-0731,2024-12-29,299,Success
PAY-013384,CUST-0731,2025-01-28,299,Success
PAY-013385,CUST-0731,2025-02-27,299,Success
PAY-013386,CUST-0731,2025-03-29,299,Success
PAY-013387,CUST-0731,2025-04-28,299,Success
PAY-013388,CUST-0731,2025-05-28,299,Success
PAY-013389,CUST-0731,2025-06-27,299,Success
PAY-013390,CUST-0731,2025-07-27,299,Success
PAY-013391,CUST-0731,2025-08-26,299,Success
PAY-013392,CUST-0731,2025-09-25,299,Success
PAY-013393,CUST-0731,2025-10-25,299,Success
PAY-013394,CUST-0731,2025-11-24,299,Success
PAY-013395,CUST-0731,2025-12-24,299,Success
PAY-013396,CUST-0731,2026-01-23,299,Success
PAY-013397,CUST-0731,2026-02-22,299,Success
PAY-013398,CUST-0731,2026-03-24,299,Success
PAY-013399,CUST-0731,2026-04-23,299,Success
PAY-013400,CUST-0731,2026-05-23,299,Success
PAY-013401,CUST-0731,2026-06-22,299,Success
PAY-013402,CUST-0732,2025-03-04,299,Success
PAY-013403,CUST-0732,2025-04-03,299,Success
PAY-013404,CUST-0732,2025-05-03,299,Success
PAY-013405,CUST-0732,2025-06-02,299,Success
PAY-013406,CUST-0732,2025-07-02,299,Success
PAY-013407,CUST-0732,2025-08-01,299,Failed
PAY-013408,CUST-0732,2025-08-31,299,Success
PAY-013409,CUST-0732,2025-09-30,299,Success
PAY-013410,CUST-0732,2025-10-30,299,Success
PAY-013411,CUST-0732,2025-11-29,299,Success
PAY-013412,CUST-0732,2025-12-29,299,Success
PAY-013413,CUST-0732,2026-01-28,299,Success
PAY-013414,CUST-0732,2026-02-27,299,Success
PAY-013415,CUST-0732,2026-03-29,299,Success
PAY-013416,CUST-0732,2026-04-28,299,Success
PAY-013417,CUST-0732,2026-05-28,299,Failed
PAY-013418,CUST-0732,2026-06-27,299,Success
PAY-013419,CUST-0733,2024-04-05,29,Success
PAY-013420,CUST-0733,2024-05-05,29,Success
PAY-013421,CUST-0733,2024-06-04,29,Success
PAY-013422,CUST-0733,2024-07-04,29,Success
PAY-013423,CUST-0733,2024-08-03,29,Success
PAY-013424,CUST-0733,2024-09-02,29,Success
PAY-013425,CUST-0733,2024-10-02,29,Success
PAY-013426,CUST-0733,2024-11-01,29,Success
PAY-013427,CUST-0733,2024-12-01,29,Success
PAY-013428,CUST-0733,2024-12-31,29,Success
PAY-013429,CUST-0733,2025-01-30,29,Success
PAY-013430,CUST-0733,2025-03-01,29,Success
PAY-013431,CUST-0733,2025-03-31,29,Success
PAY-013432,CUST-0733,2025-04-30,29,Success
PAY-013433,CUST-0733,2025-05-30,29,Success
PAY-013434,CUST-0733,2025-06-29,29,Success
PAY-013435,CUST-0733,2025-07-29,29,Success
PAY-013436,CUST-0733,2025-08-28,29,Success
PAY-013437,CUST-0733,2025-09-27,29,Success
PAY-013438,CUST-0733,2025-10-27,29,Success
PAY-013439,CUST-0733,2025-11-26,29,Success
PAY-013440,CUST-0733,2025-12-26,29,Success
PAY-013441,CUST-0733,2026-01-25,29,Success
PAY-013442,CUST-0733,2026-02-24,29,Success
PAY-013443,CUST-0733,2026-03-26,29,Success
PAY-013444,CUST-0733,2026-04-25,29,Success
PAY-013445,CUST-0733,2026-05-25,29,Success
PAY-013446,CUST-0733,2026-06-24,29,Success
PAY-013447,CUST-0734,2024-01-05,99,Success
PAY-013448,CUST-0734,2024-02-04,99,Failed
PAY-013449,CUST-0734,2024-03-05,99,Success
PAY-013450,CUST-0734,2024-04-04,99,Success
PAY-013451,CUST-0734,2024-05-04,99,Success
PAY-013452,CUST-0734,2024-06-03,99,Success
PAY-013453,CUST-0734,2024-07-03,99,Success
PAY-013454,CUST-0734,2024-08-02,99,Success
PAY-013455,CUST-0734,2024-09-01,99,Success
PAY-013456,CUST-0734,2024-10-01,99,Success
PAY-013457,CUST-0734,2024-10-31,99,Success
PAY-013458,CUST-0734,2024-11-30,99,Success
PAY-013459,CUST-0734,2024-12-30,99,Success
PAY-013460,CUST-0734,2025-01-29,99,Success
PAY-013461,CUST-0734,2025-02-28,99,Success
PAY-013462,CUST-0734,2025-03-30,99,Success
PAY-013463,CUST-0734,2025-04-29,99,Success
PAY-013464,CUST-0734,2025-05-29,99,Success
PAY-013465,CUST-0734,2025-06-28,99,Success
PAY-013466,CUST-0734,2025-07-28,99,Success
PAY-013467,CUST-0734,2025-08-27,99,Success
PAY-013468,CUST-0734,2025-09-26,99,Success
PAY-013469,CUST-0734,2025-10-26,99,Success
PAY-013470,CUST-0734,2025-11-25,99,Success
PAY-013471,CUST-0734,2025-12-25,99,Success
PAY-013472,CUST-0734,2026-01-24,99,Success
PAY-013473,CUST-0734,2026-02-23,99,Success
PAY-013474,CUST-0734,2026-03-25,99,Success
PAY-013475,CUST-0734,2026-04-24,99,Success
PAY-013476,CUST-0734,2026-05-24,99,Success
PAY-013477,CUST-0734,2026-06-23,99,Success
PAY-013478,CUST-0735,2025-04-20,29,Success
PAY-013479,CUST-0735,2025-05-20,29,Success
PAY-013480,CUST-0735,2025-06-19,29,Success
PAY-013481,CUST-0735,2025-07-19,29,Success
PAY-013482,CUST-0735,2025-08-18,29,Success
PAY-013483,CUST-0735,2025-09-17,29,Success
PAY-013484,CUST-0735,2025-10-17,29,Success
PAY-013485,CUST-0736,2024-08-20,99,Success
PAY-013486,CUST-0736,2024-09-19,99,Success
PAY-013487,CUST-0736,2024-10-19,99,Success
PAY-013488,CUST-0736,2024-11-18,99,Success
PAY-013489,CUST-0736,2024-12-18,99,Success
PAY-013490,CUST-0736,2025-01-17,99,Success
PAY-013491,CUST-0736,2025-02-16,99,Success
PAY-013492,CUST-0736,2025-03-18,99,Success
PAY-013493,CUST-0736,2025-04-17,99,Success
PAY-013494,CUST-0736,2025-05-17,99,Success
PAY-013495,CUST-0736,2025-06-16,99,Success
PAY-013496,CUST-0736,2025-07-16,99,Success
PAY-013497,CUST-0736,2025-08-15,99,Success
PAY-013498,CUST-0736,2025-09-14,99,Success
PAY-013499,CUST-0736,2025-10-14,99,Success
PAY-013500,CUST-0736,2025-11-13,99,Success
PAY-013501,CUST-0736,2025-12-13,99,Success
PAY-013502,CUST-0736,2026-01-12,99,Success
PAY-013503,CUST-0736,2026-02-11,99,Success
PAY-013504,CUST-0736,2026-03-13,99,Success
PAY-013505,CUST-0736,2026-04-12,99,Success
PAY-013506,CUST-0736,2026-05-12,99,Success
PAY-013507,CUST-0736,2026-06-11,99,Success
PAY-013508,CUST-0737,2025-03-11,29,Success
PAY-013509,CUST-0737,2025-04-10,29,Success
PAY-013510,CUST-0737,2025-05-10,29,Success
PAY-013511,CUST-0737,2025-06-09,29,Success
PAY-013512,CUST-0737,2025-07-09,29,Success
PAY-013513,CUST-0737,2025-08-08,29,Success
PAY-013514,CUST-0737,2025-09-07,29,Success
PAY-013515,CUST-0737,2025-10-07,29,Success
PAY-013516,CUST-0737,2025-11-06,29,Success
PAY-013517,CUST-0737,2025-12-06,29,Success
PAY-013518,CUST-0737,2026-01-05,29,Success
PAY-013519,CUST-0737,2026-02-04,29,Success
PAY-013520,CUST-0737,2026-03-06,29,Success
PAY-013521,CUST-0737,2026-04-05,29,Success
PAY-013522,CUST-0737,2026-05-05,29,Success
PAY-013523,CUST-0737,2026-06-04,29,Success
PAY-013524,CUST-0738,2024-04-08,299,Success
PAY-013525,CUST-0738,2024-05-08,299,Success
PAY-013526,CUST-0738,2024-06-07,299,Success
PAY-013527,CUST-0738,2024-07-07,299,Success
PAY-013528,CUST-0738,2024-08-06,299,Success
PAY-013529,CUST-0738,2024-09-05,299,Success
PAY-013530,CUST-0738,2024-10-05,299,Success
PAY-013531,CUST-0738,2024-11-04,299,Success
PAY-013532,CUST-0738,2024-12-04,299,Success
PAY-013533,CUST-0738,2025-01-03,299,Success
PAY-013534,CUST-0738,2025-02-02,299,Success
PAY-013535,CUST-0738,2025-03-04,299,Success
PAY-013536,CUST-0738,2025-04-03,299,Success
PAY-013537,CUST-0738,2025-05-03,299,Success
PAY-013538,CUST-0738,2025-06-02,299,Success
PAY-013539,CUST-0738,2025-07-02,299,Success
PAY-013540,CUST-0738,2025-08-01,299,Success
PAY-013541,CUST-0738,2025-08-31,299,Success
PAY-013542,CUST-0738,2025-09-30,299,Success
PAY-013543,CUST-0738,2025-10-30,299,Success
PAY-013544,CUST-0738,2025-11-29,299,Success
PAY-013545,CUST-0738,2025-12-29,299,Success
PAY-013546,CUST-0738,2026-01-28,299,Success
PAY-013547,CUST-0738,2026-02-27,299,Success
PAY-013548,CUST-0738,2026-03-29,299,Success
PAY-013549,CUST-0738,2026-04-28,299,Success
PAY-013550,CUST-0738,2026-05-28,299,Success
PAY-013551,CUST-0738,2026-06-27,299,Success
PAY-013552,CUST-0739,2024-03-24,29,Success
PAY-013553,CUST-0739,2024-04-23,29,Success
PAY-013554,CUST-0739,2024-05-23,29,Success
PAY-013555,CUST-0739,2024-06-22,29,Success
PAY-013556,CUST-0739,2024-07-22,29,Success
PAY-013557,CUST-0739,2024-08-21,29,Success
PAY-013558,CUST-0739,2024-09-20,29,Success
PAY-013559,CUST-0739,2024-10-20,29,Success
PAY-013560,CUST-0739,2024-11-19,29,Success
PAY-013561,CUST-0740,2025-01-02,99,Success
PAY-013562,CUST-0740,2025-02-01,99,Success
PAY-013563,CUST-0740,2025-03-03,99,Success
PAY-013564,CUST-0740,2025-04-02,99,Success
PAY-013565,CUST-0740,2025-05-02,99,Success
PAY-013566,CUST-0740,2025-06-01,99,Success
PAY-013567,CUST-0740,2025-07-01,99,Success
PAY-013568,CUST-0740,2025-07-31,99,Success
PAY-013569,CUST-0740,2025-08-30,99,Success
PAY-013570,CUST-0740,2025-09-29,99,Success
PAY-013571,CUST-0740,2025-10-29,99,Success
PAY-013572,CUST-0740,2025-11-28,99,Success
PAY-013573,CUST-0741,2025-01-12,99,Success
PAY-013574,CUST-0741,2025-02-11,99,Success
PAY-013575,CUST-0741,2025-03-13,99,Success
PAY-013576,CUST-0741,2025-04-12,99,Success
PAY-013577,CUST-0741,2025-05-12,99,Success
PAY-013578,CUST-0741,2025-06-11,99,Success
PAY-013579,CUST-0741,2025-07-11,99,Success
PAY-013580,CUST-0741,2025-08-10,99,Success
PAY-013581,CUST-0741,2025-09-09,99,Success
PAY-013582,CUST-0741,2025-10-09,99,Success
PAY-013583,CUST-0741,2025-11-08,99,Failed
PAY-013584,CUST-0741,2025-12-08,99,Success
PAY-013585,CUST-0741,2026-01-07,99,Success
PAY-013586,CUST-0741,2026-02-06,99,Success
PAY-013587,CUST-0741,2026-03-08,99,Success
PAY-013588,CUST-0741,2026-04-07,99,Success
PAY-013589,CUST-0741,2026-05-07,99,Success
PAY-013590,CUST-0741,2026-06-06,99,Success
PAY-013591,CUST-0742,2024-10-17,29,Success
PAY-013592,CUST-0742,2024-11-16,29,Success
PAY-013593,CUST-0742,2024-12-16,29,Failed
PAY-013594,CUST-0742,2025-01-15,29,Success
PAY-013595,CUST-0742,2025-02-14,29,Success
PAY-013596,CUST-0742,2025-03-16,29,Success
PAY-013597,CUST-0742,2025-04-15,29,Success
PAY-013598,CUST-0742,2025-05-15,29,Success
PAY-013599,CUST-0742,2025-06-14,29,Success
PAY-013600,CUST-0743,2024-11-08,29,Success
PAY-013601,CUST-0743,2024-12-08,29,Success
PAY-013602,CUST-0743,2025-01-07,29,Success
PAY-013603,CUST-0743,2025-02-06,29,Success
PAY-013604,CUST-0743,2025-03-08,29,Success
PAY-013605,CUST-0743,2025-04-07,29,Success
PAY-013606,CUST-0743,2025-05-07,29,Success
PAY-013607,CUST-0743,2025-06-06,29,Success
PAY-013608,CUST-0743,2025-07-06,29,Success
PAY-013609,CUST-0743,2025-08-05,29,Success
PAY-013610,CUST-0743,2025-09-04,29,Success
PAY-013611,CUST-0743,2025-10-04,29,Success
PAY-013612,CUST-0743,2025-11-03,29,Success
PAY-013613,CUST-0743,2025-12-03,29,Success
PAY-013614,CUST-0743,2026-01-02,29,Success
PAY-013615,CUST-0743,2026-02-01,29,Success
PAY-013616,CUST-0743,2026-03-03,29,Success
PAY-013617,CUST-0743,2026-04-02,29,Success
PAY-013618,CUST-0743,2026-05-02,29,Success
PAY-013619,CUST-0743,2026-06-01,29,Success
PAY-013620,CUST-0744,2024-09-20,29,Success
PAY-013621,CUST-0744,2024-10-20,29,Success
PAY-013622,CUST-0744,2024-11-19,29,Success
PAY-013623,CUST-0744,2024-12-19,29,Success
PAY-013624,CUST-0744,2025-01-18,29,Success
PAY-013625,CUST-0744,2025-02-17,29,Success
PAY-013626,CUST-0744,2025-03-19,29,Success
PAY-013627,CUST-0744,2025-04-18,29,Success
PAY-013628,CUST-0744,2025-05-18,29,Success
PAY-013629,CUST-0744,2025-06-17,29,Success
PAY-013630,CUST-0744,2025-07-17,29,Success
PAY-013631,CUST-0744,2025-08-16,29,Success
PAY-013632,CUST-0744,2025-09-15,29,Success
PAY-013633,CUST-0744,2025-10-15,29,Success
PAY-013634,CUST-0744,2025-11-14,29,Success
PAY-013635,CUST-0744,2025-12-14,29,Success
PAY-013636,CUST-0744,2026-01-13,29,Success
PAY-013637,CUST-0744,2026-02-12,29,Success
PAY-013638,CUST-0744,2026-03-14,29,Success
PAY-013639,CUST-0744,2026-04-13,29,Success
PAY-013640,CUST-0744,2026-05-13,29,Success
PAY-013641,CUST-0744,2026-06-12,29,Success
PAY-013642,CUST-0745,2024-07-24,99,Success
PAY-013643,CUST-0745,2024-08-23,99,Success
PAY-013644,CUST-0745,2024-09-22,99,Success
PAY-013645,CUST-0745,2024-10-22,99,Success
PAY-013646,CUST-0745,2024-11-21,99,Success
PAY-013647,CUST-0745,2024-12-21,99,Success
PAY-013648,CUST-0745,2025-01-20,99,Failed
PAY-013649,CUST-0745,2025-02-19,99,Success
PAY-013650,CUST-0745,2025-03-21,99,Success
PAY-013651,CUST-0745,2025-04-20,99,Success
PAY-013652,CUST-0745,2025-05-20,99,Success
PAY-013653,CUST-0745,2025-06-19,99,Success
PAY-013654,CUST-0745,2025-07-19,99,Success
PAY-013655,CUST-0745,2025-08-18,99,Success
PAY-013656,CUST-0745,2025-09-17,99,Failed
PAY-013657,CUST-0745,2025-10-17,99,Success
PAY-013658,CUST-0745,2025-11-16,99,Success
PAY-013659,CUST-0745,2025-12-16,99,Success
PAY-013660,CUST-0745,2026-01-15,99,Success
PAY-013661,CUST-0745,2026-02-14,99,Success
PAY-013662,CUST-0745,2026-03-16,99,Success
PAY-013663,CUST-0745,2026-04-15,99,Success
PAY-013664,CUST-0745,2026-05-15,99,Success
PAY-013665,CUST-0745,2026-06-14,99,Success
PAY-013666,CUST-0746,2024-03-12,29,Success
PAY-013667,CUST-0746,2024-04-11,29,Success
PAY-013668,CUST-0746,2024-05-11,29,Success
PAY-013669,CUST-0746,2024-06-10,29,Success
PAY-013670,CUST-0746,2024-07-10,29,Success
PAY-013671,CUST-0746,2024-08-09,29,Success
PAY-013672,CUST-0746,2024-09-08,29,Success
PAY-013673,CUST-0746,2024-10-08,29,Success
PAY-013674,CUST-0746,2024-11-07,29,Success
PAY-013675,CUST-0746,2024-12-07,29,Failed
PAY-013676,CUST-0746,2025-01-06,29,Success
PAY-013677,CUST-0746,2025-02-05,29,Success
PAY-013678,CUST-0746,2025-03-07,29,Success
PAY-013679,CUST-0746,2025-04-06,29,Success
PAY-013680,CUST-0746,2025-05-06,29,Success
PAY-013681,CUST-0746,2025-06-05,29,Success
PAY-013682,CUST-0746,2025-07-05,29,Success
PAY-013683,CUST-0746,2025-08-04,29,Success
PAY-013684,CUST-0746,2025-09-03,29,Success
PAY-013685,CUST-0746,2025-10-03,29,Success
PAY-013686,CUST-0746,2025-11-02,29,Success
PAY-013687,CUST-0746,2025-12-02,29,Success
PAY-013688,CUST-0746,2026-01-01,29,Success
PAY-013689,CUST-0746,2026-01-31,29,Success
PAY-013690,CUST-0746,2026-03-02,29,Success
PAY-013691,CUST-0746,2026-04-01,29,Success
PAY-013692,CUST-0746,2026-05-01,29,Success
PAY-013693,CUST-0746,2026-05-31,29,Success
PAY-013694,CUST-0746,2026-06-30,29,Success
PAY-013695,CUST-0747,2025-04-24,29,Success
PAY-013696,CUST-0747,2025-05-24,29,Success
PAY-013697,CUST-0747,2025-06-23,29,Success
PAY-013698,CUST-0747,2025-07-23,29,Success
PAY-013699,CUST-0747,2025-08-22,29,Success
PAY-013700,CUST-0747,2025-09-21,29,Success
PAY-013701,CUST-0747,2025-10-21,29,Success
PAY-013702,CUST-0748,2024-05-13,299,Success
PAY-013703,CUST-0748,2024-06-12,299,Success
PAY-013704,CUST-0748,2024-07-12,299,Success
PAY-013705,CUST-0748,2024-08-11,299,Success
PAY-013706,CUST-0748,2024-09-10,299,Success
PAY-013707,CUST-0748,2024-10-10,299,Success
PAY-013708,CUST-0748,2024-11-09,299,Success
PAY-013709,CUST-0748,2024-12-09,299,Success
PAY-013710,CUST-0748,2025-01-08,299,Success
PAY-013711,CUST-0748,2025-02-07,299,Success
PAY-013712,CUST-0748,2025-03-09,299,Success
PAY-013713,CUST-0748,2025-04-08,299,Success
PAY-013714,CUST-0748,2025-05-08,299,Success
PAY-013715,CUST-0748,2025-06-07,299,Success
PAY-013716,CUST-0748,2025-07-07,299,Success
PAY-013717,CUST-0748,2025-08-06,299,Success
PAY-013718,CUST-0748,2025-09-05,299,Success
PAY-013719,CUST-0748,2025-10-05,299,Success
PAY-013720,CUST-0748,2025-11-04,299,Success
PAY-013721,CUST-0748,2025-12-04,299,Success
PAY-013722,CUST-0748,2026-01-03,299,Success
PAY-013723,CUST-0748,2026-02-02,299,Success
PAY-013724,CUST-0748,2026-03-04,299,Success
PAY-013725,CUST-0748,2026-04-03,299,Success
PAY-013726,CUST-0748,2026-05-03,299,Success
PAY-013727,CUST-0748,2026-06-02,299,Success
PAY-013728,CUST-0749,2024-08-16,299,Success
PAY-013729,CUST-0749,2024-09-15,299,Success
PAY-013730,CUST-0749,2024-10-15,299,Success
PAY-013731,CUST-0749,2024-11-14,299,Success
PAY-013732,CUST-0749,2024-12-14,299,Success
PAY-013733,CUST-0749,2025-01-13,299,Success
PAY-013734,CUST-0749,2025-02-12,299,Success
PAY-013735,CUST-0749,2025-03-14,299,Success
PAY-013736,CUST-0749,2025-04-13,299,Success
PAY-013737,CUST-0749,2025-05-13,299,Success
PAY-013738,CUST-0749,2025-06-12,299,Success
PAY-013739,CUST-0749,2025-07-12,299,Success
PAY-013740,CUST-0749,2025-08-11,299,Success
PAY-013741,CUST-0749,2025-09-10,299,Success
PAY-013742,CUST-0749,2025-10-10,299,Success
PAY-013743,CUST-0749,2025-11-09,299,Success
PAY-013744,CUST-0749,2025-12-09,299,Success
PAY-013745,CUST-0749,2026-01-08,299,Success
PAY-013746,CUST-0749,2026-02-07,299,Success
PAY-013747,CUST-0749,2026-03-09,299,Success
PAY-013748,CUST-0749,2026-04-08,299,Success
PAY-013749,CUST-0749,2026-05-08,299,Success
PAY-013750,CUST-0749,2026-06-07,299,Success
PAY-013751,CUST-0750,2024-06-03,29,Success
PAY-013752,CUST-0750,2024-07-03,29,Success
PAY-013753,CUST-0751,2024-11-30,29,Success
PAY-013754,CUST-0751,2024-12-30,29,Success
PAY-013755,CUST-0751,2025-01-29,29,Success
PAY-013756,CUST-0751,2025-02-28,29,Success
PAY-013757,CUST-0752,2024-02-01,299,Success
PAY-013758,CUST-0752,2024-03-02,299,Success
PAY-013759,CUST-0752,2024-04-01,299,Success
PAY-013760,CUST-0752,2024-05-01,299,Success
PAY-013761,CUST-0752,2024-05-31,299,Success
PAY-013762,CUST-0752,2024-06-30,299,Success
PAY-013763,CUST-0752,2024-07-30,299,Success
PAY-013764,CUST-0752,2024-08-29,299,Success
PAY-013765,CUST-0752,2024-09-28,299,Success
PAY-013766,CUST-0752,2024-10-28,299,Success
PAY-013767,CUST-0752,2024-11-27,299,Success
PAY-013768,CUST-0752,2024-12-27,299,Success
PAY-013769,CUST-0752,2025-01-26,299,Success
PAY-013770,CUST-0752,2025-02-25,299,Success
PAY-013771,CUST-0752,2025-03-27,299,Success
PAY-013772,CUST-0752,2025-04-26,299,Success
PAY-013773,CUST-0752,2025-05-26,299,Success
PAY-013774,CUST-0752,2025-06-25,299,Success
PAY-013775,CUST-0752,2025-07-25,299,Success
PAY-013776,CUST-0752,2025-08-24,299,Success
PAY-013777,CUST-0752,2025-09-23,299,Success
PAY-013778,CUST-0752,2025-10-23,299,Success
PAY-013779,CUST-0752,2025-11-22,299,Success
PAY-013780,CUST-0752,2025-12-22,299,Success
PAY-013781,CUST-0752,2026-01-21,299,Success
PAY-013782,CUST-0752,2026-02-20,299,Success
PAY-013783,CUST-0752,2026-03-22,299,Success
PAY-013784,CUST-0752,2026-04-21,299,Success
PAY-013785,CUST-0752,2026-05-21,299,Success
PAY-013786,CUST-0752,2026-06-20,299,Success
PAY-013787,CUST-0753,2024-06-06,99,Success
PAY-013788,CUST-0753,2024-07-06,99,Success
PAY-013789,CUST-0753,2024-08-05,99,Success
PAY-013790,CUST-0753,2024-09-04,99,Success
PAY-013791,CUST-0753,2024-10-04,99,Success
PAY-013792,CUST-0753,2024-11-03,99,Success
PAY-013793,CUST-0753,2024-12-03,99,Success
PAY-013794,CUST-0753,2025-01-02,99,Success
PAY-013795,CUST-0753,2025-02-01,99,Success
PAY-013796,CUST-0753,2025-03-03,99,Success
PAY-013797,CUST-0753,2025-04-02,99,Success
PAY-013798,CUST-0753,2025-05-02,99,Success
PAY-013799,CUST-0753,2025-06-01,99,Success
PAY-013800,CUST-0753,2025-07-01,99,Success
PAY-013801,CUST-0753,2025-07-31,99,Success
PAY-013802,CUST-0753,2025-08-30,99,Success
PAY-013803,CUST-0753,2025-09-29,99,Success
PAY-013804,CUST-0753,2025-10-29,99,Success
PAY-013805,CUST-0753,2025-11-28,99,Success
PAY-013806,CUST-0753,2025-12-28,99,Success
PAY-013807,CUST-0753,2026-01-27,99,Success
PAY-013808,CUST-0753,2026-02-26,99,Success
PAY-013809,CUST-0753,2026-03-28,99,Success
PAY-013810,CUST-0753,2026-04-27,99,Success
PAY-013811,CUST-0753,2026-05-27,99,Success
PAY-013812,CUST-0753,2026-06-26,99,Success
PAY-013813,CUST-0754,2024-12-17,29,Success
PAY-013814,CUST-0754,2025-01-16,29,Success
PAY-013815,CUST-0754,2025-02-15,29,Success
PAY-013816,CUST-0754,2025-03-17,29,Failed
PAY-013817,CUST-0754,2025-04-16,29,Success
PAY-013818,CUST-0754,2025-05-16,29,Success
PAY-013819,CUST-0754,2025-06-15,29,Success
PAY-013820,CUST-0754,2025-07-15,29,Success
PAY-013821,CUST-0754,2025-08-14,29,Success
PAY-013822,CUST-0754,2025-09-13,29,Success
PAY-013823,CUST-0754,2025-10-13,29,Success
PAY-013824,CUST-0754,2025-11-12,29,Success
PAY-013825,CUST-0754,2025-12-12,29,Success
PAY-013826,CUST-0754,2026-01-11,29,Success
PAY-013827,CUST-0754,2026-02-10,29,Success
PAY-013828,CUST-0754,2026-03-12,29,Success
PAY-013829,CUST-0754,2026-04-11,29,Success
PAY-013830,CUST-0754,2026-05-11,29,Success
PAY-013831,CUST-0754,2026-06-10,29,Success
PAY-013832,CUST-0755,2024-11-23,99,Success
PAY-013833,CUST-0755,2024-12-23,99,Success
PAY-013834,CUST-0755,2025-01-22,99,Success
PAY-013835,CUST-0755,2025-02-21,99,Success
PAY-013836,CUST-0755,2025-03-23,99,Success
PAY-013837,CUST-0755,2025-04-22,99,Success
PAY-013838,CUST-0755,2025-05-22,99,Success
PAY-013839,CUST-0755,2025-06-21,99,Success
PAY-013840,CUST-0755,2025-07-21,99,Success
PAY-013841,CUST-0755,2025-08-20,99,Success
PAY-013842,CUST-0755,2025-09-19,99,Success
PAY-013843,CUST-0755,2025-10-19,99,Success
PAY-013844,CUST-0755,2025-11-18,99,Success
PAY-013845,CUST-0755,2025-12-18,99,Success
PAY-013846,CUST-0755,2026-01-17,99,Success
PAY-013847,CUST-0755,2026-02-16,99,Success
PAY-013848,CUST-0755,2026-03-18,99,Success
PAY-013849,CUST-0755,2026-04-17,99,Success
PAY-013850,CUST-0755,2026-05-17,99,Success
PAY-013851,CUST-0755,2026-06-16,99,Success
PAY-013852,CUST-0756,2024-11-10,99,Success
PAY-013853,CUST-0756,2024-12-10,99,Success
PAY-013854,CUST-0756,2025-01-09,99,Success
PAY-013855,CUST-0756,2025-02-08,99,Success
PAY-013856,CUST-0756,2025-03-10,99,Success
PAY-013857,CUST-0756,2025-04-09,99,Success
PAY-013858,CUST-0756,2025-05-09,99,Success
PAY-013859,CUST-0756,2025-06-08,99,Success
PAY-013860,CUST-0756,2025-07-08,99,Success
PAY-013861,CUST-0756,2025-08-07,99,Success
PAY-013862,CUST-0756,2025-09-06,99,Success
PAY-013863,CUST-0756,2025-10-06,99,Success
PAY-013864,CUST-0756,2025-11-05,99,Success
PAY-013865,CUST-0756,2025-12-05,99,Success
PAY-013866,CUST-0756,2026-01-04,99,Success
PAY-013867,CUST-0756,2026-02-03,99,Success
PAY-013868,CUST-0756,2026-03-05,99,Success
PAY-013869,CUST-0756,2026-04-04,99,Success
PAY-013870,CUST-0756,2026-05-04,99,Success
PAY-013871,CUST-0756,2026-06-03,99,Success
PAY-013872,CUST-0757,2025-05-05,29,Success
PAY-013873,CUST-0757,2025-06-04,29,Success
PAY-013874,CUST-0757,2025-07-04,29,Success
PAY-013875,CUST-0757,2025-08-03,29,Success
PAY-013876,CUST-0757,2025-09-02,29,Success
PAY-013877,CUST-0757,2025-10-02,29,Success
PAY-013878,CUST-0757,2025-11-01,29,Success
PAY-013879,CUST-0757,2025-12-01,29,Success
PAY-013880,CUST-0757,2025-12-31,29,Success
PAY-013881,CUST-0757,2026-01-30,29,Success
PAY-013882,CUST-0757,2026-03-01,29,Success
PAY-013883,CUST-0757,2026-03-31,29,Success
PAY-013884,CUST-0757,2026-04-30,29,Success
PAY-013885,CUST-0758,2024-03-19,29,Success
PAY-013886,CUST-0758,2024-04-18,29,Success
PAY-013887,CUST-0758,2024-05-18,29,Success
PAY-013888,CUST-0758,2024-06-17,29,Success
PAY-013889,CUST-0758,2024-07-17,29,Success
PAY-013890,CUST-0758,2024-08-16,29,Success
PAY-013891,CUST-0758,2024-09-15,29,Success
PAY-013892,CUST-0758,2024-10-15,29,Success
PAY-013893,CUST-0758,2024-11-14,29,Success
PAY-013894,CUST-0758,2024-12-14,29,Success
PAY-013895,CUST-0758,2025-01-13,29,Success
PAY-013896,CUST-0758,2025-02-12,29,Success
PAY-013897,CUST-0758,2025-03-14,29,Success
PAY-013898,CUST-0758,2025-04-13,29,Success
PAY-013899,CUST-0758,2025-05-13,29,Success
PAY-013900,CUST-0758,2025-06-12,29,Success
PAY-013901,CUST-0758,2025-07-12,29,Success
PAY-013902,CUST-0758,2025-08-11,29,Success
PAY-013903,CUST-0758,2025-09-10,29,Success
PAY-013904,CUST-0758,2025-10-10,29,Success
PAY-013905,CUST-0758,2025-11-09,29,Success
PAY-013906,CUST-0758,2025-12-09,29,Success
PAY-013907,CUST-0758,2026-01-08,29,Success
PAY-013908,CUST-0758,2026-02-07,29,Success
PAY-013909,CUST-0758,2026-03-09,29,Success
PAY-013910,CUST-0758,2026-04-08,29,Success
PAY-013911,CUST-0758,2026-05-08,29,Success
PAY-013912,CUST-0758,2026-06-07,29,Success
PAY-013913,CUST-0759,2024-07-31,29,Success
PAY-013914,CUST-0759,2024-08-30,29,Success
PAY-013915,CUST-0759,2024-09-29,29,Success
PAY-013916,CUST-0759,2024-10-29,29,Success
PAY-013917,CUST-0759,2024-11-28,29,Success
PAY-013918,CUST-0759,2024-12-28,29,Success
PAY-013919,CUST-0759,2025-01-27,29,Success
PAY-013920,CUST-0759,2025-02-26,29,Success
PAY-013921,CUST-0759,2025-03-28,29,Success
PAY-013922,CUST-0759,2025-04-27,29,Success
PAY-013923,CUST-0759,2025-05-27,29,Success
PAY-013924,CUST-0759,2025-06-26,29,Success
PAY-013925,CUST-0759,2025-07-26,29,Success
PAY-013926,CUST-0759,2025-08-25,29,Success
PAY-013927,CUST-0759,2025-09-24,29,Success
PAY-013928,CUST-0759,2025-10-24,29,Success
PAY-013929,CUST-0759,2025-11-23,29,Success
PAY-013930,CUST-0759,2025-12-23,29,Success
PAY-013931,CUST-0759,2026-01-22,29,Success
PAY-013932,CUST-0759,2026-02-21,29,Success
PAY-013933,CUST-0759,2026-03-23,29,Success
PAY-013934,CUST-0759,2026-04-22,29,Success
PAY-013935,CUST-0759,2026-05-22,29,Success
PAY-013936,CUST-0759,2026-06-21,29,Success
PAY-013937,CUST-0760,2025-01-25,29,Success
PAY-013938,CUST-0760,2025-02-24,29,Success
PAY-013939,CUST-0760,2025-03-26,29,Success
PAY-013940,CUST-0760,2025-04-25,29,Success
PAY-013941,CUST-0760,2025-05-25,29,Success
PAY-013942,CUST-0760,2025-06-24,29,Success
PAY-013943,CUST-0760,2025-07-24,29,Success
PAY-013944,CUST-0760,2025-08-23,29,Success
PAY-013945,CUST-0760,2025-09-22,29,Success
PAY-013946,CUST-0760,2025-10-22,29,Success
PAY-013947,CUST-0760,2025-11-21,29,Success
PAY-013948,CUST-0760,2025-12-21,29,Success
PAY-013949,CUST-0760,2026-01-20,29,Success
PAY-013950,CUST-0760,2026-02-19,29,Success
PAY-013951,CUST-0760,2026-03-21,29,Success
PAY-013952,CUST-0760,2026-04-20,29,Success
PAY-013953,CUST-0760,2026-05-20,29,Success
PAY-013954,CUST-0760,2026-06-19,29,Success
PAY-013955,CUST-0761,2024-09-26,99,Success
PAY-013956,CUST-0761,2024-10-26,99,Success
PAY-013957,CUST-0761,2024-11-25,99,Success
PAY-013958,CUST-0762,2024-02-09,299,Success
PAY-013959,CUST-0762,2024-03-10,299,Success
PAY-013960,CUST-0762,2024-04-09,299,Success
PAY-013961,CUST-0762,2024-05-09,299,Success
PAY-013962,CUST-0762,2024-06-08,299,Success
PAY-013963,CUST-0762,2024-07-08,299,Success
PAY-013964,CUST-0762,2024-08-07,299,Success
PAY-013965,CUST-0762,2024-09-06,299,Success
PAY-013966,CUST-0762,2024-10-06,299,Success
PAY-013967,CUST-0762,2024-11-05,299,Success
PAY-013968,CUST-0762,2024-12-05,299,Success
PAY-013969,CUST-0762,2025-01-04,299,Success
PAY-013970,CUST-0762,2025-02-03,299,Success
PAY-013971,CUST-0763,2025-02-28,99,Success
PAY-013972,CUST-0763,2025-03-30,99,Success
PAY-013973,CUST-0763,2025-04-29,99,Success
PAY-013974,CUST-0763,2025-05-29,99,Success
PAY-013975,CUST-0764,2024-03-25,29,Success
PAY-013976,CUST-0764,2024-04-24,29,Success
PAY-013977,CUST-0764,2024-05-24,29,Success
PAY-013978,CUST-0764,2024-06-23,29,Success
PAY-013979,CUST-0764,2024-07-23,29,Success
PAY-013980,CUST-0764,2024-08-22,29,Success
PAY-013981,CUST-0764,2024-09-21,29,Success
PAY-013982,CUST-0764,2024-10-21,29,Success
PAY-013983,CUST-0764,2024-11-20,29,Success
PAY-013984,CUST-0764,2024-12-20,29,Success
PAY-013985,CUST-0764,2025-01-19,29,Success
PAY-013986,CUST-0764,2025-02-18,29,Failed
PAY-013987,CUST-0764,2025-03-20,29,Success
PAY-013988,CUST-0764,2025-04-19,29,Success
PAY-013989,CUST-0764,2025-05-19,29,Success
PAY-013990,CUST-0764,2025-06-18,29,Success
PAY-013991,CUST-0764,2025-07-18,29,Success
PAY-013992,CUST-0764,2025-08-17,29,Success
PAY-013993,CUST-0764,2025-09-16,29,Success
PAY-013994,CUST-0764,2025-10-16,29,Success
PAY-013995,CUST-0764,2025-11-15,29,Success
PAY-013996,CUST-0764,2025-12-15,29,Success
PAY-013997,CUST-0764,2026-01-14,29,Success
PAY-013998,CUST-0764,2026-02-13,29,Success
PAY-013999,CUST-0764,2026-03-15,29,Failed
PAY-014000,CUST-0764,2026-04-14,29,Success
PAY-014001,CUST-0764,2026-05-14,29,Success
PAY-014002,CUST-0764,2026-06-13,29,Success
PAY-014003,CUST-0765,2024-02-29,29,Success
PAY-014004,CUST-0765,2024-03-30,29,Failed
PAY-014005,CUST-0765,2024-04-29,29,Success
PAY-014006,CUST-0765,2024-05-29,29,Success
PAY-014007,CUST-0765,2024-06-28,29,Success
PAY-014008,CUST-0765,2024-07-28,29,Success
PAY-014009,CUST-0765,2024-08-27,29,Success
PAY-014010,CUST-0765,2024-09-26,29,Success
PAY-014011,CUST-0765,2024-10-26,29,Failed
PAY-014012,CUST-0765,2024-11-25,29,Success
PAY-014013,CUST-0765,2024-12-25,29,Success
PAY-014014,CUST-0765,2025-01-24,29,Success
PAY-014015,CUST-0765,2025-02-23,29,Success
PAY-014016,CUST-0765,2025-03-25,29,Success
PAY-014017,CUST-0765,2025-04-24,29,Success
PAY-014018,CUST-0765,2025-05-24,29,Success
PAY-014019,CUST-0765,2025-06-23,29,Success
PAY-014020,CUST-0765,2025-07-23,29,Success
PAY-014021,CUST-0765,2025-08-22,29,Success
PAY-014022,CUST-0765,2025-09-21,29,Success
PAY-014023,CUST-0765,2025-10-21,29,Success
PAY-014024,CUST-0765,2025-11-20,29,Success
PAY-014025,CUST-0765,2025-12-20,29,Success
PAY-014026,CUST-0765,2026-01-19,29,Success
PAY-014027,CUST-0765,2026-02-18,29,Success
PAY-014028,CUST-0765,2026-03-20,29,Success
PAY-014029,CUST-0765,2026-04-19,29,Success
PAY-014030,CUST-0765,2026-05-19,29,Success
PAY-014031,CUST-0765,2026-06-18,29,Success
PAY-014032,CUST-0766,2024-02-16,29,Success
PAY-014033,CUST-0766,2024-03-17,29,Success
PAY-014034,CUST-0766,2024-04-16,29,Success
PAY-014035,CUST-0766,2024-05-16,29,Success
PAY-014036,CUST-0766,2024-06-15,29,Success
PAY-014037,CUST-0766,2024-07-15,29,Success
PAY-014038,CUST-0766,2024-08-14,29,Success
PAY-014039,CUST-0766,2024-09-13,29,Success
PAY-014040,CUST-0766,2024-10-13,29,Success
PAY-014041,CUST-0766,2024-11-12,29,Success
PAY-014042,CUST-0766,2024-12-12,29,Success
PAY-014043,CUST-0766,2025-01-11,29,Success
PAY-014044,CUST-0766,2025-02-10,29,Success
PAY-014045,CUST-0766,2025-03-12,29,Success
PAY-014046,CUST-0766,2025-04-11,29,Success
PAY-014047,CUST-0766,2025-05-11,29,Success
PAY-014048,CUST-0766,2025-06-10,29,Success
PAY-014049,CUST-0766,2025-07-10,29,Success
PAY-014050,CUST-0766,2025-08-09,29,Success
PAY-014051,CUST-0766,2025-09-08,29,Success
PAY-014052,CUST-0766,2025-10-08,29,Success
PAY-014053,CUST-0766,2025-11-07,29,Success
PAY-014054,CUST-0766,2025-12-07,29,Success
PAY-014055,CUST-0766,2026-01-06,29,Success
PAY-014056,CUST-0766,2026-02-05,29,Success
PAY-014057,CUST-0766,2026-03-07,29,Success
PAY-014058,CUST-0766,2026-04-06,29,Success
PAY-014059,CUST-0766,2026-05-06,29,Success
PAY-014060,CUST-0766,2026-06-05,29,Success
PAY-014061,CUST-0767,2024-08-20,29,Success
PAY-014062,CUST-0767,2024-09-19,29,Success
PAY-014063,CUST-0767,2024-10-19,29,Success
PAY-014064,CUST-0767,2024-11-18,29,Success
PAY-014065,CUST-0767,2024-12-18,29,Success
PAY-014066,CUST-0767,2025-01-17,29,Success
PAY-014067,CUST-0767,2025-02-16,29,Success
PAY-014068,CUST-0767,2025-03-18,29,Success
PAY-014069,CUST-0767,2025-04-17,29,Success
PAY-014070,CUST-0767,2025-05-17,29,Success
PAY-014071,CUST-0767,2025-06-16,29,Success
PAY-014072,CUST-0767,2025-07-16,29,Success
PAY-014073,CUST-0767,2025-08-15,29,Success
PAY-014074,CUST-0767,2025-09-14,29,Success
PAY-014075,CUST-0767,2025-10-14,29,Success
PAY-014076,CUST-0767,2025-11-13,29,Success
PAY-014077,CUST-0767,2025-12-13,29,Success
PAY-014078,CUST-0767,2026-01-12,29,Success
PAY-014079,CUST-0767,2026-02-11,29,Success
PAY-014080,CUST-0767,2026-03-13,29,Success
PAY-014081,CUST-0767,2026-04-12,29,Success
PAY-014082,CUST-0767,2026-05-12,29,Success
PAY-014083,CUST-0767,2026-06-11,29,Success
PAY-014084,CUST-0768,2024-08-21,29,Success
PAY-014085,CUST-0768,2024-09-20,29,Success
PAY-014086,CUST-0768,2024-10-20,29,Success
PAY-014087,CUST-0768,2024-11-19,29,Success
PAY-014088,CUST-0768,2024-12-19,29,Success
PAY-014089,CUST-0768,2025-01-18,29,Success
PAY-014090,CUST-0768,2025-02-17,29,Success
PAY-014091,CUST-0768,2025-03-19,29,Success
PAY-014092,CUST-0768,2025-04-18,29,Success
PAY-014093,CUST-0768,2025-05-18,29,Success
PAY-014094,CUST-0768,2025-06-17,29,Success
PAY-014095,CUST-0768,2025-07-17,29,Success
PAY-014096,CUST-0768,2025-08-16,29,Success
PAY-014097,CUST-0768,2025-09-15,29,Success
PAY-014098,CUST-0768,2025-10-15,29,Failed
PAY-014099,CUST-0768,2025-11-14,29,Success
PAY-014100,CUST-0768,2025-12-14,29,Success
PAY-014101,CUST-0768,2026-01-13,29,Success
PAY-014102,CUST-0768,2026-02-12,29,Success
PAY-014103,CUST-0768,2026-03-14,29,Success
PAY-014104,CUST-0768,2026-04-13,29,Success
PAY-014105,CUST-0768,2026-05-13,29,Success
PAY-014106,CUST-0768,2026-06-12,29,Success
PAY-014107,CUST-0769,2024-12-10,99,Success
PAY-014108,CUST-0769,2025-01-09,99,Success
PAY-014109,CUST-0769,2025-02-08,99,Success
PAY-014110,CUST-0769,2025-03-10,99,Success
PAY-014111,CUST-0769,2025-04-09,99,Success
PAY-014112,CUST-0769,2025-05-09,99,Success
PAY-014113,CUST-0769,2025-06-08,99,Success
PAY-014114,CUST-0769,2025-07-08,99,Success
PAY-014115,CUST-0770,2024-07-21,99,Success
PAY-014116,CUST-0770,2024-08-20,99,Success
PAY-014117,CUST-0770,2024-09-19,99,Success
PAY-014118,CUST-0770,2024-10-19,99,Success
PAY-014119,CUST-0770,2024-11-18,99,Success
PAY-014120,CUST-0770,2024-12-18,99,Success
PAY-014121,CUST-0770,2025-01-17,99,Success
PAY-014122,CUST-0770,2025-02-16,99,Success
PAY-014123,CUST-0770,2025-03-18,99,Success
PAY-014124,CUST-0770,2025-04-17,99,Success
PAY-014125,CUST-0770,2025-05-17,99,Success
PAY-014126,CUST-0770,2025-06-16,99,Success
PAY-014127,CUST-0770,2025-07-16,99,Success
PAY-014128,CUST-0770,2025-08-15,99,Success
PAY-014129,CUST-0770,2025-09-14,99,Success
PAY-014130,CUST-0770,2025-10-14,99,Success
PAY-014131,CUST-0770,2025-11-13,99,Success
PAY-014132,CUST-0770,2025-12-13,99,Success
PAY-014133,CUST-0770,2026-01-12,99,Success
PAY-014134,CUST-0770,2026-02-11,99,Success
PAY-014135,CUST-0770,2026-03-13,99,Success
PAY-014136,CUST-0770,2026-04-12,99,Success
PAY-014137,CUST-0770,2026-05-12,99,Success
PAY-014138,CUST-0770,2026-06-11,99,Success
PAY-014139,CUST-0771,2025-01-16,299,Success
PAY-014140,CUST-0771,2025-02-15,299,Success
PAY-014141,CUST-0771,2025-03-17,299,Success
PAY-014142,CUST-0771,2025-04-16,299,Success
PAY-014143,CUST-0771,2025-05-16,299,Success
PAY-014144,CUST-0771,2025-06-15,299,Success
PAY-014145,CUST-0771,2025-07-15,299,Success
PAY-014146,CUST-0771,2025-08-14,299,Success
PAY-014147,CUST-0771,2025-09-13,299,Success
PAY-014148,CUST-0771,2025-10-13,299,Success
PAY-014149,CUST-0771,2025-11-12,299,Success
PAY-014150,CUST-0771,2025-12-12,299,Success
PAY-014151,CUST-0771,2026-01-11,299,Success
PAY-014152,CUST-0771,2026-02-10,299,Success
PAY-014153,CUST-0771,2026-03-12,299,Success
PAY-014154,CUST-0771,2026-04-11,299,Success
PAY-014155,CUST-0771,2026-05-11,299,Success
PAY-014156,CUST-0771,2026-06-10,299,Success
PAY-014157,CUST-0772,2024-01-24,299,Failed
PAY-014158,CUST-0772,2024-02-23,299,Success
PAY-014159,CUST-0772,2024-03-24,299,Success
PAY-014160,CUST-0772,2024-04-23,299,Failed
PAY-014161,CUST-0772,2024-05-23,299,Failed
PAY-014162,CUST-0772,2024-06-22,299,Success
PAY-014163,CUST-0772,2024-07-22,299,Success
PAY-014164,CUST-0772,2024-08-21,299,Success
PAY-014165,CUST-0772,2024-09-20,299,Success
PAY-014166,CUST-0772,2024-10-20,299,Success
PAY-014167,CUST-0772,2024-11-19,299,Success
PAY-014168,CUST-0772,2024-12-19,299,Failed
PAY-014169,CUST-0772,2025-01-18,299,Success
PAY-014170,CUST-0772,2025-02-17,299,Success
PAY-014171,CUST-0772,2025-03-19,299,Success
PAY-014172,CUST-0772,2025-04-18,299,Success
PAY-014173,CUST-0772,2025-05-18,299,Success
PAY-014174,CUST-0772,2025-06-17,299,Success
PAY-014175,CUST-0772,2025-07-17,299,Success
PAY-014176,CUST-0772,2025-08-16,299,Success
PAY-014177,CUST-0772,2025-09-15,299,Success
PAY-014178,CUST-0772,2025-10-15,299,Success
PAY-014179,CUST-0772,2025-11-14,299,Success
PAY-014180,CUST-0772,2025-12-14,299,Success
PAY-014181,CUST-0772,2026-01-13,299,Success
PAY-014182,CUST-0772,2026-02-12,299,Success
PAY-014183,CUST-0772,2026-03-14,299,Success
PAY-014184,CUST-0772,2026-04-13,299,Success
PAY-014185,CUST-0772,2026-05-13,299,Success
PAY-014186,CUST-0772,2026-06-12,299,Success
PAY-014187,CUST-0773,2024-12-24,29,Success
PAY-014188,CUST-0773,2025-01-23,29,Success
PAY-014189,CUST-0773,2025-02-22,29,Success
PAY-014190,CUST-0773,2025-03-24,29,Success
PAY-014191,CUST-0773,2025-04-23,29,Success
PAY-014192,CUST-0773,2025-05-23,29,Success
PAY-014193,CUST-0773,2025-06-22,29,Success
PAY-014194,CUST-0773,2025-07-22,29,Success
PAY-014195,CUST-0773,2025-08-21,29,Success
PAY-014196,CUST-0773,2025-09-20,29,Success
PAY-014197,CUST-0773,2025-10-20,29,Success
PAY-014198,CUST-0773,2025-11-19,29,Success
PAY-014199,CUST-0773,2025-12-19,29,Success
PAY-014200,CUST-0773,2026-01-18,29,Success
PAY-014201,CUST-0773,2026-02-17,29,Success
PAY-014202,CUST-0773,2026-03-19,29,Success
PAY-014203,CUST-0773,2026-04-18,29,Success
PAY-014204,CUST-0773,2026-05-18,29,Success
PAY-014205,CUST-0773,2026-06-17,29,Success
PAY-014206,CUST-0774,2025-04-23,299,Success
PAY-014207,CUST-0774,2025-05-23,299,Success
PAY-014208,CUST-0774,2025-06-22,299,Success
PAY-014209,CUST-0774,2025-07-22,299,Success
PAY-014210,CUST-0774,2025-08-21,299,Success
PAY-014211,CUST-0774,2025-09-20,299,Success
PAY-014212,CUST-0774,2025-10-20,299,Success
PAY-014213,CUST-0774,2025-11-19,299,Success
PAY-014214,CUST-0774,2025-12-19,299,Success
PAY-014215,CUST-0774,2026-01-18,299,Success
PAY-014216,CUST-0774,2026-02-17,299,Success
PAY-014217,CUST-0774,2026-03-19,299,Success
PAY-014218,CUST-0774,2026-04-18,299,Success
PAY-014219,CUST-0774,2026-05-18,299,Success
PAY-014220,CUST-0774,2026-06-17,299,Success
PAY-014221,CUST-0775,2024-01-17,99,Success
PAY-014222,CUST-0775,2024-02-16,99,Success
PAY-014223,CUST-0775,2024-03-17,99,Success
PAY-014224,CUST-0775,2024-04-16,99,Success
PAY-014225,CUST-0775,2024-05-16,99,Success
PAY-014226,CUST-0775,2024-06-15,99,Success
PAY-014227,CUST-0775,2024-07-15,99,Success
PAY-014228,CUST-0775,2024-08-14,99,Success
PAY-014229,CUST-0775,2024-09-13,99,Success
PAY-014230,CUST-0775,2024-10-13,99,Success
PAY-014231,CUST-0775,2024-11-12,99,Failed
PAY-014232,CUST-0775,2024-12-12,99,Success
PAY-014233,CUST-0775,2025-01-11,99,Success
PAY-014234,CUST-0775,2025-02-10,99,Success
PAY-014235,CUST-0775,2025-03-12,99,Success
PAY-014236,CUST-0775,2025-04-11,99,Success
PAY-014237,CUST-0775,2025-05-11,99,Success
PAY-014238,CUST-0775,2025-06-10,99,Success
PAY-014239,CUST-0775,2025-07-10,99,Success
PAY-014240,CUST-0775,2025-08-09,99,Failed
PAY-014241,CUST-0775,2025-09-08,99,Success
PAY-014242,CUST-0775,2025-10-08,99,Success
PAY-014243,CUST-0775,2025-11-07,99,Success
PAY-014244,CUST-0775,2025-12-07,99,Success
PAY-014245,CUST-0775,2026-01-06,99,Success
PAY-014246,CUST-0775,2026-02-05,99,Success
PAY-014247,CUST-0775,2026-03-07,99,Success
PAY-014248,CUST-0775,2026-04-06,99,Success
PAY-014249,CUST-0775,2026-05-06,99,Success
PAY-014250,CUST-0775,2026-06-05,99,Success
PAY-014251,CUST-0776,2024-04-02,29,Success
PAY-014252,CUST-0776,2024-05-02,29,Success
PAY-014253,CUST-0776,2024-06-01,29,Success
PAY-014254,CUST-0776,2024-07-01,29,Success
PAY-014255,CUST-0776,2024-07-31,29,Success
PAY-014256,CUST-0776,2024-08-30,29,Success
PAY-014257,CUST-0776,2024-09-29,29,Success
PAY-014258,CUST-0776,2024-10-29,29,Success
PAY-014259,CUST-0776,2024-11-28,29,Success
PAY-014260,CUST-0776,2024-12-28,29,Success
PAY-014261,CUST-0776,2025-01-27,29,Success
PAY-014262,CUST-0776,2025-02-26,29,Success
PAY-014263,CUST-0776,2025-03-28,29,Success
PAY-014264,CUST-0776,2025-04-27,29,Success
PAY-014265,CUST-0776,2025-05-27,29,Success
PAY-014266,CUST-0776,2025-06-26,29,Success
PAY-014267,CUST-0776,2025-07-26,29,Success
PAY-014268,CUST-0776,2025-08-25,29,Success
PAY-014269,CUST-0776,2025-09-24,29,Success
PAY-014270,CUST-0776,2025-10-24,29,Success
PAY-014271,CUST-0776,2025-11-23,29,Success
PAY-014272,CUST-0776,2025-12-23,29,Success
PAY-014273,CUST-0776,2026-01-22,29,Success
PAY-014274,CUST-0776,2026-02-21,29,Success
PAY-014275,CUST-0776,2026-03-23,29,Success
PAY-014276,CUST-0776,2026-04-22,29,Success
PAY-014277,CUST-0776,2026-05-22,29,Success
PAY-014278,CUST-0776,2026-06-21,29,Success
PAY-014279,CUST-0777,2024-07-10,29,Success
PAY-014280,CUST-0777,2024-08-09,29,Success
PAY-014281,CUST-0777,2024-09-08,29,Failed
PAY-014282,CUST-0777,2024-10-08,29,Success
PAY-014283,CUST-0777,2024-11-07,29,Success
PAY-014284,CUST-0777,2024-12-07,29,Success
PAY-014285,CUST-0777,2025-01-06,29,Success
PAY-014286,CUST-0777,2025-02-05,29,Failed
PAY-014287,CUST-0777,2025-03-07,29,Success
PAY-014288,CUST-0777,2025-04-06,29,Success
PAY-014289,CUST-0777,2025-05-06,29,Success
PAY-014290,CUST-0777,2025-06-05,29,Success
PAY-014291,CUST-0777,2025-07-05,29,Success
PAY-014292,CUST-0777,2025-08-04,29,Success
PAY-014293,CUST-0777,2025-09-03,29,Success
PAY-014294,CUST-0777,2025-10-03,29,Success
PAY-014295,CUST-0777,2025-11-02,29,Success
PAY-014296,CUST-0777,2025-12-02,29,Success
PAY-014297,CUST-0777,2026-01-01,29,Success
PAY-014298,CUST-0777,2026-01-31,29,Success
PAY-014299,CUST-0777,2026-03-02,29,Success
PAY-014300,CUST-0777,2026-04-01,29,Success
PAY-014301,CUST-0777,2026-05-01,29,Success
PAY-014302,CUST-0777,2026-05-31,29,Success
PAY-014303,CUST-0777,2026-06-30,29,Success
PAY-014304,CUST-0778,2025-03-21,99,Success
PAY-014305,CUST-0778,2025-04-20,99,Success
PAY-014306,CUST-0778,2025-05-20,99,Success
PAY-014307,CUST-0778,2025-06-19,99,Success
PAY-014308,CUST-0778,2025-07-19,99,Success
PAY-014309,CUST-0778,2025-08-18,99,Success
PAY-014310,CUST-0778,2025-09-17,99,Success
PAY-014311,CUST-0778,2025-10-17,99,Success
PAY-014312,CUST-0778,2025-11-16,99,Success
PAY-014313,CUST-0778,2025-12-16,99,Success
PAY-014314,CUST-0778,2026-01-15,99,Success
PAY-014315,CUST-0778,2026-02-14,99,Success
PAY-014316,CUST-0778,2026-03-16,99,Success
PAY-014317,CUST-0778,2026-04-15,99,Success
PAY-014318,CUST-0778,2026-05-15,99,Success
PAY-014319,CUST-0778,2026-06-14,99,Success
PAY-014320,CUST-0779,2024-02-11,29,Success
PAY-014321,CUST-0779,2024-03-12,29,Success
PAY-014322,CUST-0779,2024-04-11,29,Success
PAY-014323,CUST-0779,2024-05-11,29,Success
PAY-014324,CUST-0779,2024-06-10,29,Success
PAY-014325,CUST-0779,2024-07-10,29,Success
PAY-014326,CUST-0779,2024-08-09,29,Success
PAY-014327,CUST-0779,2024-09-08,29,Success
PAY-014328,CUST-0779,2024-10-08,29,Success
PAY-014329,CUST-0779,2024-11-07,29,Success
PAY-014330,CUST-0779,2024-12-07,29,Success
PAY-014331,CUST-0779,2025-01-06,29,Success
PAY-014332,CUST-0779,2025-02-05,29,Success
PAY-014333,CUST-0779,2025-03-07,29,Success
PAY-014334,CUST-0779,2025-04-06,29,Success
PAY-014335,CUST-0779,2025-05-06,29,Success
PAY-014336,CUST-0779,2025-06-05,29,Success
PAY-014337,CUST-0779,2025-07-05,29,Success
PAY-014338,CUST-0779,2025-08-04,29,Success
PAY-014339,CUST-0779,2025-09-03,29,Success
PAY-014340,CUST-0779,2025-10-03,29,Success
PAY-014341,CUST-0779,2025-11-02,29,Success
PAY-014342,CUST-0779,2025-12-02,29,Success
PAY-014343,CUST-0779,2026-01-01,29,Success
PAY-014344,CUST-0779,2026-01-31,29,Success
PAY-014345,CUST-0779,2026-03-02,29,Failed
PAY-014346,CUST-0779,2026-04-01,29,Success
PAY-014347,CUST-0779,2026-05-01,29,Success
PAY-014348,CUST-0779,2026-05-31,29,Success
PAY-014349,CUST-0779,2026-06-30,29,Success
PAY-014350,CUST-0780,2024-03-01,29,Success
PAY-014351,CUST-0780,2024-03-31,29,Success
PAY-014352,CUST-0780,2024-04-30,29,Success
PAY-014353,CUST-0780,2024-05-30,29,Success
PAY-014354,CUST-0780,2024-06-29,29,Success
PAY-014355,CUST-0780,2024-07-29,29,Success
PAY-014356,CUST-0780,2024-08-28,29,Success
PAY-014357,CUST-0780,2024-09-27,29,Success
PAY-014358,CUST-0780,2024-10-27,29,Success
PAY-014359,CUST-0780,2024-11-26,29,Success
PAY-014360,CUST-0780,2024-12-26,29,Success
PAY-014361,CUST-0780,2025-01-25,29,Success
PAY-014362,CUST-0780,2025-02-24,29,Success
PAY-014363,CUST-0780,2025-03-26,29,Success
PAY-014364,CUST-0780,2025-04-25,29,Success
PAY-014365,CUST-0780,2025-05-25,29,Success
PAY-014366,CUST-0780,2025-06-24,29,Success
PAY-014367,CUST-0780,2025-07-24,29,Success
PAY-014368,CUST-0780,2025-08-23,29,Success
PAY-014369,CUST-0780,2025-09-22,29,Success
PAY-014370,CUST-0780,2025-10-22,29,Success
PAY-014371,CUST-0780,2025-11-21,29,Success
PAY-014372,CUST-0780,2025-12-21,29,Success
PAY-014373,CUST-0780,2026-01-20,29,Success
PAY-014374,CUST-0780,2026-02-19,29,Success
PAY-014375,CUST-0780,2026-03-21,29,Failed
PAY-014376,CUST-0780,2026-04-20,29,Success
PAY-014377,CUST-0780,2026-05-20,29,Success
PAY-014378,CUST-0780,2026-06-19,29,Success
PAY-014379,CUST-0781,2024-09-27,99,Success
PAY-014380,CUST-0781,2024-10-27,99,Success
PAY-014381,CUST-0781,2024-11-26,99,Success
PAY-014382,CUST-0781,2024-12-26,99,Success
PAY-014383,CUST-0781,2025-01-25,99,Success
PAY-014384,CUST-0781,2025-02-24,99,Success
PAY-014385,CUST-0781,2025-03-26,99,Success
PAY-014386,CUST-0781,2025-04-25,99,Success
PAY-014387,CUST-0781,2025-05-25,99,Success
PAY-014388,CUST-0781,2025-06-24,99,Success
PAY-014389,CUST-0781,2025-07-24,99,Failed
PAY-014390,CUST-0781,2025-08-23,99,Success
PAY-014391,CUST-0781,2025-09-22,99,Success
PAY-014392,CUST-0781,2025-10-22,99,Success
PAY-014393,CUST-0781,2025-11-21,99,Success
PAY-014394,CUST-0781,2025-12-21,99,Success
PAY-014395,CUST-0781,2026-01-20,99,Success
PAY-014396,CUST-0781,2026-02-19,99,Success
PAY-014397,CUST-0781,2026-03-21,99,Success
PAY-014398,CUST-0781,2026-04-20,99,Success
PAY-014399,CUST-0781,2026-05-20,99,Success
PAY-014400,CUST-0781,2026-06-19,99,Success
PAY-014401,CUST-0782,2025-03-03,299,Success
PAY-014402,CUST-0782,2025-04-02,299,Success
PAY-014403,CUST-0782,2025-05-02,299,Success
PAY-014404,CUST-0782,2025-06-01,299,Success
PAY-014405,CUST-0782,2025-07-01,299,Success
PAY-014406,CUST-0782,2025-07-31,299,Success
PAY-014407,CUST-0782,2025-08-30,299,Success
PAY-014408,CUST-0782,2025-09-29,299,Success
PAY-014409,CUST-0782,2025-10-29,299,Success
PAY-014410,CUST-0782,2025-11-28,299,Success
PAY-014411,CUST-0782,2025-12-28,299,Success
PAY-014412,CUST-0782,2026-01-27,299,Success
PAY-014413,CUST-0782,2026-02-26,299,Success
PAY-014414,CUST-0782,2026-03-28,299,Success
PAY-014415,CUST-0782,2026-04-27,299,Success
PAY-014416,CUST-0782,2026-05-27,299,Success
PAY-014417,CUST-0782,2026-06-26,299,Success
PAY-014418,CUST-0783,2025-05-15,99,Success
PAY-014419,CUST-0783,2025-06-14,99,Success
PAY-014420,CUST-0783,2025-07-14,99,Success
PAY-014421,CUST-0783,2025-08-13,99,Success
PAY-014422,CUST-0783,2025-09-12,99,Success
PAY-014423,CUST-0783,2025-10-12,99,Success
PAY-014424,CUST-0783,2025-11-11,99,Success
PAY-014425,CUST-0783,2025-12-11,99,Success
PAY-014426,CUST-0783,2026-01-10,99,Success
PAY-014427,CUST-0783,2026-02-09,99,Success
PAY-014428,CUST-0783,2026-03-11,99,Success
PAY-014429,CUST-0783,2026-04-10,99,Success
PAY-014430,CUST-0783,2026-05-10,99,Failed
PAY-014431,CUST-0783,2026-06-09,99,Success
PAY-014432,CUST-0784,2024-12-10,29,Success
PAY-014433,CUST-0784,2025-01-09,29,Success
PAY-014434,CUST-0784,2025-02-08,29,Success
PAY-014435,CUST-0784,2025-03-10,29,Success
PAY-014436,CUST-0784,2025-04-09,29,Success
PAY-014437,CUST-0784,2025-05-09,29,Success
PAY-014438,CUST-0784,2025-06-08,29,Success
PAY-014439,CUST-0784,2025-07-08,29,Success
PAY-014440,CUST-0784,2025-08-07,29,Success
PAY-014441,CUST-0784,2025-09-06,29,Success
PAY-014442,CUST-0784,2025-10-06,29,Failed
PAY-014443,CUST-0784,2025-11-05,29,Success
PAY-014444,CUST-0784,2025-12-05,29,Success
PAY-014445,CUST-0784,2026-01-04,29,Success
PAY-014446,CUST-0784,2026-02-03,29,Success
PAY-014447,CUST-0784,2026-03-05,29,Success
PAY-014448,CUST-0784,2026-04-04,29,Success
PAY-014449,CUST-0784,2026-05-04,29,Success
PAY-014450,CUST-0784,2026-06-03,29,Success
PAY-014451,CUST-0785,2025-02-25,29,Success
PAY-014452,CUST-0785,2025-03-27,29,Success
PAY-014453,CUST-0785,2025-04-26,29,Success
PAY-014454,CUST-0785,2025-05-26,29,Success
PAY-014455,CUST-0785,2025-06-25,29,Success
PAY-014456,CUST-0785,2025-07-25,29,Success
PAY-014457,CUST-0785,2025-08-24,29,Success
PAY-014458,CUST-0785,2025-09-23,29,Success
PAY-014459,CUST-0785,2025-10-23,29,Success
PAY-014460,CUST-0785,2025-11-22,29,Success
PAY-014461,CUST-0785,2025-12-22,29,Success
PAY-014462,CUST-0785,2026-01-21,29,Success
PAY-014463,CUST-0785,2026-02-20,29,Success
PAY-014464,CUST-0785,2026-03-22,29,Success
PAY-014465,CUST-0785,2026-04-21,29,Success
PAY-014466,CUST-0785,2026-05-21,29,Success
PAY-014467,CUST-0785,2026-06-20,29,Success
PAY-014468,CUST-0786,2024-08-23,29,Success
PAY-014469,CUST-0786,2024-09-22,29,Success
PAY-014470,CUST-0786,2024-10-22,29,Success
PAY-014471,CUST-0786,2024-11-21,29,Success
PAY-014472,CUST-0786,2024-12-21,29,Success
PAY-014473,CUST-0786,2025-01-20,29,Success
PAY-014474,CUST-0786,2025-02-19,29,Success
PAY-014475,CUST-0786,2025-03-21,29,Success
PAY-014476,CUST-0786,2025-04-20,29,Success
PAY-014477,CUST-0786,2025-05-20,29,Success
PAY-014478,CUST-0786,2025-06-19,29,Success
PAY-014479,CUST-0786,2025-07-19,29,Success
PAY-014480,CUST-0786,2025-08-18,29,Success
PAY-014481,CUST-0786,2025-09-17,29,Success
PAY-014482,CUST-0786,2025-10-17,29,Success
PAY-014483,CUST-0786,2025-11-16,29,Success
PAY-014484,CUST-0786,2025-12-16,29,Success
PAY-014485,CUST-0786,2026-01-15,29,Success
PAY-014486,CUST-0786,2026-02-14,29,Success
PAY-014487,CUST-0786,2026-03-16,29,Success
PAY-014488,CUST-0786,2026-04-15,29,Success
PAY-014489,CUST-0786,2026-05-15,29,Success
PAY-014490,CUST-0786,2026-06-14,29,Success
PAY-014491,CUST-0787,2024-05-21,99,Success
PAY-014492,CUST-0787,2024-06-20,99,Success
PAY-014493,CUST-0787,2024-07-20,99,Success
PAY-014494,CUST-0787,2024-08-19,99,Success
PAY-014495,CUST-0787,2024-09-18,99,Success
PAY-014496,CUST-0787,2024-10-18,99,Success
PAY-014497,CUST-0787,2024-11-17,99,Success
PAY-014498,CUST-0787,2024-12-17,99,Success
PAY-014499,CUST-0787,2025-01-16,99,Success
PAY-014500,CUST-0787,2025-02-15,99,Success
PAY-014501,CUST-0787,2025-03-17,99,Success
PAY-014502,CUST-0787,2025-04-16,99,Success
PAY-014503,CUST-0787,2025-05-16,99,Success
PAY-014504,CUST-0787,2025-06-15,99,Success
PAY-014505,CUST-0787,2025-07-15,99,Success
PAY-014506,CUST-0787,2025-08-14,99,Success
PAY-014507,CUST-0787,2025-09-13,99,Success
PAY-014508,CUST-0787,2025-10-13,99,Success
PAY-014509,CUST-0787,2025-11-12,99,Success
PAY-014510,CUST-0787,2025-12-12,99,Success
PAY-014511,CUST-0787,2026-01-11,99,Success
PAY-014512,CUST-0787,2026-02-10,99,Success
PAY-014513,CUST-0787,2026-03-12,99,Success
PAY-014514,CUST-0787,2026-04-11,99,Success
PAY-014515,CUST-0787,2026-05-11,99,Success
PAY-014516,CUST-0787,2026-06-10,99,Success
PAY-014517,CUST-0788,2024-01-17,29,Success
PAY-014518,CUST-0788,2024-02-16,29,Success
PAY-014519,CUST-0788,2024-03-17,29,Success
PAY-014520,CUST-0788,2024-04-16,29,Success
PAY-014521,CUST-0788,2024-05-16,29,Success
PAY-014522,CUST-0788,2024-06-15,29,Success
PAY-014523,CUST-0788,2024-07-15,29,Success
PAY-014524,CUST-0788,2024-08-14,29,Success
PAY-014525,CUST-0788,2024-09-13,29,Success
PAY-014526,CUST-0788,2024-10-13,29,Success
PAY-014527,CUST-0788,2024-11-12,29,Success
PAY-014528,CUST-0788,2024-12-12,29,Success
PAY-014529,CUST-0788,2025-01-11,29,Failed
PAY-014530,CUST-0788,2025-02-10,29,Success
PAY-014531,CUST-0788,2025-03-12,29,Success
PAY-014532,CUST-0788,2025-04-11,29,Success
PAY-014533,CUST-0788,2025-05-11,29,Success
PAY-014534,CUST-0788,2025-06-10,29,Success
PAY-014535,CUST-0788,2025-07-10,29,Success
PAY-014536,CUST-0788,2025-08-09,29,Success
PAY-014537,CUST-0788,2025-09-08,29,Success
PAY-014538,CUST-0788,2025-10-08,29,Success
PAY-014539,CUST-0788,2025-11-07,29,Success
PAY-014540,CUST-0788,2025-12-07,29,Success
PAY-014541,CUST-0788,2026-01-06,29,Success
PAY-014542,CUST-0788,2026-02-05,29,Success
PAY-014543,CUST-0788,2026-03-07,29,Success
PAY-014544,CUST-0788,2026-04-06,29,Success
PAY-014545,CUST-0788,2026-05-06,29,Success
PAY-014546,CUST-0788,2026-06-05,29,Success
PAY-014547,CUST-0789,2024-05-03,29,Success
PAY-014548,CUST-0789,2024-06-02,29,Success
PAY-014549,CUST-0789,2024-07-02,29,Success
PAY-014550,CUST-0789,2024-08-01,29,Success
PAY-014551,CUST-0789,2024-08-31,29,Success
PAY-014552,CUST-0789,2024-09-30,29,Success
PAY-014553,CUST-0789,2024-10-30,29,Success
PAY-014554,CUST-0789,2024-11-29,29,Success
PAY-014555,CUST-0789,2024-12-29,29,Success
PAY-014556,CUST-0789,2025-01-28,29,Success
PAY-014557,CUST-0789,2025-02-27,29,Success
PAY-014558,CUST-0789,2025-03-29,29,Success
PAY-014559,CUST-0789,2025-04-28,29,Success
PAY-014560,CUST-0789,2025-05-28,29,Success
PAY-014561,CUST-0789,2025-06-27,29,Success
PAY-014562,CUST-0789,2025-07-27,29,Success
PAY-014563,CUST-0789,2025-08-26,29,Success
PAY-014564,CUST-0789,2025-09-25,29,Success
PAY-014565,CUST-0789,2025-10-25,29,Success
PAY-014566,CUST-0789,2025-11-24,29,Success
PAY-014567,CUST-0789,2025-12-24,29,Success
PAY-014568,CUST-0789,2026-01-23,29,Success
PAY-014569,CUST-0789,2026-02-22,29,Success
PAY-014570,CUST-0789,2026-03-24,29,Success
PAY-014571,CUST-0789,2026-04-23,29,Success
PAY-014572,CUST-0789,2026-05-23,29,Success
PAY-014573,CUST-0789,2026-06-22,29,Success
PAY-014574,CUST-0790,2024-02-21,29,Success
PAY-014575,CUST-0790,2024-03-22,29,Success
PAY-014576,CUST-0790,2024-04-21,29,Success
PAY-014577,CUST-0790,2024-05-21,29,Success
PAY-014578,CUST-0790,2024-06-20,29,Success
PAY-014579,CUST-0790,2024-07-20,29,Success
PAY-014580,CUST-0790,2024-08-19,29,Success
PAY-014581,CUST-0790,2024-09-18,29,Success
PAY-014582,CUST-0790,2024-10-18,29,Success
PAY-014583,CUST-0790,2024-11-17,29,Success
PAY-014584,CUST-0790,2024-12-17,29,Success
PAY-014585,CUST-0790,2025-01-16,29,Success
PAY-014586,CUST-0790,2025-02-15,29,Success
PAY-014587,CUST-0790,2025-03-17,29,Success
PAY-014588,CUST-0790,2025-04-16,29,Success
PAY-014589,CUST-0790,2025-05-16,29,Success
PAY-014590,CUST-0790,2025-06-15,29,Success
PAY-014591,CUST-0790,2025-07-15,29,Success
PAY-014592,CUST-0790,2025-08-14,29,Success
PAY-014593,CUST-0790,2025-09-13,29,Success
PAY-014594,CUST-0790,2025-10-13,29,Success
PAY-014595,CUST-0790,2025-11-12,29,Success
PAY-014596,CUST-0790,2025-12-12,29,Success
PAY-014597,CUST-0790,2026-01-11,29,Success
PAY-014598,CUST-0790,2026-02-10,29,Success
PAY-014599,CUST-0790,2026-03-12,29,Success
PAY-014600,CUST-0790,2026-04-11,29,Success
PAY-014601,CUST-0790,2026-05-11,29,Success
PAY-014602,CUST-0790,2026-06-10,29,Success
PAY-014603,CUST-0791,2024-11-02,99,Success
PAY-014604,CUST-0791,2024-12-02,99,Success
PAY-014605,CUST-0791,2025-01-01,99,Success
PAY-014606,CUST-0791,2025-01-31,99,Success
PAY-014607,CUST-0791,2025-03-02,99,Success
PAY-014608,CUST-0791,2025-04-01,99,Success
PAY-014609,CUST-0791,2025-05-01,99,Success
PAY-014610,CUST-0791,2025-05-31,99,Success
PAY-014611,CUST-0791,2025-06-30,99,Success
PAY-014612,CUST-0791,2025-07-30,99,Success
PAY-014613,CUST-0791,2025-08-29,99,Success
PAY-014614,CUST-0791,2025-09-28,99,Success
PAY-014615,CUST-0791,2025-10-28,99,Success
PAY-014616,CUST-0791,2025-11-27,99,Success
PAY-014617,CUST-0791,2025-12-27,99,Success
PAY-014618,CUST-0791,2026-01-26,99,Success
PAY-014619,CUST-0791,2026-02-25,99,Success
PAY-014620,CUST-0791,2026-03-27,99,Success
PAY-014621,CUST-0791,2026-04-26,99,Failed
PAY-014622,CUST-0791,2026-05-26,99,Success
PAY-014623,CUST-0791,2026-06-25,99,Success
PAY-014624,CUST-0792,2025-01-14,29,Success
PAY-014625,CUST-0792,2025-02-13,29,Success
PAY-014626,CUST-0792,2025-03-15,29,Success
PAY-014627,CUST-0792,2025-04-14,29,Success
PAY-014628,CUST-0792,2025-05-14,29,Success
PAY-014629,CUST-0792,2025-06-13,29,Success
PAY-014630,CUST-0792,2025-07-13,29,Success
PAY-014631,CUST-0792,2025-08-12,29,Success
PAY-014632,CUST-0792,2025-09-11,29,Success
PAY-014633,CUST-0792,2025-10-11,29,Success
PAY-014634,CUST-0792,2025-11-10,29,Success
PAY-014635,CUST-0792,2025-12-10,29,Success
PAY-014636,CUST-0792,2026-01-09,29,Success
PAY-014637,CUST-0792,2026-02-08,29,Success
PAY-014638,CUST-0792,2026-03-10,29,Success
PAY-014639,CUST-0792,2026-04-09,29,Success
PAY-014640,CUST-0792,2026-05-09,29,Success
PAY-014641,CUST-0792,2026-06-08,29,Success
PAY-014642,CUST-0793,2024-08-12,29,Success
PAY-014643,CUST-0793,2024-09-11,29,Success
PAY-014644,CUST-0793,2024-10-11,29,Success
PAY-014645,CUST-0793,2024-11-10,29,Success
PAY-014646,CUST-0793,2024-12-10,29,Failed
PAY-014647,CUST-0793,2025-01-09,29,Success
PAY-014648,CUST-0793,2025-02-08,29,Success
PAY-014649,CUST-0793,2025-03-10,29,Success
PAY-014650,CUST-0793,2025-04-09,29,Success
PAY-014651,CUST-0794,2025-01-21,299,Success
PAY-014652,CUST-0794,2025-02-20,299,Success
PAY-014653,CUST-0794,2025-03-22,299,Success
PAY-014654,CUST-0794,2025-04-21,299,Success
PAY-014655,CUST-0794,2025-05-21,299,Success
PAY-014656,CUST-0794,2025-06-20,299,Success
PAY-014657,CUST-0794,2025-07-20,299,Success
PAY-014658,CUST-0794,2025-08-19,299,Success
PAY-014659,CUST-0794,2025-09-18,299,Success
PAY-014660,CUST-0794,2025-10-18,299,Success
PAY-014661,CUST-0794,2025-11-17,299,Success
PAY-014662,CUST-0794,2025-12-17,299,Success
PAY-014663,CUST-0794,2026-01-16,299,Success
PAY-014664,CUST-0794,2026-02-15,299,Success
PAY-014665,CUST-0794,2026-03-17,299,Success
PAY-014666,CUST-0794,2026-04-16,299,Success
PAY-014667,CUST-0794,2026-05-16,299,Failed
PAY-014668,CUST-0794,2026-06-15,299,Success
PAY-014669,CUST-0795,2024-09-14,299,Success
PAY-014670,CUST-0795,2024-10-14,299,Success
PAY-014671,CUST-0795,2024-11-13,299,Success
PAY-014672,CUST-0795,2024-12-13,299,Success
PAY-014673,CUST-0795,2025-01-12,299,Success
PAY-014674,CUST-0795,2025-02-11,299,Success
PAY-014675,CUST-0795,2025-03-13,299,Success
PAY-014676,CUST-0795,2025-04-12,299,Success
PAY-014677,CUST-0795,2025-05-12,299,Success
PAY-014678,CUST-0795,2025-06-11,299,Success
PAY-014679,CUST-0795,2025-07-11,299,Success
PAY-014680,CUST-0795,2025-08-10,299,Success
PAY-014681,CUST-0796,2025-02-21,29,Success
PAY-014682,CUST-0796,2025-03-23,29,Success
PAY-014683,CUST-0796,2025-04-22,29,Success
PAY-014684,CUST-0796,2025-05-22,29,Success
PAY-014685,CUST-0796,2025-06-21,29,Success
PAY-014686,CUST-0796,2025-07-21,29,Success
PAY-014687,CUST-0796,2025-08-20,29,Success
PAY-014688,CUST-0797,2024-05-01,29,Success
PAY-014689,CUST-0797,2024-05-31,29,Success
PAY-014690,CUST-0797,2024-06-30,29,Success
PAY-014691,CUST-0797,2024-07-30,29,Success
PAY-014692,CUST-0797,2024-08-29,29,Success
PAY-014693,CUST-0797,2024-09-28,29,Success
PAY-014694,CUST-0797,2024-10-28,29,Success
PAY-014695,CUST-0797,2024-11-27,29,Success
PAY-014696,CUST-0797,2024-12-27,29,Success
PAY-014697,CUST-0797,2025-01-26,29,Success
PAY-014698,CUST-0797,2025-02-25,29,Success
PAY-014699,CUST-0797,2025-03-27,29,Success
PAY-014700,CUST-0797,2025-04-26,29,Success
PAY-014701,CUST-0797,2025-05-26,29,Success
PAY-014702,CUST-0797,2025-06-25,29,Success
PAY-014703,CUST-0797,2025-07-25,29,Success
PAY-014704,CUST-0797,2025-08-24,29,Success
PAY-014705,CUST-0797,2025-09-23,29,Success
PAY-014706,CUST-0797,2025-10-23,29,Success
PAY-014707,CUST-0797,2025-11-22,29,Success
PAY-014708,CUST-0797,2025-12-22,29,Success
PAY-014709,CUST-0797,2026-01-21,29,Success
PAY-014710,CUST-0797,2026-02-20,29,Success
PAY-014711,CUST-0797,2026-03-22,29,Failed
PAY-014712,CUST-0797,2026-04-21,29,Success
PAY-014713,CUST-0797,2026-05-21,29,Success
PAY-014714,CUST-0797,2026-06-20,29,Success
PAY-014715,CUST-0798,2024-12-04,99,Success
PAY-014716,CUST-0798,2025-01-03,99,Success
PAY-014717,CUST-0798,2025-02-02,99,Success
PAY-014718,CUST-0798,2025-03-04,99,Success
PAY-014719,CUST-0798,2025-04-03,99,Success
PAY-014720,CUST-0798,2025-05-03,99,Success
PAY-014721,CUST-0798,2025-06-02,99,Success
PAY-014722,CUST-0798,2025-07-02,99,Success
PAY-014723,CUST-0798,2025-08-01,99,Success
PAY-014724,CUST-0798,2025-08-31,99,Success
PAY-014725,CUST-0798,2025-09-30,99,Success
PAY-014726,CUST-0798,2025-10-30,99,Success
PAY-014727,CUST-0798,2025-11-29,99,Success
PAY-014728,CUST-0798,2025-12-29,99,Success
PAY-014729,CUST-0798,2026-01-28,99,Success
PAY-014730,CUST-0798,2026-02-27,99,Success
PAY-014731,CUST-0798,2026-03-29,99,Success
PAY-014732,CUST-0798,2026-04-28,99,Success
PAY-014733,CUST-0798,2026-05-28,99,Success
PAY-014734,CUST-0798,2026-06-27,99,Success
PAY-014735,CUST-0799,2024-06-02,29,Success
PAY-014736,CUST-0799,2024-07-02,29,Success
PAY-014737,CUST-0800,2024-10-12,29,Success
PAY-014738,CUST-0800,2024-11-11,29,Failed
PAY-014739,CUST-0800,2024-12-11,29,Success
PAY-014740,CUST-0800,2025-01-10,29,Success
PAY-014741,CUST-0800,2025-02-09,29,Success
PAY-014742,CUST-0800,2025-03-11,29,Success
PAY-014743,CUST-0800,2025-04-10,29,Success
PAY-014744,CUST-0800,2025-05-10,29,Success
PAY-014745,CUST-0800,2025-06-09,29,Success
PAY-014746,CUST-0800,2025-07-09,29,Success
PAY-014747,CUST-0800,2025-08-08,29,Success
PAY-014748,CUST-0800,2025-09-07,29,Success
PAY-014749,CUST-0800,2025-10-07,29,Success
PAY-014750,CUST-0800,2025-11-06,29,Success
PAY-014751,CUST-0800,2025-12-06,29,Success
PAY-014752,CUST-0800,2026-01-05,29,Success
PAY-014753,CUST-0800,2026-02-04,29,Success
PAY-014754,CUST-0800,2026-03-06,29,Success
PAY-014755,CUST-0800,2026-04-05,29,Success
PAY-014756,CUST-0800,2026-05-05,29,Success
PAY-014757,CUST-0800,2026-06-04,29,Success
PAY-014758,CUST-0801,2024-10-11,29,Success
PAY-014759,CUST-0801,2024-11-10,29,Success
PAY-014760,CUST-0801,2024-12-10,29,Success
PAY-014761,CUST-0801,2025-01-09,29,Success
PAY-014762,CUST-0801,2025-02-08,29,Success
PAY-014763,CUST-0801,2025-03-10,29,Success
PAY-014764,CUST-0801,2025-04-09,29,Failed
PAY-014765,CUST-0801,2025-05-09,29,Success
PAY-014766,CUST-0801,2025-06-08,29,Success
PAY-014767,CUST-0801,2025-07-08,29,Success
PAY-014768,CUST-0801,2025-08-07,29,Success
PAY-014769,CUST-0801,2025-09-06,29,Success
PAY-014770,CUST-0801,2025-10-06,29,Success
PAY-014771,CUST-0801,2025-11-05,29,Success
PAY-014772,CUST-0801,2025-12-05,29,Success
PAY-014773,CUST-0801,2026-01-04,29,Success
PAY-014774,CUST-0801,2026-02-03,29,Success
PAY-014775,CUST-0801,2026-03-05,29,Success
PAY-014776,CUST-0801,2026-04-04,29,Success
PAY-014777,CUST-0801,2026-05-04,29,Success
PAY-014778,CUST-0801,2026-06-03,29,Success
PAY-014779,CUST-0802,2025-05-12,99,Success
PAY-014780,CUST-0802,2025-06-11,99,Success
PAY-014781,CUST-0802,2025-07-11,99,Success
PAY-014782,CUST-0802,2025-08-10,99,Success
PAY-014783,CUST-0802,2025-09-09,99,Success
PAY-014784,CUST-0802,2025-10-09,99,Success
PAY-014785,CUST-0802,2025-11-08,99,Success
PAY-014786,CUST-0802,2025-12-08,99,Success
PAY-014787,CUST-0802,2026-01-07,99,Failed
PAY-014788,CUST-0802,2026-02-06,99,Success
PAY-014789,CUST-0802,2026-03-08,99,Success
PAY-014790,CUST-0802,2026-04-07,99,Success
PAY-014791,CUST-0802,2026-05-07,99,Success
PAY-014792,CUST-0802,2026-06-06,99,Success
PAY-014793,CUST-0803,2025-02-06,29,Success
PAY-014794,CUST-0803,2025-03-08,29,Success
PAY-014795,CUST-0803,2025-04-07,29,Success
PAY-014796,CUST-0803,2025-05-07,29,Success
PAY-014797,CUST-0803,2025-06-06,29,Success
PAY-014798,CUST-0803,2025-07-06,29,Success
PAY-014799,CUST-0803,2025-08-05,29,Success
PAY-014800,CUST-0803,2025-09-04,29,Success
PAY-014801,CUST-0803,2025-10-04,29,Success
PAY-014802,CUST-0803,2025-11-03,29,Success
PAY-014803,CUST-0803,2025-12-03,29,Success
PAY-014804,CUST-0803,2026-01-02,29,Success
PAY-014805,CUST-0803,2026-02-01,29,Failed
PAY-014806,CUST-0803,2026-03-03,29,Success
PAY-014807,CUST-0803,2026-04-02,29,Success
PAY-014808,CUST-0803,2026-05-02,29,Success
PAY-014809,CUST-0803,2026-06-01,29,Success
PAY-014810,CUST-0804,2024-07-28,99,Success
PAY-014811,CUST-0804,2024-08-27,99,Success
PAY-014812,CUST-0804,2024-09-26,99,Success
PAY-014813,CUST-0804,2024-10-26,99,Success
PAY-014814,CUST-0804,2024-11-25,99,Success
PAY-014815,CUST-0804,2024-12-25,99,Success
PAY-014816,CUST-0804,2025-01-24,99,Success
PAY-014817,CUST-0804,2025-02-23,99,Success
PAY-014818,CUST-0804,2025-03-25,99,Success
PAY-014819,CUST-0804,2025-04-24,99,Success
PAY-014820,CUST-0804,2025-05-24,99,Success
PAY-014821,CUST-0804,2025-06-23,99,Success
PAY-014822,CUST-0804,2025-07-23,99,Success
PAY-014823,CUST-0804,2025-08-22,99,Success
PAY-014824,CUST-0804,2025-09-21,99,Success
PAY-014825,CUST-0804,2025-10-21,99,Success
PAY-014826,CUST-0804,2025-11-20,99,Success
PAY-014827,CUST-0804,2025-12-20,99,Success
PAY-014828,CUST-0804,2026-01-19,99,Success
PAY-014829,CUST-0804,2026-02-18,99,Success
PAY-014830,CUST-0804,2026-03-20,99,Success
PAY-014831,CUST-0804,2026-04-19,99,Success
PAY-014832,CUST-0804,2026-05-19,99,Success
PAY-014833,CUST-0804,2026-06-18,99,Success
PAY-014834,CUST-0805,2024-07-11,99,Success
PAY-014835,CUST-0805,2024-08-10,99,Success
PAY-014836,CUST-0805,2024-09-09,99,Success
PAY-014837,CUST-0805,2024-10-09,99,Success
PAY-014838,CUST-0805,2024-11-08,99,Success
PAY-014839,CUST-0805,2024-12-08,99,Success
PAY-014840,CUST-0805,2025-01-07,99,Success
PAY-014841,CUST-0806,2024-05-03,29,Success
PAY-014842,CUST-0806,2024-06-02,29,Success
PAY-014843,CUST-0807,2025-03-15,99,Success
PAY-014844,CUST-0807,2025-04-14,99,Success
PAY-014845,CUST-0807,2025-05-14,99,Success
PAY-014846,CUST-0807,2025-06-13,99,Success
PAY-014847,CUST-0807,2025-07-13,99,Success
PAY-014848,CUST-0807,2025-08-12,99,Success
PAY-014849,CUST-0807,2025-09-11,99,Success
PAY-014850,CUST-0807,2025-10-11,99,Success
PAY-014851,CUST-0807,2025-11-10,99,Failed
PAY-014852,CUST-0807,2025-12-10,99,Success
PAY-014853,CUST-0807,2026-01-09,99,Success
PAY-014854,CUST-0807,2026-02-08,99,Success
PAY-014855,CUST-0807,2026-03-10,99,Success
PAY-014856,CUST-0807,2026-04-09,99,Success
PAY-014857,CUST-0807,2026-05-09,99,Success
PAY-014858,CUST-0807,2026-06-08,99,Success
PAY-014859,CUST-0808,2025-04-13,299,Success
PAY-014860,CUST-0808,2025-05-13,299,Success
PAY-014861,CUST-0808,2025-06-12,299,Success
PAY-014862,CUST-0808,2025-07-12,299,Success
PAY-014863,CUST-0808,2025-08-11,299,Success
PAY-014864,CUST-0808,2025-09-10,299,Success
PAY-014865,CUST-0808,2025-10-10,299,Success
PAY-014866,CUST-0808,2025-11-09,299,Success
PAY-014867,CUST-0808,2025-12-09,299,Success
PAY-014868,CUST-0808,2026-01-08,299,Success
PAY-014869,CUST-0809,2025-05-10,99,Success
PAY-014870,CUST-0809,2025-06-09,99,Success
PAY-014871,CUST-0809,2025-07-09,99,Success
PAY-014872,CUST-0809,2025-08-08,99,Success
PAY-014873,CUST-0809,2025-09-07,99,Success
PAY-014874,CUST-0809,2025-10-07,99,Success
PAY-014875,CUST-0809,2025-11-06,99,Success
PAY-014876,CUST-0809,2025-12-06,99,Success
PAY-014877,CUST-0809,2026-01-05,99,Success
PAY-014878,CUST-0809,2026-02-04,99,Success
PAY-014879,CUST-0809,2026-03-06,99,Success
PAY-014880,CUST-0809,2026-04-05,99,Success
PAY-014881,CUST-0809,2026-05-05,99,Success
PAY-014882,CUST-0809,2026-06-04,99,Success
PAY-014883,CUST-0810,2024-07-17,99,Success
PAY-014884,CUST-0810,2024-08-16,99,Success
PAY-014885,CUST-0810,2024-09-15,99,Success
PAY-014886,CUST-0810,2024-10-15,99,Success
PAY-014887,CUST-0810,2024-11-14,99,Success
PAY-014888,CUST-0810,2024-12-14,99,Success
PAY-014889,CUST-0810,2025-01-13,99,Success
PAY-014890,CUST-0810,2025-02-12,99,Success
PAY-014891,CUST-0811,2024-04-14,29,Success
PAY-014892,CUST-0811,2024-05-14,29,Success
PAY-014893,CUST-0811,2024-06-13,29,Success
PAY-014894,CUST-0811,2024-07-13,29,Success
PAY-014895,CUST-0811,2024-08-12,29,Success
PAY-014896,CUST-0811,2024-09-11,29,Success
PAY-014897,CUST-0811,2024-10-11,29,Success
PAY-014898,CUST-0811,2024-11-10,29,Success
PAY-014899,CUST-0811,2024-12-10,29,Success
PAY-014900,CUST-0811,2025-01-09,29,Success
PAY-014901,CUST-0812,2025-04-17,29,Success
PAY-014902,CUST-0812,2025-05-17,29,Success
PAY-014903,CUST-0812,2025-06-16,29,Success
PAY-014904,CUST-0812,2025-07-16,29,Success
PAY-014905,CUST-0812,2025-08-15,29,Success
PAY-014906,CUST-0812,2025-09-14,29,Success
PAY-014907,CUST-0812,2025-10-14,29,Success
PAY-014908,CUST-0812,2025-11-13,29,Success
PAY-014909,CUST-0812,2025-12-13,29,Success
PAY-014910,CUST-0812,2026-01-12,29,Success
PAY-014911,CUST-0812,2026-02-11,29,Success
PAY-014912,CUST-0813,2024-02-17,99,Success
PAY-014913,CUST-0813,2024-03-18,99,Success
PAY-014914,CUST-0813,2024-04-17,99,Success
PAY-014915,CUST-0813,2024-05-17,99,Success
PAY-014916,CUST-0813,2024-06-16,99,Success
PAY-014917,CUST-0813,2024-07-16,99,Success
PAY-014918,CUST-0813,2024-08-15,99,Success
PAY-014919,CUST-0813,2024-09-14,99,Success
PAY-014920,CUST-0813,2024-10-14,99,Success
PAY-014921,CUST-0814,2024-05-17,99,Success
PAY-014922,CUST-0814,2024-06-16,99,Success
PAY-014923,CUST-0814,2024-07-16,99,Success
PAY-014924,CUST-0814,2024-08-15,99,Success
PAY-014925,CUST-0814,2024-09-14,99,Success
PAY-014926,CUST-0814,2024-10-14,99,Success
PAY-014927,CUST-0814,2024-11-13,99,Success
PAY-014928,CUST-0814,2024-12-13,99,Success
PAY-014929,CUST-0814,2025-01-12,99,Success
PAY-014930,CUST-0814,2025-02-11,99,Success
PAY-014931,CUST-0814,2025-03-13,99,Success
PAY-014932,CUST-0814,2025-04-12,99,Success
PAY-014933,CUST-0814,2025-05-12,99,Success
PAY-014934,CUST-0814,2025-06-11,99,Success
PAY-014935,CUST-0814,2025-07-11,99,Success
PAY-014936,CUST-0814,2025-08-10,99,Success
PAY-014937,CUST-0814,2025-09-09,99,Success
PAY-014938,CUST-0814,2025-10-09,99,Success
PAY-014939,CUST-0814,2025-11-08,99,Success
PAY-014940,CUST-0814,2025-12-08,99,Success
PAY-014941,CUST-0814,2026-01-07,99,Success
PAY-014942,CUST-0814,2026-02-06,99,Success
PAY-014943,CUST-0814,2026-03-08,99,Success
PAY-014944,CUST-0814,2026-04-07,99,Success
PAY-014945,CUST-0814,2026-05-07,99,Success
PAY-014946,CUST-0814,2026-06-06,99,Success
PAY-014947,CUST-0815,2025-03-23,299,Success
PAY-014948,CUST-0815,2025-04-22,299,Success
PAY-014949,CUST-0815,2025-05-22,299,Failed
PAY-014950,CUST-0815,2025-06-21,299,Success
PAY-014951,CUST-0815,2025-07-21,299,Success
PAY-014952,CUST-0815,2025-08-20,299,Success
PAY-014953,CUST-0815,2025-09-19,299,Success
PAY-014954,CUST-0816,2025-02-15,29,Success
PAY-014955,CUST-0816,2025-03-17,29,Success
PAY-014956,CUST-0816,2025-04-16,29,Success
PAY-014957,CUST-0816,2025-05-16,29,Success
PAY-014958,CUST-0816,2025-06-15,29,Success
PAY-014959,CUST-0816,2025-07-15,29,Success
PAY-014960,CUST-0816,2025-08-14,29,Success
PAY-014961,CUST-0816,2025-09-13,29,Success
PAY-014962,CUST-0816,2025-10-13,29,Success
PAY-014963,CUST-0816,2025-11-12,29,Success
PAY-014964,CUST-0816,2025-12-12,29,Success
PAY-014965,CUST-0816,2026-01-11,29,Success
PAY-014966,CUST-0816,2026-02-10,29,Success
PAY-014967,CUST-0816,2026-03-12,29,Success
PAY-014968,CUST-0816,2026-04-11,29,Success
PAY-014969,CUST-0816,2026-05-11,29,Success
PAY-014970,CUST-0816,2026-06-10,29,Success
PAY-014971,CUST-0817,2024-04-16,29,Success
PAY-014972,CUST-0817,2024-05-16,29,Failed
PAY-014973,CUST-0817,2024-06-15,29,Success
PAY-014974,CUST-0817,2024-07-15,29,Success
PAY-014975,CUST-0817,2024-08-14,29,Success
PAY-014976,CUST-0817,2024-09-13,29,Success
PAY-014977,CUST-0817,2024-10-13,29,Success
PAY-014978,CUST-0817,2024-11-12,29,Success
PAY-014979,CUST-0817,2024-12-12,29,Success
PAY-014980,CUST-0817,2025-01-11,29,Success
PAY-014981,CUST-0817,2025-02-10,29,Success
PAY-014982,CUST-0817,2025-03-12,29,Success
PAY-014983,CUST-0817,2025-04-11,29,Success
PAY-014984,CUST-0817,2025-05-11,29,Success
PAY-014985,CUST-0817,2025-06-10,29,Success
PAY-014986,CUST-0817,2025-07-10,29,Success
PAY-014987,CUST-0817,2025-08-09,29,Success
PAY-014988,CUST-0817,2025-09-08,29,Success
PAY-014989,CUST-0817,2025-10-08,29,Success
PAY-014990,CUST-0817,2025-11-07,29,Success
PAY-014991,CUST-0817,2025-12-07,29,Success
PAY-014992,CUST-0817,2026-01-06,29,Success
PAY-014993,CUST-0817,2026-02-05,29,Success
PAY-014994,CUST-0817,2026-03-07,29,Success
PAY-014995,CUST-0817,2026-04-06,29,Success
PAY-014996,CUST-0817,2026-05-06,29,Success
PAY-014997,CUST-0817,2026-06-05,29,Success
PAY-014998,CUST-0818,2025-05-04,299,Success
PAY-014999,CUST-0818,2025-06-03,299,Success
PAY-015000,CUST-0818,2025-07-03,299,Success
PAY-015001,CUST-0818,2025-08-02,299,Success
PAY-015002,CUST-0818,2025-09-01,299,Success
PAY-015003,CUST-0818,2025-10-01,299,Success
PAY-015004,CUST-0818,2025-10-31,299,Success
PAY-015005,CUST-0818,2025-11-30,299,Success
PAY-015006,CUST-0818,2025-12-30,299,Failed
PAY-015007,CUST-0818,2026-01-29,299,Success
PAY-015008,CUST-0818,2026-02-28,299,Success
PAY-015009,CUST-0818,2026-03-30,299,Success
PAY-015010,CUST-0818,2026-04-29,299,Success
PAY-015011,CUST-0818,2026-05-29,299,Success
PAY-015012,CUST-0818,2026-06-28,299,Success
PAY-015013,CUST-0819,2025-04-24,29,Success
PAY-015014,CUST-0819,2025-05-24,29,Success
PAY-015015,CUST-0819,2025-06-23,29,Success
PAY-015016,CUST-0819,2025-07-23,29,Success
PAY-015017,CUST-0819,2025-08-22,29,Success
PAY-015018,CUST-0819,2025-09-21,29,Success
PAY-015019,CUST-0819,2025-10-21,29,Success
PAY-015020,CUST-0819,2025-11-20,29,Success
PAY-015021,CUST-0819,2025-12-20,29,Success
PAY-015022,CUST-0819,2026-01-19,29,Success
PAY-015023,CUST-0819,2026-02-18,29,Success
PAY-015024,CUST-0819,2026-03-20,29,Success
PAY-015025,CUST-0819,2026-04-19,29,Success
PAY-015026,CUST-0819,2026-05-19,29,Success
PAY-015027,CUST-0819,2026-06-18,29,Success
PAY-015028,CUST-0820,2025-01-17,29,Success
PAY-015029,CUST-0820,2025-02-16,29,Success
PAY-015030,CUST-0820,2025-03-18,29,Success
PAY-015031,CUST-0820,2025-04-17,29,Success
PAY-015032,CUST-0820,2025-05-17,29,Success
PAY-015033,CUST-0820,2025-06-16,29,Success
PAY-015034,CUST-0820,2025-07-16,29,Success
PAY-015035,CUST-0820,2025-08-15,29,Success
PAY-015036,CUST-0820,2025-09-14,29,Success
PAY-015037,CUST-0820,2025-10-14,29,Success
PAY-015038,CUST-0821,2024-12-22,29,Success
PAY-015039,CUST-0821,2025-01-21,29,Success
PAY-015040,CUST-0821,2025-02-20,29,Success
PAY-015041,CUST-0821,2025-03-22,29,Success
PAY-015042,CUST-0821,2025-04-21,29,Success
PAY-015043,CUST-0821,2025-05-21,29,Success
PAY-015044,CUST-0821,2025-06-20,29,Success
PAY-015045,CUST-0821,2025-07-20,29,Success
PAY-015046,CUST-0821,2025-08-19,29,Success
PAY-015047,CUST-0821,2025-09-18,29,Success
PAY-015048,CUST-0821,2025-10-18,29,Success
PAY-015049,CUST-0821,2025-11-17,29,Failed
PAY-015050,CUST-0821,2025-12-17,29,Failed
PAY-015051,CUST-0821,2026-01-16,29,Success
PAY-015052,CUST-0821,2026-02-15,29,Success
PAY-015053,CUST-0821,2026-03-17,29,Success
PAY-015054,CUST-0821,2026-04-16,29,Success
PAY-015055,CUST-0821,2026-05-16,29,Success
PAY-015056,CUST-0821,2026-06-15,29,Success
PAY-015057,CUST-0822,2025-04-13,99,Failed
PAY-015058,CUST-0822,2025-05-13,99,Success
PAY-015059,CUST-0822,2025-06-12,99,Success
PAY-015060,CUST-0822,2025-07-12,99,Success
PAY-015061,CUST-0822,2025-08-11,99,Success
PAY-015062,CUST-0822,2025-09-10,99,Success
PAY-015063,CUST-0822,2025-10-10,99,Success
PAY-015064,CUST-0822,2025-11-09,99,Failed
PAY-015065,CUST-0822,2025-12-09,99,Success
PAY-015066,CUST-0822,2026-01-08,99,Success
PAY-015067,CUST-0822,2026-02-07,99,Success
PAY-015068,CUST-0822,2026-03-09,99,Success
PAY-015069,CUST-0822,2026-04-08,99,Success
PAY-015070,CUST-0822,2026-05-08,99,Success
PAY-015071,CUST-0822,2026-06-07,99,Success
PAY-015072,CUST-0823,2025-02-01,99,Success
PAY-015073,CUST-0823,2025-03-03,99,Success
PAY-015074,CUST-0823,2025-04-02,99,Success
PAY-015075,CUST-0823,2025-05-02,99,Success
PAY-015076,CUST-0823,2025-06-01,99,Success
PAY-015077,CUST-0823,2025-07-01,99,Success
PAY-015078,CUST-0823,2025-07-31,99,Success
PAY-015079,CUST-0823,2025-08-30,99,Success
PAY-015080,CUST-0823,2025-09-29,99,Success
PAY-015081,CUST-0824,2024-08-26,99,Success
PAY-015082,CUST-0824,2024-09-25,99,Success
PAY-015083,CUST-0824,2024-10-25,99,Success
PAY-015084,CUST-0824,2024-11-24,99,Success
PAY-015085,CUST-0824,2024-12-24,99,Success
PAY-015086,CUST-0824,2025-01-23,99,Success
PAY-015087,CUST-0824,2025-02-22,99,Success
PAY-015088,CUST-0824,2025-03-24,99,Success
PAY-015089,CUST-0824,2025-04-23,99,Success
PAY-015090,CUST-0824,2025-05-23,99,Success
PAY-015091,CUST-0824,2025-06-22,99,Success
PAY-015092,CUST-0824,2025-07-22,99,Success
PAY-015093,CUST-0824,2025-08-21,99,Success
PAY-015094,CUST-0824,2025-09-20,99,Success
PAY-015095,CUST-0824,2025-10-20,99,Success
PAY-015096,CUST-0824,2025-11-19,99,Success
PAY-015097,CUST-0824,2025-12-19,99,Success
PAY-015098,CUST-0824,2026-01-18,99,Success
PAY-015099,CUST-0824,2026-02-17,99,Success
PAY-015100,CUST-0824,2026-03-19,99,Success
PAY-015101,CUST-0824,2026-04-18,99,Success
PAY-015102,CUST-0824,2026-05-18,99,Success
PAY-015103,CUST-0824,2026-06-17,99,Success
PAY-015104,CUST-0825,2024-05-13,99,Success
PAY-015105,CUST-0825,2024-06-12,99,Success
PAY-015106,CUST-0825,2024-07-12,99,Success
PAY-015107,CUST-0825,2024-08-11,99,Success
PAY-015108,CUST-0825,2024-09-10,99,Success
PAY-015109,CUST-0825,2024-10-10,99,Success
PAY-015110,CUST-0825,2024-11-09,99,Success
PAY-015111,CUST-0825,2024-12-09,99,Success
PAY-015112,CUST-0825,2025-01-08,99,Success
PAY-015113,CUST-0825,2025-02-07,99,Success
PAY-015114,CUST-0825,2025-03-09,99,Failed
PAY-015115,CUST-0825,2025-04-08,99,Success
PAY-015116,CUST-0825,2025-05-08,99,Success
PAY-015117,CUST-0825,2025-06-07,99,Success
PAY-015118,CUST-0825,2025-07-07,99,Success
PAY-015119,CUST-0825,2025-08-06,99,Failed
PAY-015120,CUST-0825,2025-09-05,99,Success
PAY-015121,CUST-0825,2025-10-05,99,Success
PAY-015122,CUST-0825,2025-11-04,99,Success
PAY-015123,CUST-0825,2025-12-04,99,Success
PAY-015124,CUST-0825,2026-01-03,99,Success
PAY-015125,CUST-0825,2026-02-02,99,Success
PAY-015126,CUST-0825,2026-03-04,99,Success
PAY-015127,CUST-0825,2026-04-03,99,Success
PAY-015128,CUST-0825,2026-05-03,99,Success
PAY-015129,CUST-0825,2026-06-02,99,Success
PAY-015130,CUST-0826,2024-08-26,29,Success
PAY-015131,CUST-0826,2024-09-25,29,Success
PAY-015132,CUST-0826,2024-10-25,29,Success
PAY-015133,CUST-0826,2024-11-24,29,Success
PAY-015134,CUST-0826,2024-12-24,29,Success
PAY-015135,CUST-0826,2025-01-23,29,Success
PAY-015136,CUST-0826,2025-02-22,29,Success
PAY-015137,CUST-0826,2025-03-24,29,Success
PAY-015138,CUST-0826,2025-04-23,29,Success
PAY-015139,CUST-0826,2025-05-23,29,Success
PAY-015140,CUST-0826,2025-06-22,29,Success
PAY-015141,CUST-0826,2025-07-22,29,Success
PAY-015142,CUST-0827,2025-01-24,29,Success
PAY-015143,CUST-0827,2025-02-23,29,Success
PAY-015144,CUST-0827,2025-03-25,29,Success
PAY-015145,CUST-0827,2025-04-24,29,Success
PAY-015146,CUST-0827,2025-05-24,29,Success
PAY-015147,CUST-0827,2025-06-23,29,Success
PAY-015148,CUST-0827,2025-07-23,29,Success
PAY-015149,CUST-0827,2025-08-22,29,Success
PAY-015150,CUST-0827,2025-09-21,29,Success
PAY-015151,CUST-0827,2025-10-21,29,Success
PAY-015152,CUST-0827,2025-11-20,29,Success
PAY-015153,CUST-0827,2025-12-20,29,Success
PAY-015154,CUST-0827,2026-01-19,29,Success
PAY-015155,CUST-0827,2026-02-18,29,Success
PAY-015156,CUST-0827,2026-03-20,29,Success
PAY-015157,CUST-0827,2026-04-19,29,Failed
PAY-015158,CUST-0827,2026-05-19,29,Success
PAY-015159,CUST-0827,2026-06-18,29,Success
PAY-015160,CUST-0828,2024-07-08,29,Success
PAY-015161,CUST-0828,2024-08-07,29,Success
PAY-015162,CUST-0828,2024-09-06,29,Success
PAY-015163,CUST-0828,2024-10-06,29,Success
PAY-015164,CUST-0828,2024-11-05,29,Success
PAY-015165,CUST-0828,2024-12-05,29,Success
PAY-015166,CUST-0828,2025-01-04,29,Success
PAY-015167,CUST-0828,2025-02-03,29,Success
PAY-015168,CUST-0828,2025-03-05,29,Success
PAY-015169,CUST-0828,2025-04-04,29,Success
PAY-015170,CUST-0828,2025-05-04,29,Failed
PAY-015171,CUST-0828,2025-06-03,29,Success
PAY-015172,CUST-0828,2025-07-03,29,Success
PAY-015173,CUST-0828,2025-08-02,29,Success
PAY-015174,CUST-0828,2025-09-01,29,Success
PAY-015175,CUST-0828,2025-10-01,29,Success
PAY-015176,CUST-0828,2025-10-31,29,Success
PAY-015177,CUST-0828,2025-11-30,29,Success
PAY-015178,CUST-0828,2025-12-30,29,Success
PAY-015179,CUST-0828,2026-01-29,29,Failed
PAY-015180,CUST-0828,2026-02-28,29,Success
PAY-015181,CUST-0828,2026-03-30,29,Success
PAY-015182,CUST-0828,2026-04-29,29,Success
PAY-015183,CUST-0828,2026-05-29,29,Success
PAY-015184,CUST-0828,2026-06-28,29,Failed
PAY-015185,CUST-0829,2024-01-24,99,Success
PAY-015186,CUST-0829,2024-02-23,99,Success
PAY-015187,CUST-0829,2024-03-24,99,Success
PAY-015188,CUST-0829,2024-04-23,99,Success
PAY-015189,CUST-0829,2024-05-23,99,Success
PAY-015190,CUST-0829,2024-06-22,99,Success
PAY-015191,CUST-0829,2024-07-22,99,Success
PAY-015192,CUST-0829,2024-08-21,99,Success
PAY-015193,CUST-0829,2024-09-20,99,Success
PAY-015194,CUST-0829,2024-10-20,99,Success
PAY-015195,CUST-0829,2024-11-19,99,Success
PAY-015196,CUST-0829,2024-12-19,99,Success
PAY-015197,CUST-0829,2025-01-18,99,Success
PAY-015198,CUST-0829,2025-02-17,99,Success
PAY-015199,CUST-0829,2025-03-19,99,Success
PAY-015200,CUST-0829,2025-04-18,99,Success
PAY-015201,CUST-0829,2025-05-18,99,Success
PAY-015202,CUST-0829,2025-06-17,99,Success
PAY-015203,CUST-0829,2025-07-17,99,Success
PAY-015204,CUST-0829,2025-08-16,99,Success
PAY-015205,CUST-0829,2025-09-15,99,Success
PAY-015206,CUST-0829,2025-10-15,99,Success
PAY-015207,CUST-0829,2025-11-14,99,Success
PAY-015208,CUST-0829,2025-12-14,99,Success
PAY-015209,CUST-0829,2026-01-13,99,Success
PAY-015210,CUST-0829,2026-02-12,99,Success
PAY-015211,CUST-0829,2026-03-14,99,Success
PAY-015212,CUST-0829,2026-04-13,99,Success
PAY-015213,CUST-0829,2026-05-13,99,Success
PAY-015214,CUST-0829,2026-06-12,99,Success
PAY-015215,CUST-0830,2024-01-09,99,Success
PAY-015216,CUST-0830,2024-02-08,99,Success
PAY-015217,CUST-0830,2024-03-09,99,Success
PAY-015218,CUST-0830,2024-04-08,99,Success
PAY-015219,CUST-0830,2024-05-08,99,Success
PAY-015220,CUST-0830,2024-06-07,99,Success
PAY-015221,CUST-0830,2024-07-07,99,Success
PAY-015222,CUST-0830,2024-08-06,99,Success
PAY-015223,CUST-0830,2024-09-05,99,Success
PAY-015224,CUST-0830,2024-10-05,99,Success
PAY-015225,CUST-0830,2024-11-04,99,Success
PAY-015226,CUST-0831,2024-05-31,299,Success
PAY-015227,CUST-0831,2024-06-30,299,Success
PAY-015228,CUST-0831,2024-07-30,299,Success
PAY-015229,CUST-0831,2024-08-29,299,Success
PAY-015230,CUST-0831,2024-09-28,299,Success
PAY-015231,CUST-0831,2024-10-28,299,Success
PAY-015232,CUST-0831,2024-11-27,299,Success
PAY-015233,CUST-0831,2024-12-27,299,Success
PAY-015234,CUST-0832,2024-06-17,29,Success
PAY-015235,CUST-0832,2024-07-17,29,Success
PAY-015236,CUST-0832,2024-08-16,29,Success
PAY-015237,CUST-0832,2024-09-15,29,Success
PAY-015238,CUST-0832,2024-10-15,29,Success
PAY-015239,CUST-0832,2024-11-14,29,Success
PAY-015240,CUST-0832,2024-12-14,29,Success
PAY-015241,CUST-0832,2025-01-13,29,Success
PAY-015242,CUST-0833,2024-10-18,299,Success
PAY-015243,CUST-0833,2024-11-17,299,Success
PAY-015244,CUST-0833,2024-12-17,299,Success
PAY-015245,CUST-0833,2025-01-16,299,Success
PAY-015246,CUST-0833,2025-02-15,299,Success
PAY-015247,CUST-0833,2025-03-17,299,Success
PAY-015248,CUST-0833,2025-04-16,299,Success
PAY-015249,CUST-0833,2025-05-16,299,Success
PAY-015250,CUST-0833,2025-06-15,299,Success
PAY-015251,CUST-0833,2025-07-15,299,Success
PAY-015252,CUST-0833,2025-08-14,299,Success
PAY-015253,CUST-0833,2025-09-13,299,Success
PAY-015254,CUST-0833,2025-10-13,299,Success
PAY-015255,CUST-0833,2025-11-12,299,Success
PAY-015256,CUST-0833,2025-12-12,299,Success
PAY-015257,CUST-0833,2026-01-11,299,Success
PAY-015258,CUST-0833,2026-02-10,299,Success
PAY-015259,CUST-0833,2026-03-12,299,Success
PAY-015260,CUST-0833,2026-04-11,299,Success
PAY-015261,CUST-0833,2026-05-11,299,Success
PAY-015262,CUST-0833,2026-06-10,299,Success
PAY-015263,CUST-0834,2024-10-08,29,Success
PAY-015264,CUST-0834,2024-11-07,29,Success
PAY-015265,CUST-0834,2024-12-07,29,Success
PAY-015266,CUST-0834,2025-01-06,29,Success
PAY-015267,CUST-0834,2025-02-05,29,Success
PAY-015268,CUST-0834,2025-03-07,29,Success
PAY-015269,CUST-0835,2025-01-25,29,Success
PAY-015270,CUST-0835,2025-02-24,29,Success
PAY-015271,CUST-0835,2025-03-26,29,Success
PAY-015272,CUST-0836,2024-08-23,99,Success
PAY-015273,CUST-0836,2024-09-22,99,Success
PAY-015274,CUST-0836,2024-10-22,99,Success
PAY-015275,CUST-0836,2024-11-21,99,Failed
PAY-015276,CUST-0836,2024-12-21,99,Success
PAY-015277,CUST-0836,2025-01-20,99,Success
PAY-015278,CUST-0836,2025-02-19,99,Success
PAY-015279,CUST-0836,2025-03-21,99,Success
PAY-015280,CUST-0836,2025-04-20,99,Success
PAY-015281,CUST-0836,2025-05-20,99,Success
PAY-015282,CUST-0836,2025-06-19,99,Success
PAY-015283,CUST-0836,2025-07-19,99,Success
PAY-015284,CUST-0836,2025-08-18,99,Success
PAY-015285,CUST-0836,2025-09-17,99,Success
PAY-015286,CUST-0836,2025-10-17,99,Success
PAY-015287,CUST-0836,2025-11-16,99,Success
PAY-015288,CUST-0836,2025-12-16,99,Success
PAY-015289,CUST-0836,2026-01-15,99,Success
PAY-015290,CUST-0836,2026-02-14,99,Success
PAY-015291,CUST-0836,2026-03-16,99,Success
PAY-015292,CUST-0836,2026-04-15,99,Success
PAY-015293,CUST-0836,2026-05-15,99,Success
PAY-015294,CUST-0836,2026-06-14,99,Success
PAY-015295,CUST-0837,2024-03-27,299,Success
PAY-015296,CUST-0837,2024-04-26,299,Success
PAY-015297,CUST-0837,2024-05-26,299,Success
PAY-015298,CUST-0837,2024-06-25,299,Success
PAY-015299,CUST-0837,2024-07-25,299,Success
PAY-015300,CUST-0837,2024-08-24,299,Failed
PAY-015301,CUST-0837,2024-09-23,299,Success
PAY-015302,CUST-0837,2024-10-23,299,Success
PAY-015303,CUST-0837,2024-11-22,299,Success
PAY-015304,CUST-0837,2024-12-22,299,Success
PAY-015305,CUST-0837,2025-01-21,299,Success
PAY-015306,CUST-0837,2025-02-20,299,Success
PAY-015307,CUST-0837,2025-03-22,299,Success
PAY-015308,CUST-0837,2025-04-21,299,Success
PAY-015309,CUST-0837,2025-05-21,299,Success
PAY-015310,CUST-0837,2025-06-20,299,Success
PAY-015311,CUST-0837,2025-07-20,299,Success
PAY-015312,CUST-0837,2025-08-19,299,Success
PAY-015313,CUST-0837,2025-09-18,299,Success
PAY-015314,CUST-0837,2025-10-18,299,Success
PAY-015315,CUST-0837,2025-11-17,299,Success
PAY-015316,CUST-0837,2025-12-17,299,Failed
PAY-015317,CUST-0837,2026-01-16,299,Success
PAY-015318,CUST-0837,2026-02-15,299,Success
PAY-015319,CUST-0837,2026-03-17,299,Success
PAY-015320,CUST-0837,2026-04-16,299,Success
PAY-015321,CUST-0837,2026-05-16,299,Success
PAY-015322,CUST-0837,2026-06-15,299,Success
PAY-015323,CUST-0838,2024-04-04,29,Success
PAY-015324,CUST-0838,2024-05-04,29,Success
PAY-015325,CUST-0838,2024-06-03,29,Success
PAY-015326,CUST-0838,2024-07-03,29,Success
PAY-015327,CUST-0838,2024-08-02,29,Success
PAY-015328,CUST-0838,2024-09-01,29,Success
PAY-015329,CUST-0838,2024-10-01,29,Success
PAY-015330,CUST-0838,2024-10-31,29,Success
PAY-015331,CUST-0838,2024-11-30,29,Success
PAY-015332,CUST-0838,2024-12-30,29,Success
PAY-015333,CUST-0838,2025-01-29,29,Success
PAY-015334,CUST-0838,2025-02-28,29,Success
PAY-015335,CUST-0838,2025-03-30,29,Success
PAY-015336,CUST-0839,2025-03-05,29,Success
PAY-015337,CUST-0839,2025-04-04,29,Success
PAY-015338,CUST-0839,2025-05-04,29,Success
PAY-015339,CUST-0839,2025-06-03,29,Success
PAY-015340,CUST-0839,2025-07-03,29,Success
PAY-015341,CUST-0839,2025-08-02,29,Success
PAY-015342,CUST-0839,2025-09-01,29,Success
PAY-015343,CUST-0839,2025-10-01,29,Success
PAY-015344,CUST-0839,2025-10-31,29,Success
PAY-015345,CUST-0839,2025-11-30,29,Success
PAY-015346,CUST-0839,2025-12-30,29,Success
PAY-015347,CUST-0839,2026-01-29,29,Success
PAY-015348,CUST-0839,2026-02-28,29,Success
PAY-015349,CUST-0839,2026-03-30,29,Success
PAY-015350,CUST-0839,2026-04-29,29,Success
PAY-015351,CUST-0839,2026-05-29,29,Success
PAY-015352,CUST-0839,2026-06-28,29,Success
PAY-015353,CUST-0840,2025-01-26,99,Success
PAY-015354,CUST-0840,2025-02-25,99,Success
PAY-015355,CUST-0840,2025-03-27,99,Success
PAY-015356,CUST-0840,2025-04-26,99,Success
PAY-015357,CUST-0840,2025-05-26,99,Success
PAY-015358,CUST-0840,2025-06-25,99,Success
PAY-015359,CUST-0840,2025-07-25,99,Success
PAY-015360,CUST-0840,2025-08-24,99,Success
PAY-015361,CUST-0840,2025-09-23,99,Success
PAY-015362,CUST-0840,2025-10-23,99,Success
PAY-015363,CUST-0840,2025-11-22,99,Success
PAY-015364,CUST-0840,2025-12-22,99,Success
PAY-015365,CUST-0840,2026-01-21,99,Failed
PAY-015366,CUST-0840,2026-02-20,99,Success
PAY-015367,CUST-0840,2026-03-22,99,Success
PAY-015368,CUST-0840,2026-04-21,99,Success
PAY-015369,CUST-0840,2026-05-21,99,Success
PAY-015370,CUST-0840,2026-06-20,99,Success
PAY-015371,CUST-0841,2024-03-11,99,Success
PAY-015372,CUST-0841,2024-04-10,99,Success
PAY-015373,CUST-0841,2024-05-10,99,Success
PAY-015374,CUST-0841,2024-06-09,99,Success
PAY-015375,CUST-0842,2024-12-28,29,Success
PAY-015376,CUST-0842,2025-01-27,29,Success
PAY-015377,CUST-0842,2025-02-26,29,Success
PAY-015378,CUST-0842,2025-03-28,29,Success
PAY-015379,CUST-0842,2025-04-27,29,Success
PAY-015380,CUST-0842,2025-05-27,29,Success
PAY-015381,CUST-0842,2025-06-26,29,Success
PAY-015382,CUST-0842,2025-07-26,29,Success
PAY-015383,CUST-0842,2025-08-25,29,Success
PAY-015384,CUST-0843,2024-04-21,29,Success
PAY-015385,CUST-0843,2024-05-21,29,Success
PAY-015386,CUST-0843,2024-06-20,29,Success
PAY-015387,CUST-0843,2024-07-20,29,Success
PAY-015388,CUST-0843,2024-08-19,29,Success
PAY-015389,CUST-0843,2024-09-18,29,Success
PAY-015390,CUST-0843,2024-10-18,29,Success
PAY-015391,CUST-0843,2024-11-17,29,Success
PAY-015392,CUST-0843,2024-12-17,29,Success
PAY-015393,CUST-0843,2025-01-16,29,Success
PAY-015394,CUST-0843,2025-02-15,29,Success
PAY-015395,CUST-0843,2025-03-17,29,Success
PAY-015396,CUST-0843,2025-04-16,29,Success
PAY-015397,CUST-0843,2025-05-16,29,Success
PAY-015398,CUST-0843,2025-06-15,29,Success
PAY-015399,CUST-0843,2025-07-15,29,Success
PAY-015400,CUST-0843,2025-08-14,29,Success
PAY-015401,CUST-0843,2025-09-13,29,Success
PAY-015402,CUST-0843,2025-10-13,29,Failed
PAY-015403,CUST-0843,2025-11-12,29,Success
PAY-015404,CUST-0843,2025-12-12,29,Success
PAY-015405,CUST-0843,2026-01-11,29,Success
PAY-015406,CUST-0843,2026-02-10,29,Success
PAY-015407,CUST-0843,2026-03-12,29,Success
PAY-015408,CUST-0843,2026-04-11,29,Success
PAY-015409,CUST-0843,2026-05-11,29,Success
PAY-015410,CUST-0843,2026-06-10,29,Success
PAY-015411,CUST-0844,2024-01-31,299,Success
PAY-015412,CUST-0844,2024-03-01,299,Success
PAY-015413,CUST-0844,2024-03-31,299,Success
PAY-015414,CUST-0844,2024-04-30,299,Success
PAY-015415,CUST-0845,2024-01-09,29,Success
PAY-015416,CUST-0845,2024-02-08,29,Success
PAY-015417,CUST-0845,2024-03-09,29,Success
PAY-015418,CUST-0845,2024-04-08,29,Success
PAY-015419,CUST-0845,2024-05-08,29,Success
PAY-015420,CUST-0845,2024-06-07,29,Success
PAY-015421,CUST-0845,2024-07-07,29,Success
PAY-015422,CUST-0845,2024-08-06,29,Success
PAY-015423,CUST-0845,2024-09-05,29,Success
PAY-015424,CUST-0845,2024-10-05,29,Success
PAY-015425,CUST-0845,2024-11-04,29,Success
PAY-015426,CUST-0845,2024-12-04,29,Success
PAY-015427,CUST-0845,2025-01-03,29,Success
PAY-015428,CUST-0845,2025-02-02,29,Success
PAY-015429,CUST-0845,2025-03-04,29,Success
PAY-015430,CUST-0845,2025-04-03,29,Success
PAY-015431,CUST-0845,2025-05-03,29,Success
PAY-015432,CUST-0845,2025-06-02,29,Success
PAY-015433,CUST-0845,2025-07-02,29,Success
PAY-015434,CUST-0845,2025-08-01,29,Success
PAY-015435,CUST-0845,2025-08-31,29,Success
PAY-015436,CUST-0845,2025-09-30,29,Success
PAY-015437,CUST-0845,2025-10-30,29,Success
PAY-015438,CUST-0845,2025-11-29,29,Success
PAY-015439,CUST-0845,2025-12-29,29,Success
PAY-015440,CUST-0845,2026-01-28,29,Success
PAY-015441,CUST-0845,2026-02-27,29,Success
PAY-015442,CUST-0845,2026-03-29,29,Success
PAY-015443,CUST-0845,2026-04-28,29,Failed
PAY-015444,CUST-0845,2026-05-28,29,Success
PAY-015445,CUST-0845,2026-06-27,29,Success
PAY-015446,CUST-0846,2024-01-07,299,Success
PAY-015447,CUST-0846,2024-02-06,299,Success
PAY-015448,CUST-0846,2024-03-07,299,Success
PAY-015449,CUST-0846,2024-04-06,299,Success
PAY-015450,CUST-0846,2024-05-06,299,Success
PAY-015451,CUST-0846,2024-06-05,299,Success
PAY-015452,CUST-0846,2024-07-05,299,Success
PAY-015453,CUST-0846,2024-08-04,299,Success
PAY-015454,CUST-0846,2024-09-03,299,Success
PAY-015455,CUST-0846,2024-10-03,299,Success
PAY-015456,CUST-0846,2024-11-02,299,Success
PAY-015457,CUST-0846,2024-12-02,299,Success
PAY-015458,CUST-0846,2025-01-01,299,Success
PAY-015459,CUST-0846,2025-01-31,299,Failed
PAY-015460,CUST-0846,2025-03-02,299,Success
PAY-015461,CUST-0846,2025-04-01,299,Success
PAY-015462,CUST-0846,2025-05-01,299,Success
PAY-015463,CUST-0846,2025-05-31,299,Success
PAY-015464,CUST-0846,2025-06-30,299,Success
PAY-015465,CUST-0846,2025-07-30,299,Failed
PAY-015466,CUST-0846,2025-08-29,299,Success
PAY-015467,CUST-0846,2025-09-28,299,Success
PAY-015468,CUST-0846,2025-10-28,299,Success
PAY-015469,CUST-0846,2025-11-27,299,Success
PAY-015470,CUST-0846,2025-12-27,299,Success
PAY-015471,CUST-0846,2026-01-26,299,Success
PAY-015472,CUST-0846,2026-02-25,299,Success
PAY-015473,CUST-0846,2026-03-27,299,Success
PAY-015474,CUST-0846,2026-04-26,299,Success
PAY-015475,CUST-0846,2026-05-26,299,Success
PAY-015476,CUST-0846,2026-06-25,299,Success
PAY-015477,CUST-0847,2024-10-01,99,Success
PAY-015478,CUST-0847,2024-10-31,99,Success
PAY-015479,CUST-0847,2024-11-30,99,Success
PAY-015480,CUST-0847,2024-12-30,99,Success
PAY-015481,CUST-0847,2025-01-29,99,Success
PAY-015482,CUST-0847,2025-02-28,99,Success
PAY-015483,CUST-0847,2025-03-30,99,Success
PAY-015484,CUST-0847,2025-04-29,99,Success
PAY-015485,CUST-0847,2025-05-29,99,Success
PAY-015486,CUST-0847,2025-06-28,99,Success
PAY-015487,CUST-0847,2025-07-28,99,Success
PAY-015488,CUST-0848,2024-09-14,29,Success
PAY-015489,CUST-0848,2024-10-14,29,Success
PAY-015490,CUST-0848,2024-11-13,29,Success
PAY-015491,CUST-0848,2024-12-13,29,Success
PAY-015492,CUST-0848,2025-01-12,29,Success
PAY-015493,CUST-0848,2025-02-11,29,Success
PAY-015494,CUST-0848,2025-03-13,29,Success
PAY-015495,CUST-0848,2025-04-12,29,Success
PAY-015496,CUST-0848,2025-05-12,29,Success
PAY-015497,CUST-0848,2025-06-11,29,Success
PAY-015498,CUST-0848,2025-07-11,29,Success
PAY-015499,CUST-0848,2025-08-10,29,Success
PAY-015500,CUST-0848,2025-09-09,29,Success
PAY-015501,CUST-0848,2025-10-09,29,Success
PAY-015502,CUST-0848,2025-11-08,29,Success
PAY-015503,CUST-0848,2025-12-08,29,Success
PAY-015504,CUST-0848,2026-01-07,29,Success
PAY-015505,CUST-0848,2026-02-06,29,Success
PAY-015506,CUST-0848,2026-03-08,29,Success
PAY-015507,CUST-0848,2026-04-07,29,Success
PAY-015508,CUST-0848,2026-05-07,29,Success
PAY-015509,CUST-0848,2026-06-06,29,Success
PAY-015510,CUST-0849,2024-02-24,99,Success
PAY-015511,CUST-0849,2024-03-25,99,Success
PAY-015512,CUST-0849,2024-04-24,99,Success
PAY-015513,CUST-0849,2024-05-24,99,Success
PAY-015514,CUST-0849,2024-06-23,99,Success
PAY-015515,CUST-0849,2024-07-23,99,Success
PAY-015516,CUST-0849,2024-08-22,99,Success
PAY-015517,CUST-0849,2024-09-21,99,Success
PAY-015518,CUST-0849,2024-10-21,99,Success
PAY-015519,CUST-0849,2024-11-20,99,Success
PAY-015520,CUST-0849,2024-12-20,99,Success
PAY-015521,CUST-0849,2025-01-19,99,Success
PAY-015522,CUST-0849,2025-02-18,99,Success
PAY-015523,CUST-0849,2025-03-20,99,Success
PAY-015524,CUST-0849,2025-04-19,99,Success
PAY-015525,CUST-0849,2025-05-19,99,Failed
PAY-015526,CUST-0849,2025-06-18,99,Success
PAY-015527,CUST-0849,2025-07-18,99,Success
PAY-015528,CUST-0849,2025-08-17,99,Success
PAY-015529,CUST-0849,2025-09-16,99,Success
PAY-015530,CUST-0849,2025-10-16,99,Success
PAY-015531,CUST-0849,2025-11-15,99,Success
PAY-015532,CUST-0849,2025-12-15,99,Success
PAY-015533,CUST-0849,2026-01-14,99,Success
PAY-015534,CUST-0849,2026-02-13,99,Success
PAY-015535,CUST-0849,2026-03-15,99,Success
PAY-015536,CUST-0849,2026-04-14,99,Success
PAY-015537,CUST-0849,2026-05-14,99,Success
PAY-015538,CUST-0849,2026-06-13,99,Success
PAY-015539,CUST-0850,2024-05-03,29,Success
PAY-015540,CUST-0850,2024-06-02,29,Success
PAY-015541,CUST-0851,2025-02-21,29,Success
PAY-015542,CUST-0851,2025-03-23,29,Success
PAY-015543,CUST-0851,2025-04-22,29,Success
PAY-015544,CUST-0851,2025-05-22,29,Success
PAY-015545,CUST-0851,2025-06-21,29,Success
PAY-015546,CUST-0851,2025-07-21,29,Success
PAY-015547,CUST-0852,2025-02-11,29,Success
PAY-015548,CUST-0852,2025-03-13,29,Success
PAY-015549,CUST-0852,2025-04-12,29,Success
PAY-015550,CUST-0852,2025-05-12,29,Success
PAY-015551,CUST-0852,2025-06-11,29,Success
PAY-015552,CUST-0852,2025-07-11,29,Success
PAY-015553,CUST-0852,2025-08-10,29,Success
PAY-015554,CUST-0852,2025-09-09,29,Success
PAY-015555,CUST-0852,2025-10-09,29,Success
PAY-015556,CUST-0852,2025-11-08,29,Success
PAY-015557,CUST-0852,2025-12-08,29,Failed
PAY-015558,CUST-0852,2026-01-07,29,Success
PAY-015559,CUST-0852,2026-02-06,29,Success
PAY-015560,CUST-0852,2026-03-08,29,Success
PAY-015561,CUST-0852,2026-04-07,29,Success
PAY-015562,CUST-0852,2026-05-07,29,Success
PAY-015563,CUST-0852,2026-06-06,29,Success
PAY-015564,CUST-0853,2024-07-10,29,Success
PAY-015565,CUST-0853,2024-08-09,29,Success
PAY-015566,CUST-0853,2024-09-08,29,Success
PAY-015567,CUST-0853,2024-10-08,29,Success
PAY-015568,CUST-0853,2024-11-07,29,Success
PAY-015569,CUST-0853,2024-12-07,29,Success
PAY-015570,CUST-0853,2025-01-06,29,Success
PAY-015571,CUST-0853,2025-02-05,29,Success
PAY-015572,CUST-0853,2025-03-07,29,Success
PAY-015573,CUST-0853,2025-04-06,29,Success
PAY-015574,CUST-0853,2025-05-06,29,Success
PAY-015575,CUST-0853,2025-06-05,29,Success
PAY-015576,CUST-0853,2025-07-05,29,Success
PAY-015577,CUST-0853,2025-08-04,29,Success
PAY-015578,CUST-0853,2025-09-03,29,Success
PAY-015579,CUST-0853,2025-10-03,29,Success
PAY-015580,CUST-0853,2025-11-02,29,Success
PAY-015581,CUST-0853,2025-12-02,29,Success
PAY-015582,CUST-0853,2026-01-01,29,Success
PAY-015583,CUST-0853,2026-01-31,29,Success
PAY-015584,CUST-0853,2026-03-02,29,Success
PAY-015585,CUST-0853,2026-04-01,29,Success
PAY-015586,CUST-0853,2026-05-01,29,Success
PAY-015587,CUST-0853,2026-05-31,29,Success
PAY-015588,CUST-0853,2026-06-30,29,Success
PAY-015589,CUST-0854,2024-10-16,29,Success
PAY-015590,CUST-0854,2024-11-15,29,Success
PAY-015591,CUST-0854,2024-12-15,29,Success
PAY-015592,CUST-0854,2025-01-14,29,Success
PAY-015593,CUST-0854,2025-02-13,29,Success
PAY-015594,CUST-0854,2025-03-15,29,Success
PAY-015595,CUST-0854,2025-04-14,29,Success
PAY-015596,CUST-0854,2025-05-14,29,Success
PAY-015597,CUST-0854,2025-06-13,29,Success
PAY-015598,CUST-0854,2025-07-13,29,Success
PAY-015599,CUST-0854,2025-08-12,29,Failed
PAY-015600,CUST-0854,2025-09-11,29,Success
PAY-015601,CUST-0854,2025-10-11,29,Success
PAY-015602,CUST-0854,2025-11-10,29,Success
PAY-015603,CUST-0854,2025-12-10,29,Success
PAY-015604,CUST-0854,2026-01-09,29,Success
PAY-015605,CUST-0854,2026-02-08,29,Success
PAY-015606,CUST-0854,2026-03-10,29,Success
PAY-015607,CUST-0854,2026-04-09,29,Success
PAY-015608,CUST-0854,2026-05-09,29,Success
PAY-015609,CUST-0854,2026-06-08,29,Success
PAY-015610,CUST-0855,2024-06-02,29,Success
PAY-015611,CUST-0855,2024-07-02,29,Success
PAY-015612,CUST-0855,2024-08-01,29,Success
PAY-015613,CUST-0855,2024-08-31,29,Success
PAY-015614,CUST-0855,2024-09-30,29,Success
PAY-015615,CUST-0855,2024-10-30,29,Success
PAY-015616,CUST-0855,2024-11-29,29,Success
PAY-015617,CUST-0855,2024-12-29,29,Success
PAY-015618,CUST-0855,2025-01-28,29,Success
PAY-015619,CUST-0855,2025-02-27,29,Success
PAY-015620,CUST-0855,2025-03-29,29,Success
PAY-015621,CUST-0855,2025-04-28,29,Success
PAY-015622,CUST-0855,2025-05-28,29,Success
PAY-015623,CUST-0856,2024-02-17,99,Success
PAY-015624,CUST-0856,2024-03-18,99,Success
PAY-015625,CUST-0856,2024-04-17,99,Success
PAY-015626,CUST-0856,2024-05-17,99,Success
PAY-015627,CUST-0856,2024-06-16,99,Success
PAY-015628,CUST-0856,2024-07-16,99,Success
PAY-015629,CUST-0856,2024-08-15,99,Success
PAY-015630,CUST-0856,2024-09-14,99,Success
PAY-015631,CUST-0856,2024-10-14,99,Success
PAY-015632,CUST-0856,2024-11-13,99,Success
PAY-015633,CUST-0856,2024-12-13,99,Success
PAY-015634,CUST-0856,2025-01-12,99,Success
PAY-015635,CUST-0856,2025-02-11,99,Success
PAY-015636,CUST-0856,2025-03-13,99,Success
PAY-015637,CUST-0856,2025-04-12,99,Success
PAY-015638,CUST-0856,2025-05-12,99,Success
PAY-015639,CUST-0856,2025-06-11,99,Success
PAY-015640,CUST-0856,2025-07-11,99,Success
PAY-015641,CUST-0856,2025-08-10,99,Success
PAY-015642,CUST-0856,2025-09-09,99,Success
PAY-015643,CUST-0856,2025-10-09,99,Success
PAY-015644,CUST-0856,2025-11-08,99,Success
PAY-015645,CUST-0856,2025-12-08,99,Failed
PAY-015646,CUST-0856,2026-01-07,99,Success
PAY-015647,CUST-0856,2026-02-06,99,Success
PAY-015648,CUST-0856,2026-03-08,99,Success
PAY-015649,CUST-0856,2026-04-07,99,Success
PAY-015650,CUST-0856,2026-05-07,99,Success
PAY-015651,CUST-0856,2026-06-06,99,Success
PAY-015652,CUST-0857,2024-07-12,299,Failed
PAY-015653,CUST-0857,2024-08-11,299,Success
PAY-015654,CUST-0857,2024-09-10,299,Success
PAY-015655,CUST-0857,2024-10-10,299,Success
PAY-015656,CUST-0857,2024-11-09,299,Success
PAY-015657,CUST-0857,2024-12-09,299,Success
PAY-015658,CUST-0857,2025-01-08,299,Success
PAY-015659,CUST-0857,2025-02-07,299,Success
PAY-015660,CUST-0857,2025-03-09,299,Failed
PAY-015661,CUST-0857,2025-04-08,299,Success
PAY-015662,CUST-0857,2025-05-08,299,Success
PAY-015663,CUST-0857,2025-06-07,299,Success
PAY-015664,CUST-0857,2025-07-07,299,Failed
PAY-015665,CUST-0857,2025-08-06,299,Success
PAY-015666,CUST-0857,2025-09-05,299,Success
PAY-015667,CUST-0857,2025-10-05,299,Success
PAY-015668,CUST-0857,2025-11-04,299,Success
PAY-015669,CUST-0857,2025-12-04,299,Success
PAY-015670,CUST-0857,2026-01-03,299,Success
PAY-015671,CUST-0857,2026-02-02,299,Success
PAY-015672,CUST-0857,2026-03-04,299,Failed
PAY-015673,CUST-0857,2026-04-03,299,Success
PAY-015674,CUST-0857,2026-05-03,299,Success
PAY-015675,CUST-0857,2026-06-02,299,Success
PAY-015676,CUST-0858,2024-11-22,29,Success
PAY-015677,CUST-0858,2024-12-22,29,Success
PAY-015678,CUST-0858,2025-01-21,29,Success
PAY-015679,CUST-0858,2025-02-20,29,Success
PAY-015680,CUST-0858,2025-03-22,29,Success
PAY-015681,CUST-0858,2025-04-21,29,Success
PAY-015682,CUST-0858,2025-05-21,29,Success
PAY-015683,CUST-0858,2025-06-20,29,Success
PAY-015684,CUST-0858,2025-07-20,29,Success
PAY-015685,CUST-0858,2025-08-19,29,Success
PAY-015686,CUST-0858,2025-09-18,29,Success
PAY-015687,CUST-0858,2025-10-18,29,Success
PAY-015688,CUST-0858,2025-11-17,29,Success
PAY-015689,CUST-0858,2025-12-17,29,Success
PAY-015690,CUST-0858,2026-01-16,29,Success
PAY-015691,CUST-0858,2026-02-15,29,Success
PAY-015692,CUST-0858,2026-03-17,29,Success
PAY-015693,CUST-0858,2026-04-16,29,Success
PAY-015694,CUST-0858,2026-05-16,29,Success
PAY-015695,CUST-0858,2026-06-15,29,Success
PAY-015696,CUST-0859,2024-02-12,99,Success
PAY-015697,CUST-0859,2024-03-13,99,Success
PAY-015698,CUST-0859,2024-04-12,99,Success
PAY-015699,CUST-0859,2024-05-12,99,Success
PAY-015700,CUST-0859,2024-06-11,99,Success
PAY-015701,CUST-0859,2024-07-11,99,Success
PAY-015702,CUST-0859,2024-08-10,99,Success
PAY-015703,CUST-0859,2024-09-09,99,Success
PAY-015704,CUST-0859,2024-10-09,99,Success
PAY-015705,CUST-0859,2024-11-08,99,Success
PAY-015706,CUST-0859,2024-12-08,99,Success
PAY-015707,CUST-0859,2025-01-07,99,Success
PAY-015708,CUST-0859,2025-02-06,99,Success
PAY-015709,CUST-0859,2025-03-08,99,Success
PAY-015710,CUST-0859,2025-04-07,99,Success
PAY-015711,CUST-0859,2025-05-07,99,Success
PAY-015712,CUST-0859,2025-06-06,99,Success
PAY-015713,CUST-0859,2025-07-06,99,Success
PAY-015714,CUST-0859,2025-08-05,99,Success
PAY-015715,CUST-0859,2025-09-04,99,Success
PAY-015716,CUST-0859,2025-10-04,99,Success
PAY-015717,CUST-0859,2025-11-03,99,Success
PAY-015718,CUST-0859,2025-12-03,99,Success
PAY-015719,CUST-0859,2026-01-02,99,Success
PAY-015720,CUST-0859,2026-02-01,99,Success
PAY-015721,CUST-0859,2026-03-03,99,Success
PAY-015722,CUST-0859,2026-04-02,99,Success
PAY-015723,CUST-0859,2026-05-02,99,Success
PAY-015724,CUST-0859,2026-06-01,99,Success
PAY-015725,CUST-0860,2024-11-26,99,Success
PAY-015726,CUST-0860,2024-12-26,99,Success
PAY-015727,CUST-0860,2025-01-25,99,Failed
PAY-015728,CUST-0860,2025-02-24,99,Success
PAY-015729,CUST-0860,2025-03-26,99,Success
PAY-015730,CUST-0860,2025-04-25,99,Success
PAY-015731,CUST-0860,2025-05-25,99,Success
PAY-015732,CUST-0860,2025-06-24,99,Success
PAY-015733,CUST-0860,2025-07-24,99,Success
PAY-015734,CUST-0860,2025-08-23,99,Success
PAY-015735,CUST-0860,2025-09-22,99,Success
PAY-015736,CUST-0860,2025-10-22,99,Success
PAY-015737,CUST-0860,2025-11-21,99,Success
PAY-015738,CUST-0860,2025-12-21,99,Success
PAY-015739,CUST-0860,2026-01-20,99,Success
PAY-015740,CUST-0860,2026-02-19,99,Success
PAY-015741,CUST-0860,2026-03-21,99,Success
PAY-015742,CUST-0860,2026-04-20,99,Success
PAY-015743,CUST-0860,2026-05-20,99,Success
PAY-015744,CUST-0860,2026-06-19,99,Success
PAY-015745,CUST-0861,2025-04-03,29,Success
PAY-015746,CUST-0861,2025-05-03,29,Success
PAY-015747,CUST-0861,2025-06-02,29,Success
PAY-015748,CUST-0861,2025-07-02,29,Success
PAY-015749,CUST-0861,2025-08-01,29,Success
PAY-015750,CUST-0861,2025-08-31,29,Success
PAY-015751,CUST-0861,2025-09-30,29,Success
PAY-015752,CUST-0861,2025-10-30,29,Success
PAY-015753,CUST-0861,2025-11-29,29,Success
PAY-015754,CUST-0861,2025-12-29,29,Success
PAY-015755,CUST-0861,2026-01-28,29,Success
PAY-015756,CUST-0861,2026-02-27,29,Success
PAY-015757,CUST-0861,2026-03-29,29,Success
PAY-015758,CUST-0861,2026-04-28,29,Success
PAY-015759,CUST-0861,2026-05-28,29,Success
PAY-015760,CUST-0861,2026-06-27,29,Success
PAY-015761,CUST-0862,2024-04-18,29,Success
PAY-015762,CUST-0862,2024-05-18,29,Success
PAY-015763,CUST-0862,2024-06-17,29,Success
PAY-015764,CUST-0862,2024-07-17,29,Success
PAY-015765,CUST-0862,2024-08-16,29,Success
PAY-015766,CUST-0862,2024-09-15,29,Success
PAY-015767,CUST-0862,2024-10-15,29,Success
PAY-015768,CUST-0862,2024-11-14,29,Success
PAY-015769,CUST-0862,2024-12-14,29,Success
PAY-015770,CUST-0862,2025-01-13,29,Success
PAY-015771,CUST-0862,2025-02-12,29,Success
PAY-015772,CUST-0862,2025-03-14,29,Success
PAY-015773,CUST-0862,2025-04-13,29,Success
PAY-015774,CUST-0862,2025-05-13,29,Success
PAY-015775,CUST-0862,2025-06-12,29,Success
PAY-015776,CUST-0862,2025-07-12,29,Success
PAY-015777,CUST-0862,2025-08-11,29,Success
PAY-015778,CUST-0862,2025-09-10,29,Success
PAY-015779,CUST-0862,2025-10-10,29,Success
PAY-015780,CUST-0862,2025-11-09,29,Success
PAY-015781,CUST-0862,2025-12-09,29,Success
PAY-015782,CUST-0862,2026-01-08,29,Success
PAY-015783,CUST-0862,2026-02-07,29,Success
PAY-015784,CUST-0862,2026-03-09,29,Success
PAY-015785,CUST-0862,2026-04-08,29,Success
PAY-015786,CUST-0862,2026-05-08,29,Success
PAY-015787,CUST-0862,2026-06-07,29,Success
PAY-015788,CUST-0863,2024-01-24,29,Success
PAY-015789,CUST-0863,2024-02-23,29,Success
PAY-015790,CUST-0863,2024-03-24,29,Success
PAY-015791,CUST-0863,2024-04-23,29,Success
PAY-015792,CUST-0863,2024-05-23,29,Success
PAY-015793,CUST-0863,2024-06-22,29,Success
PAY-015794,CUST-0863,2024-07-22,29,Success
PAY-015795,CUST-0863,2024-08-21,29,Success
PAY-015796,CUST-0863,2024-09-20,29,Success
PAY-015797,CUST-0863,2024-10-20,29,Success
PAY-015798,CUST-0863,2024-11-19,29,Success
PAY-015799,CUST-0863,2024-12-19,29,Success
PAY-015800,CUST-0863,2025-01-18,29,Success
PAY-015801,CUST-0863,2025-02-17,29,Success
PAY-015802,CUST-0863,2025-03-19,29,Success
PAY-015803,CUST-0863,2025-04-18,29,Success
PAY-015804,CUST-0863,2025-05-18,29,Success
PAY-015805,CUST-0863,2025-06-17,29,Success
PAY-015806,CUST-0863,2025-07-17,29,Success
PAY-015807,CUST-0863,2025-08-16,29,Success
PAY-015808,CUST-0863,2025-09-15,29,Success
PAY-015809,CUST-0863,2025-10-15,29,Success
PAY-015810,CUST-0863,2025-11-14,29,Success
PAY-015811,CUST-0863,2025-12-14,29,Success
PAY-015812,CUST-0863,2026-01-13,29,Success
PAY-015813,CUST-0863,2026-02-12,29,Failed
PAY-015814,CUST-0863,2026-03-14,29,Success
PAY-015815,CUST-0863,2026-04-13,29,Success
PAY-015816,CUST-0863,2026-05-13,29,Success
PAY-015817,CUST-0863,2026-06-12,29,Success
PAY-015818,CUST-0864,2025-04-05,29,Success
PAY-015819,CUST-0864,2025-05-05,29,Success
PAY-015820,CUST-0864,2025-06-04,29,Success
PAY-015821,CUST-0864,2025-07-04,29,Success
PAY-015822,CUST-0864,2025-08-03,29,Success
PAY-015823,CUST-0864,2025-09-02,29,Success
PAY-015824,CUST-0864,2025-10-02,29,Success
PAY-015825,CUST-0864,2025-11-01,29,Success
PAY-015826,CUST-0864,2025-12-01,29,Success
PAY-015827,CUST-0864,2025-12-31,29,Success
PAY-015828,CUST-0864,2026-01-30,29,Success
PAY-015829,CUST-0864,2026-03-01,29,Success
PAY-015830,CUST-0864,2026-03-31,29,Success
PAY-015831,CUST-0864,2026-04-30,29,Success
PAY-015832,CUST-0864,2026-05-30,29,Success
PAY-015833,CUST-0864,2026-06-29,29,Success
PAY-015834,CUST-0865,2025-04-20,29,Success
PAY-015835,CUST-0865,2025-05-20,29,Success
PAY-015836,CUST-0865,2025-06-19,29,Failed
PAY-015837,CUST-0865,2025-07-19,29,Success
PAY-015838,CUST-0865,2025-08-18,29,Success
PAY-015839,CUST-0865,2025-09-17,29,Success
PAY-015840,CUST-0865,2025-10-17,29,Success
PAY-015841,CUST-0865,2025-11-16,29,Failed
PAY-015842,CUST-0865,2025-12-16,29,Success
PAY-015843,CUST-0865,2026-01-15,29,Success
PAY-015844,CUST-0865,2026-02-14,29,Success
PAY-015845,CUST-0865,2026-03-16,29,Success
PAY-015846,CUST-0865,2026-04-15,29,Success
PAY-015847,CUST-0865,2026-05-15,29,Success
PAY-015848,CUST-0865,2026-06-14,29,Success
PAY-015849,CUST-0866,2025-05-07,29,Success
PAY-015850,CUST-0866,2025-06-06,29,Success
PAY-015851,CUST-0866,2025-07-06,29,Success
PAY-015852,CUST-0866,2025-08-05,29,Success
PAY-015853,CUST-0866,2025-09-04,29,Success
PAY-015854,CUST-0866,2025-10-04,29,Success
PAY-015855,CUST-0866,2025-11-03,29,Success
PAY-015856,CUST-0867,2025-01-20,99,Success
PAY-015857,CUST-0867,2025-02-19,99,Success
PAY-015858,CUST-0867,2025-03-21,99,Success
PAY-015859,CUST-0867,2025-04-20,99,Success
PAY-015860,CUST-0867,2025-05-20,99,Success
PAY-015861,CUST-0868,2024-06-02,99,Success
PAY-015862,CUST-0868,2024-07-02,99,Success
PAY-015863,CUST-0868,2024-08-01,99,Success
PAY-015864,CUST-0868,2024-08-31,99,Success
PAY-015865,CUST-0868,2024-09-30,99,Success
PAY-015866,CUST-0868,2024-10-30,99,Success
PAY-015867,CUST-0868,2024-11-29,99,Success
PAY-015868,CUST-0868,2024-12-29,99,Success
PAY-015869,CUST-0868,2025-01-28,99,Success
PAY-015870,CUST-0868,2025-02-27,99,Success
PAY-015871,CUST-0868,2025-03-29,99,Success
PAY-015872,CUST-0868,2025-04-28,99,Success
PAY-015873,CUST-0868,2025-05-28,99,Success
PAY-015874,CUST-0868,2025-06-27,99,Success
PAY-015875,CUST-0868,2025-07-27,99,Success
PAY-015876,CUST-0868,2025-08-26,99,Success
PAY-015877,CUST-0868,2025-09-25,99,Failed
PAY-015878,CUST-0868,2025-10-25,99,Success
PAY-015879,CUST-0868,2025-11-24,99,Success
PAY-015880,CUST-0868,2025-12-24,99,Success
PAY-015881,CUST-0868,2026-01-23,99,Success
PAY-015882,CUST-0868,2026-02-22,99,Success
PAY-015883,CUST-0868,2026-03-24,99,Success
PAY-015884,CUST-0868,2026-04-23,99,Success
PAY-015885,CUST-0868,2026-05-23,99,Success
PAY-015886,CUST-0868,2026-06-22,99,Success
PAY-015887,CUST-0869,2024-10-17,99,Success
PAY-015888,CUST-0869,2024-11-16,99,Success
PAY-015889,CUST-0869,2024-12-16,99,Success
PAY-015890,CUST-0869,2025-01-15,99,Success
PAY-015891,CUST-0869,2025-02-14,99,Success
PAY-015892,CUST-0869,2025-03-16,99,Success
PAY-015893,CUST-0869,2025-04-15,99,Success
PAY-015894,CUST-0869,2025-05-15,99,Success
PAY-015895,CUST-0869,2025-06-14,99,Success
PAY-015896,CUST-0869,2025-07-14,99,Success
PAY-015897,CUST-0869,2025-08-13,99,Success
PAY-015898,CUST-0869,2025-09-12,99,Success
PAY-015899,CUST-0869,2025-10-12,99,Success
PAY-015900,CUST-0869,2025-11-11,99,Success
PAY-015901,CUST-0869,2025-12-11,99,Success
PAY-015902,CUST-0869,2026-01-10,99,Success
PAY-015903,CUST-0869,2026-02-09,99,Success
PAY-015904,CUST-0869,2026-03-11,99,Success
PAY-015905,CUST-0869,2026-04-10,99,Success
PAY-015906,CUST-0869,2026-05-10,99,Success
PAY-015907,CUST-0869,2026-06-09,99,Success
PAY-015908,CUST-0870,2024-07-15,29,Success
PAY-015909,CUST-0870,2024-08-14,29,Success
PAY-015910,CUST-0870,2024-09-13,29,Success
PAY-015911,CUST-0870,2024-10-13,29,Success
PAY-015912,CUST-0870,2024-11-12,29,Success
PAY-015913,CUST-0870,2024-12-12,29,Success
PAY-015914,CUST-0870,2025-01-11,29,Success
PAY-015915,CUST-0870,2025-02-10,29,Success
PAY-015916,CUST-0870,2025-03-12,29,Success
PAY-015917,CUST-0870,2025-04-11,29,Success
PAY-015918,CUST-0870,2025-05-11,29,Success
PAY-015919,CUST-0870,2025-06-10,29,Success
PAY-015920,CUST-0870,2025-07-10,29,Success
PAY-015921,CUST-0870,2025-08-09,29,Success
PAY-015922,CUST-0870,2025-09-08,29,Success
PAY-015923,CUST-0870,2025-10-08,29,Success
PAY-015924,CUST-0870,2025-11-07,29,Success
PAY-015925,CUST-0870,2025-12-07,29,Failed
PAY-015926,CUST-0870,2026-01-06,29,Success
PAY-015927,CUST-0870,2026-02-05,29,Success
PAY-015928,CUST-0870,2026-03-07,29,Success
PAY-015929,CUST-0870,2026-04-06,29,Success
PAY-015930,CUST-0870,2026-05-06,29,Success
PAY-015931,CUST-0870,2026-06-05,29,Success
PAY-015932,CUST-0871,2024-09-13,299,Success
PAY-015933,CUST-0871,2024-10-13,299,Success
PAY-015934,CUST-0871,2024-11-12,299,Success
PAY-015935,CUST-0871,2024-12-12,299,Success
PAY-015936,CUST-0871,2025-01-11,299,Success
PAY-015937,CUST-0871,2025-02-10,299,Failed
PAY-015938,CUST-0871,2025-03-12,299,Success
PAY-015939,CUST-0871,2025-04-11,299,Success
PAY-015940,CUST-0871,2025-05-11,299,Success
PAY-015941,CUST-0871,2025-06-10,299,Success
PAY-015942,CUST-0871,2025-07-10,299,Success
PAY-015943,CUST-0871,2025-08-09,299,Success
PAY-015944,CUST-0871,2025-09-08,299,Success
PAY-015945,CUST-0871,2025-10-08,299,Failed
PAY-015946,CUST-0871,2025-11-07,299,Failed
PAY-015947,CUST-0871,2025-12-07,299,Success
PAY-015948,CUST-0871,2026-01-06,299,Success
PAY-015949,CUST-0871,2026-02-05,299,Success
PAY-015950,CUST-0871,2026-03-07,299,Success
PAY-015951,CUST-0871,2026-04-06,299,Success
PAY-015952,CUST-0871,2026-05-06,299,Success
PAY-015953,CUST-0871,2026-06-05,299,Failed
PAY-015954,CUST-0872,2024-02-20,299,Success
PAY-015955,CUST-0872,2024-03-21,299,Success
PAY-015956,CUST-0872,2024-04-20,299,Success
PAY-015957,CUST-0872,2024-05-20,299,Success
PAY-015958,CUST-0872,2024-06-19,299,Success
PAY-015959,CUST-0872,2024-07-19,299,Success
PAY-015960,CUST-0872,2024-08-18,299,Success
PAY-015961,CUST-0872,2024-09-17,299,Success
PAY-015962,CUST-0872,2024-10-17,299,Success
PAY-015963,CUST-0872,2024-11-16,299,Success
PAY-015964,CUST-0872,2024-12-16,299,Success
PAY-015965,CUST-0872,2025-01-15,299,Success
PAY-015966,CUST-0872,2025-02-14,299,Success
PAY-015967,CUST-0872,2025-03-16,299,Success
PAY-015968,CUST-0872,2025-04-15,299,Success
PAY-015969,CUST-0872,2025-05-15,299,Success
PAY-015970,CUST-0872,2025-06-14,299,Success
PAY-015971,CUST-0872,2025-07-14,299,Success
PAY-015972,CUST-0872,2025-08-13,299,Success
PAY-015973,CUST-0872,2025-09-12,299,Success
PAY-015974,CUST-0872,2025-10-12,299,Success
PAY-015975,CUST-0872,2025-11-11,299,Success
PAY-015976,CUST-0872,2025-12-11,299,Success
PAY-015977,CUST-0872,2026-01-10,299,Success
PAY-015978,CUST-0872,2026-02-09,299,Success
PAY-015979,CUST-0872,2026-03-11,299,Failed
PAY-015980,CUST-0872,2026-04-10,299,Success
PAY-015981,CUST-0872,2026-05-10,299,Success
PAY-015982,CUST-0872,2026-06-09,299,Success
PAY-015983,CUST-0873,2025-03-05,29,Success
PAY-015984,CUST-0873,2025-04-04,29,Success
PAY-015985,CUST-0873,2025-05-04,29,Success
PAY-015986,CUST-0873,2025-06-03,29,Success
PAY-015987,CUST-0873,2025-07-03,29,Success
PAY-015988,CUST-0873,2025-08-02,29,Success
PAY-015989,CUST-0873,2025-09-01,29,Success
PAY-015990,CUST-0873,2025-10-01,29,Success
PAY-015991,CUST-0873,2025-10-31,29,Success
PAY-015992,CUST-0873,2025-11-30,29,Success
PAY-015993,CUST-0873,2025-12-30,29,Success
PAY-015994,CUST-0873,2026-01-29,29,Failed
PAY-015995,CUST-0873,2026-02-28,29,Success
PAY-015996,CUST-0873,2026-03-30,29,Success
PAY-015997,CUST-0873,2026-04-29,29,Success
PAY-015998,CUST-0873,2026-05-29,29,Success
PAY-015999,CUST-0873,2026-06-28,29,Success
PAY-016000,CUST-0874,2024-11-05,29,Success
PAY-016001,CUST-0874,2024-12-05,29,Success
PAY-016002,CUST-0874,2025-01-04,29,Success
PAY-016003,CUST-0874,2025-02-03,29,Success
PAY-016004,CUST-0874,2025-03-05,29,Success
PAY-016005,CUST-0875,2024-01-16,29,Success
PAY-016006,CUST-0875,2024-02-15,29,Success
PAY-016007,CUST-0875,2024-03-16,29,Success
PAY-016008,CUST-0875,2024-04-15,29,Success
PAY-016009,CUST-0875,2024-05-15,29,Success
PAY-016010,CUST-0875,2024-06-14,29,Success
PAY-016011,CUST-0875,2024-07-14,29,Success
PAY-016012,CUST-0875,2024-08-13,29,Success
PAY-016013,CUST-0875,2024-09-12,29,Success
PAY-016014,CUST-0875,2024-10-12,29,Success
PAY-016015,CUST-0875,2024-11-11,29,Success
PAY-016016,CUST-0875,2024-12-11,29,Success
PAY-016017,CUST-0875,2025-01-10,29,Success
PAY-016018,CUST-0875,2025-02-09,29,Success
PAY-016019,CUST-0875,2025-03-11,29,Success
PAY-016020,CUST-0875,2025-04-10,29,Success
PAY-016021,CUST-0875,2025-05-10,29,Success
PAY-016022,CUST-0875,2025-06-09,29,Success
PAY-016023,CUST-0875,2025-07-09,29,Success
PAY-016024,CUST-0875,2025-08-08,29,Success
PAY-016025,CUST-0875,2025-09-07,29,Success
PAY-016026,CUST-0875,2025-10-07,29,Success
PAY-016027,CUST-0875,2025-11-06,29,Success
PAY-016028,CUST-0875,2025-12-06,29,Success
PAY-016029,CUST-0875,2026-01-05,29,Success
PAY-016030,CUST-0875,2026-02-04,29,Success
PAY-016031,CUST-0875,2026-03-06,29,Success
PAY-016032,CUST-0875,2026-04-05,29,Success
PAY-016033,CUST-0875,2026-05-05,29,Success
PAY-016034,CUST-0875,2026-06-04,29,Success
PAY-016035,CUST-0876,2024-09-08,29,Success
PAY-016036,CUST-0876,2024-10-08,29,Success
PAY-016037,CUST-0876,2024-11-07,29,Success
PAY-016038,CUST-0876,2024-12-07,29,Success
PAY-016039,CUST-0876,2025-01-06,29,Success
PAY-016040,CUST-0876,2025-02-05,29,Success
PAY-016041,CUST-0876,2025-03-07,29,Success
PAY-016042,CUST-0876,2025-04-06,29,Success
PAY-016043,CUST-0876,2025-05-06,29,Success
PAY-016044,CUST-0876,2025-06-05,29,Success
PAY-016045,CUST-0876,2025-07-05,29,Success
PAY-016046,CUST-0876,2025-08-04,29,Success
PAY-016047,CUST-0876,2025-09-03,29,Success
PAY-016048,CUST-0876,2025-10-03,29,Success
PAY-016049,CUST-0876,2025-11-02,29,Success
PAY-016050,CUST-0876,2025-12-02,29,Success
PAY-016051,CUST-0876,2026-01-01,29,Success
PAY-016052,CUST-0876,2026-01-31,29,Success
PAY-016053,CUST-0876,2026-03-02,29,Success
PAY-016054,CUST-0876,2026-04-01,29,Success
PAY-016055,CUST-0876,2026-05-01,29,Success
PAY-016056,CUST-0876,2026-05-31,29,Success
PAY-016057,CUST-0876,2026-06-30,29,Success
PAY-016058,CUST-0877,2024-10-10,299,Success
PAY-016059,CUST-0877,2024-11-09,299,Success
PAY-016060,CUST-0877,2024-12-09,299,Success
PAY-016061,CUST-0877,2025-01-08,299,Success
PAY-016062,CUST-0877,2025-02-07,299,Success
PAY-016063,CUST-0877,2025-03-09,299,Success
PAY-016064,CUST-0878,2024-04-05,29,Success
PAY-016065,CUST-0878,2024-05-05,29,Success
PAY-016066,CUST-0878,2024-06-04,29,Success
PAY-016067,CUST-0878,2024-07-04,29,Success
PAY-016068,CUST-0878,2024-08-03,29,Success
PAY-016069,CUST-0878,2024-09-02,29,Success
PAY-016070,CUST-0878,2024-10-02,29,Failed
PAY-016071,CUST-0878,2024-11-01,29,Success
PAY-016072,CUST-0878,2024-12-01,29,Success
PAY-016073,CUST-0878,2024-12-31,29,Success
PAY-016074,CUST-0878,2025-01-30,29,Success
PAY-016075,CUST-0878,2025-03-01,29,Success
PAY-016076,CUST-0878,2025-03-31,29,Success
PAY-016077,CUST-0878,2025-04-30,29,Success
PAY-016078,CUST-0878,2025-05-30,29,Success
PAY-016079,CUST-0878,2025-06-29,29,Success
PAY-016080,CUST-0878,2025-07-29,29,Success
PAY-016081,CUST-0878,2025-08-28,29,Success
PAY-016082,CUST-0878,2025-09-27,29,Failed
PAY-016083,CUST-0878,2025-10-27,29,Success
PAY-016084,CUST-0878,2025-11-26,29,Success
PAY-016085,CUST-0878,2025-12-26,29,Success
PAY-016086,CUST-0878,2026-01-25,29,Success
PAY-016087,CUST-0878,2026-02-24,29,Success
PAY-016088,CUST-0878,2026-03-26,29,Success
PAY-016089,CUST-0878,2026-04-25,29,Success
PAY-016090,CUST-0878,2026-05-25,29,Success
PAY-016091,CUST-0878,2026-06-24,29,Success
PAY-016092,CUST-0879,2025-01-30,99,Success
PAY-016093,CUST-0879,2025-03-01,99,Success
PAY-016094,CUST-0879,2025-03-31,99,Success
PAY-016095,CUST-0879,2025-04-30,99,Success
PAY-016096,CUST-0879,2025-05-30,99,Success
PAY-016097,CUST-0879,2025-06-29,99,Success
PAY-016098,CUST-0879,2025-07-29,99,Success
PAY-016099,CUST-0879,2025-08-28,99,Success
PAY-016100,CUST-0879,2025-09-27,99,Success
PAY-016101,CUST-0879,2025-10-27,99,Success
PAY-016102,CUST-0879,2025-11-26,99,Success
PAY-016103,CUST-0879,2025-12-26,99,Success
PAY-016104,CUST-0879,2026-01-25,99,Success
PAY-016105,CUST-0879,2026-02-24,99,Success
PAY-016106,CUST-0879,2026-03-26,99,Success
PAY-016107,CUST-0879,2026-04-25,99,Success
PAY-016108,CUST-0879,2026-05-25,99,Success
PAY-016109,CUST-0879,2026-06-24,99,Success
PAY-016110,CUST-0880,2024-12-31,99,Success
PAY-016111,CUST-0880,2025-01-30,99,Success
PAY-016112,CUST-0880,2025-03-01,99,Success
PAY-016113,CUST-0880,2025-03-31,99,Success
PAY-016114,CUST-0880,2025-04-30,99,Success
PAY-016115,CUST-0880,2025-05-30,99,Success
PAY-016116,CUST-0880,2025-06-29,99,Success
PAY-016117,CUST-0880,2025-07-29,99,Success
PAY-016118,CUST-0880,2025-08-28,99,Success
PAY-016119,CUST-0880,2025-09-27,99,Success
PAY-016120,CUST-0880,2025-10-27,99,Success
PAY-016121,CUST-0880,2025-11-26,99,Success
PAY-016122,CUST-0880,2025-12-26,99,Success
PAY-016123,CUST-0880,2026-01-25,99,Success
PAY-016124,CUST-0880,2026-02-24,99,Failed
PAY-016125,CUST-0880,2026-03-26,99,Success
PAY-016126,CUST-0880,2026-04-25,99,Success
PAY-016127,CUST-0880,2026-05-25,99,Success
PAY-016128,CUST-0880,2026-06-24,99,Success
PAY-016129,CUST-0881,2024-05-17,99,Success
PAY-016130,CUST-0881,2024-06-16,99,Success
PAY-016131,CUST-0881,2024-07-16,99,Success
PAY-016132,CUST-0881,2024-08-15,99,Success
PAY-016133,CUST-0881,2024-09-14,99,Success
PAY-016134,CUST-0881,2024-10-14,99,Success
PAY-016135,CUST-0881,2024-11-13,99,Success
PAY-016136,CUST-0881,2024-12-13,99,Success
PAY-016137,CUST-0881,2025-01-12,99,Success
PAY-016138,CUST-0881,2025-02-11,99,Success
PAY-016139,CUST-0881,2025-03-13,99,Success
PAY-016140,CUST-0881,2025-04-12,99,Success
PAY-016141,CUST-0881,2025-05-12,99,Success
PAY-016142,CUST-0881,2025-06-11,99,Success
PAY-016143,CUST-0881,2025-07-11,99,Success
PAY-016144,CUST-0881,2025-08-10,99,Failed
PAY-016145,CUST-0881,2025-09-09,99,Success
PAY-016146,CUST-0881,2025-10-09,99,Success
PAY-016147,CUST-0881,2025-11-08,99,Success
PAY-016148,CUST-0881,2025-12-08,99,Success
PAY-016149,CUST-0881,2026-01-07,99,Success
PAY-016150,CUST-0881,2026-02-06,99,Success
PAY-016151,CUST-0881,2026-03-08,99,Success
PAY-016152,CUST-0881,2026-04-07,99,Success
PAY-016153,CUST-0881,2026-05-07,99,Success
PAY-016154,CUST-0881,2026-06-06,99,Success
PAY-016155,CUST-0882,2024-12-30,99,Success
PAY-016156,CUST-0882,2025-01-29,99,Success
PAY-016157,CUST-0882,2025-02-28,99,Success
PAY-016158,CUST-0882,2025-03-30,99,Success
PAY-016159,CUST-0882,2025-04-29,99,Success
PAY-016160,CUST-0882,2025-05-29,99,Success
PAY-016161,CUST-0882,2025-06-28,99,Success
PAY-016162,CUST-0882,2025-07-28,99,Success
PAY-016163,CUST-0882,2025-08-27,99,Success
PAY-016164,CUST-0882,2025-09-26,99,Success
PAY-016165,CUST-0882,2025-10-26,99,Success
PAY-016166,CUST-0882,2025-11-25,99,Success
PAY-016167,CUST-0882,2025-12-25,99,Success
PAY-016168,CUST-0882,2026-01-24,99,Success
PAY-016169,CUST-0882,2026-02-23,99,Success
PAY-016170,CUST-0882,2026-03-25,99,Success
PAY-016171,CUST-0882,2026-04-24,99,Success
PAY-016172,CUST-0882,2026-05-24,99,Success
PAY-016173,CUST-0882,2026-06-23,99,Success
PAY-016174,CUST-0883,2024-06-11,29,Success
PAY-016175,CUST-0883,2024-07-11,29,Success
PAY-016176,CUST-0883,2024-08-10,29,Success
PAY-016177,CUST-0883,2024-09-09,29,Success
PAY-016178,CUST-0883,2024-10-09,29,Failed
PAY-016179,CUST-0883,2024-11-08,29,Success
PAY-016180,CUST-0883,2024-12-08,29,Success
PAY-016181,CUST-0883,2025-01-07,29,Success
PAY-016182,CUST-0883,2025-02-06,29,Success
PAY-016183,CUST-0883,2025-03-08,29,Success
PAY-016184,CUST-0883,2025-04-07,29,Success
PAY-016185,CUST-0883,2025-05-07,29,Success
PAY-016186,CUST-0883,2025-06-06,29,Success
PAY-016187,CUST-0883,2025-07-06,29,Success
PAY-016188,CUST-0883,2025-08-05,29,Success
PAY-016189,CUST-0883,2025-09-04,29,Success
PAY-016190,CUST-0883,2025-10-04,29,Success
PAY-016191,CUST-0883,2025-11-03,29,Success
PAY-016192,CUST-0883,2025-12-03,29,Failed
PAY-016193,CUST-0883,2026-01-02,29,Success
PAY-016194,CUST-0883,2026-02-01,29,Success
PAY-016195,CUST-0883,2026-03-03,29,Success
PAY-016196,CUST-0883,2026-04-02,29,Success
PAY-016197,CUST-0883,2026-05-02,29,Success
PAY-016198,CUST-0883,2026-06-01,29,Success
PAY-016199,CUST-0884,2024-02-16,299,Failed
PAY-016200,CUST-0884,2024-03-17,299,Success
PAY-016201,CUST-0884,2024-04-16,299,Success
PAY-016202,CUST-0884,2024-05-16,299,Success
PAY-016203,CUST-0884,2024-06-15,299,Success
PAY-016204,CUST-0884,2024-07-15,299,Success
PAY-016205,CUST-0884,2024-08-14,299,Success
PAY-016206,CUST-0884,2024-09-13,299,Success
PAY-016207,CUST-0884,2024-10-13,299,Success
PAY-016208,CUST-0884,2024-11-12,299,Success
PAY-016209,CUST-0884,2024-12-12,299,Success
PAY-016210,CUST-0884,2025-01-11,299,Success
PAY-016211,CUST-0884,2025-02-10,299,Success
PAY-016212,CUST-0884,2025-03-12,299,Success
PAY-016213,CUST-0884,2025-04-11,299,Success
PAY-016214,CUST-0884,2025-05-11,299,Success
PAY-016215,CUST-0884,2025-06-10,299,Success
PAY-016216,CUST-0884,2025-07-10,299,Success
PAY-016217,CUST-0884,2025-08-09,299,Success
PAY-016218,CUST-0884,2025-09-08,299,Success
PAY-016219,CUST-0884,2025-10-08,299,Success
PAY-016220,CUST-0884,2025-11-07,299,Success
PAY-016221,CUST-0884,2025-12-07,299,Success
PAY-016222,CUST-0884,2026-01-06,299,Success
PAY-016223,CUST-0884,2026-02-05,299,Success
PAY-016224,CUST-0884,2026-03-07,299,Success
PAY-016225,CUST-0884,2026-04-06,299,Success
PAY-016226,CUST-0884,2026-05-06,299,Success
PAY-016227,CUST-0884,2026-06-05,299,Success
PAY-016228,CUST-0885,2024-08-15,99,Success
PAY-016229,CUST-0885,2024-09-14,99,Success
PAY-016230,CUST-0885,2024-10-14,99,Success
PAY-016231,CUST-0885,2024-11-13,99,Success
PAY-016232,CUST-0885,2024-12-13,99,Success
PAY-016233,CUST-0885,2025-01-12,99,Success
PAY-016234,CUST-0885,2025-02-11,99,Success
PAY-016235,CUST-0885,2025-03-13,99,Success
PAY-016236,CUST-0885,2025-04-12,99,Failed
PAY-016237,CUST-0885,2025-05-12,99,Success
PAY-016238,CUST-0885,2025-06-11,99,Success
PAY-016239,CUST-0885,2025-07-11,99,Success
PAY-016240,CUST-0885,2025-08-10,99,Success
PAY-016241,CUST-0885,2025-09-09,99,Failed
PAY-016242,CUST-0885,2025-10-09,99,Success
PAY-016243,CUST-0885,2025-11-08,99,Success
PAY-016244,CUST-0885,2025-12-08,99,Success
PAY-016245,CUST-0885,2026-01-07,99,Success
PAY-016246,CUST-0885,2026-02-06,99,Success
PAY-016247,CUST-0885,2026-03-08,99,Failed
PAY-016248,CUST-0885,2026-04-07,99,Success
PAY-016249,CUST-0885,2026-05-07,99,Success
PAY-016250,CUST-0885,2026-06-06,99,Success
PAY-016251,CUST-0886,2024-02-22,299,Success
PAY-016252,CUST-0886,2024-03-23,299,Success
PAY-016253,CUST-0886,2024-04-22,299,Success
PAY-016254,CUST-0886,2024-05-22,299,Success
PAY-016255,CUST-0886,2024-06-21,299,Success
PAY-016256,CUST-0886,2024-07-21,299,Success
PAY-016257,CUST-0886,2024-08-20,299,Success
PAY-016258,CUST-0886,2024-09-19,299,Success
PAY-016259,CUST-0886,2024-10-19,299,Success
PAY-016260,CUST-0886,2024-11-18,299,Success
PAY-016261,CUST-0887,2024-04-05,29,Success
PAY-016262,CUST-0887,2024-05-05,29,Failed
PAY-016263,CUST-0887,2024-06-04,29,Success
PAY-016264,CUST-0887,2024-07-04,29,Success
PAY-016265,CUST-0887,2024-08-03,29,Success
PAY-016266,CUST-0887,2024-09-02,29,Success
PAY-016267,CUST-0887,2024-10-02,29,Success
PAY-016268,CUST-0887,2024-11-01,29,Success
PAY-016269,CUST-0887,2024-12-01,29,Success
PAY-016270,CUST-0887,2024-12-31,29,Success
PAY-016271,CUST-0887,2025-01-30,29,Success
PAY-016272,CUST-0887,2025-03-01,29,Success
PAY-016273,CUST-0887,2025-03-31,29,Success
PAY-016274,CUST-0887,2025-04-30,29,Success
PAY-016275,CUST-0887,2025-05-30,29,Success
PAY-016276,CUST-0887,2025-06-29,29,Success
PAY-016277,CUST-0887,2025-07-29,29,Success
PAY-016278,CUST-0887,2025-08-28,29,Success
PAY-016279,CUST-0887,2025-09-27,29,Success
PAY-016280,CUST-0887,2025-10-27,29,Success
PAY-016281,CUST-0887,2025-11-26,29,Success
PAY-016282,CUST-0887,2025-12-26,29,Failed
PAY-016283,CUST-0887,2026-01-25,29,Success
PAY-016284,CUST-0887,2026-02-24,29,Success
PAY-016285,CUST-0887,2026-03-26,29,Success
PAY-016286,CUST-0887,2026-04-25,29,Success
PAY-016287,CUST-0887,2026-05-25,29,Success
PAY-016288,CUST-0887,2026-06-24,29,Success
PAY-016289,CUST-0888,2024-10-12,99,Success
PAY-016290,CUST-0888,2024-11-11,99,Success
PAY-016291,CUST-0889,2024-01-14,99,Success
PAY-016292,CUST-0889,2024-02-13,99,Success
PAY-016293,CUST-0889,2024-03-14,99,Success
PAY-016294,CUST-0889,2024-04-13,99,Success
PAY-016295,CUST-0889,2024-05-13,99,Success
PAY-016296,CUST-0889,2024-06-12,99,Success
PAY-016297,CUST-0889,2024-07-12,99,Success
PAY-016298,CUST-0889,2024-08-11,99,Success
PAY-016299,CUST-0889,2024-09-10,99,Success
PAY-016300,CUST-0889,2024-10-10,99,Success
PAY-016301,CUST-0889,2024-11-09,99,Success
PAY-016302,CUST-0889,2024-12-09,99,Success
PAY-016303,CUST-0889,2025-01-08,99,Success
PAY-016304,CUST-0889,2025-02-07,99,Success
PAY-016305,CUST-0889,2025-03-09,99,Success
PAY-016306,CUST-0889,2025-04-08,99,Failed
PAY-016307,CUST-0889,2025-05-08,99,Success
PAY-016308,CUST-0889,2025-06-07,99,Success
PAY-016309,CUST-0889,2025-07-07,99,Success
PAY-016310,CUST-0889,2025-08-06,99,Success
PAY-016311,CUST-0889,2025-09-05,99,Success
PAY-016312,CUST-0889,2025-10-05,99,Success
PAY-016313,CUST-0889,2025-11-04,99,Success
PAY-016314,CUST-0889,2025-12-04,99,Success
PAY-016315,CUST-0889,2026-01-03,99,Success
PAY-016316,CUST-0889,2026-02-02,99,Success
PAY-016317,CUST-0889,2026-03-04,99,Success
PAY-016318,CUST-0889,2026-04-03,99,Success
PAY-016319,CUST-0889,2026-05-03,99,Success
PAY-016320,CUST-0889,2026-06-02,99,Success
PAY-016321,CUST-0890,2024-10-10,299,Success
PAY-016322,CUST-0890,2024-11-09,299,Success
PAY-016323,CUST-0890,2024-12-09,299,Success
PAY-016324,CUST-0890,2025-01-08,299,Failed
PAY-016325,CUST-0890,2025-02-07,299,Success
PAY-016326,CUST-0890,2025-03-09,299,Success
PAY-016327,CUST-0890,2025-04-08,299,Failed
PAY-016328,CUST-0890,2025-05-08,299,Success
PAY-016329,CUST-0890,2025-06-07,299,Success
PAY-016330,CUST-0890,2025-07-07,299,Success
PAY-016331,CUST-0890,2025-08-06,299,Success
PAY-016332,CUST-0890,2025-09-05,299,Success
PAY-016333,CUST-0890,2025-10-05,299,Success
PAY-016334,CUST-0890,2025-11-04,299,Success
PAY-016335,CUST-0890,2025-12-04,299,Success
PAY-016336,CUST-0890,2026-01-03,299,Success
PAY-016337,CUST-0890,2026-02-02,299,Success
PAY-016338,CUST-0890,2026-03-04,299,Success
PAY-016339,CUST-0890,2026-04-03,299,Success
PAY-016340,CUST-0890,2026-05-03,299,Success
PAY-016341,CUST-0890,2026-06-02,299,Success
PAY-016342,CUST-0891,2025-03-18,29,Success
PAY-016343,CUST-0891,2025-04-17,29,Success
PAY-016344,CUST-0891,2025-05-17,29,Failed
PAY-016345,CUST-0891,2025-06-16,29,Success
PAY-016346,CUST-0891,2025-07-16,29,Success
PAY-016347,CUST-0891,2025-08-15,29,Success
PAY-016348,CUST-0891,2025-09-14,29,Success
PAY-016349,CUST-0891,2025-10-14,29,Success
PAY-016350,CUST-0891,2025-11-13,29,Success
PAY-016351,CUST-0891,2025-12-13,29,Success
PAY-016352,CUST-0891,2026-01-12,29,Success
PAY-016353,CUST-0891,2026-02-11,29,Success
PAY-016354,CUST-0891,2026-03-13,29,Failed
PAY-016355,CUST-0891,2026-04-12,29,Success
PAY-016356,CUST-0891,2026-05-12,29,Success
PAY-016357,CUST-0891,2026-06-11,29,Success
PAY-016358,CUST-0892,2024-05-29,29,Success
PAY-016359,CUST-0892,2024-06-28,29,Success
PAY-016360,CUST-0892,2024-07-28,29,Success
PAY-016361,CUST-0892,2024-08-27,29,Success
PAY-016362,CUST-0893,2025-02-02,299,Success
PAY-016363,CUST-0893,2025-03-04,299,Success
PAY-016364,CUST-0893,2025-04-03,299,Failed
PAY-016365,CUST-0893,2025-05-03,299,Success
PAY-016366,CUST-0893,2025-06-02,299,Success
PAY-016367,CUST-0893,2025-07-02,299,Success
PAY-016368,CUST-0893,2025-08-01,299,Success
PAY-016369,CUST-0893,2025-08-31,299,Success
PAY-016370,CUST-0893,2025-09-30,299,Success
PAY-016371,CUST-0893,2025-10-30,299,Success
PAY-016372,CUST-0893,2025-11-29,299,Success
PAY-016373,CUST-0894,2024-10-19,99,Success
PAY-016374,CUST-0894,2024-11-18,99,Success
PAY-016375,CUST-0894,2024-12-18,99,Success
PAY-016376,CUST-0894,2025-01-17,99,Success
PAY-016377,CUST-0894,2025-02-16,99,Success
PAY-016378,CUST-0894,2025-03-18,99,Success
PAY-016379,CUST-0894,2025-04-17,99,Success
PAY-016380,CUST-0894,2025-05-17,99,Success
PAY-016381,CUST-0894,2025-06-16,99,Success
PAY-016382,CUST-0894,2025-07-16,99,Success
PAY-016383,CUST-0894,2025-08-15,99,Success
PAY-016384,CUST-0894,2025-09-14,99,Success
PAY-016385,CUST-0894,2025-10-14,99,Success
PAY-016386,CUST-0894,2025-11-13,99,Success
PAY-016387,CUST-0894,2025-12-13,99,Success
PAY-016388,CUST-0894,2026-01-12,99,Success
PAY-016389,CUST-0894,2026-02-11,99,Success
PAY-016390,CUST-0894,2026-03-13,99,Success
PAY-016391,CUST-0894,2026-04-12,99,Success
PAY-016392,CUST-0894,2026-05-12,99,Success
PAY-016393,CUST-0894,2026-06-11,99,Success
PAY-016394,CUST-0895,2024-03-27,29,Success
PAY-016395,CUST-0895,2024-04-26,29,Success
PAY-016396,CUST-0895,2024-05-26,29,Success
PAY-016397,CUST-0895,2024-06-25,29,Success
PAY-016398,CUST-0895,2024-07-25,29,Success
PAY-016399,CUST-0895,2024-08-24,29,Success
PAY-016400,CUST-0895,2024-09-23,29,Success
PAY-016401,CUST-0895,2024-10-23,29,Success
PAY-016402,CUST-0895,2024-11-22,29,Success
PAY-016403,CUST-0895,2024-12-22,29,Success
PAY-016404,CUST-0895,2025-01-21,29,Success
PAY-016405,CUST-0895,2025-02-20,29,Success
PAY-016406,CUST-0895,2025-03-22,29,Success
PAY-016407,CUST-0895,2025-04-21,29,Success
PAY-016408,CUST-0895,2025-05-21,29,Success
PAY-016409,CUST-0895,2025-06-20,29,Success
PAY-016410,CUST-0895,2025-07-20,29,Success
PAY-016411,CUST-0895,2025-08-19,29,Success
PAY-016412,CUST-0895,2025-09-18,29,Success
PAY-016413,CUST-0895,2025-10-18,29,Success
PAY-016414,CUST-0895,2025-11-17,29,Success
PAY-016415,CUST-0895,2025-12-17,29,Success
PAY-016416,CUST-0895,2026-01-16,29,Success
PAY-016417,CUST-0895,2026-02-15,29,Success
PAY-016418,CUST-0895,2026-03-17,29,Failed
PAY-016419,CUST-0895,2026-04-16,29,Success
PAY-016420,CUST-0895,2026-05-16,29,Success
PAY-016421,CUST-0895,2026-06-15,29,Success
PAY-016422,CUST-0896,2024-06-03,299,Success
PAY-016423,CUST-0896,2024-07-03,299,Success
PAY-016424,CUST-0896,2024-08-02,299,Success
PAY-016425,CUST-0896,2024-09-01,299,Success
PAY-016426,CUST-0896,2024-10-01,299,Success
PAY-016427,CUST-0896,2024-10-31,299,Success
PAY-016428,CUST-0896,2024-11-30,299,Success
PAY-016429,CUST-0896,2024-12-30,299,Success
PAY-016430,CUST-0896,2025-01-29,299,Success
PAY-016431,CUST-0896,2025-02-28,299,Success
PAY-016432,CUST-0896,2025-03-30,299,Success
PAY-016433,CUST-0896,2025-04-29,299,Success
PAY-016434,CUST-0896,2025-05-29,299,Success
PAY-016435,CUST-0896,2025-06-28,299,Success
PAY-016436,CUST-0896,2025-07-28,299,Success
PAY-016437,CUST-0896,2025-08-27,299,Success
PAY-016438,CUST-0896,2025-09-26,299,Success
PAY-016439,CUST-0896,2025-10-26,299,Success
PAY-016440,CUST-0896,2025-11-25,299,Success
PAY-016441,CUST-0896,2025-12-25,299,Success
PAY-016442,CUST-0896,2026-01-24,299,Success
PAY-016443,CUST-0896,2026-02-23,299,Success
PAY-016444,CUST-0896,2026-03-25,299,Success
PAY-016445,CUST-0896,2026-04-24,299,Success
PAY-016446,CUST-0896,2026-05-24,299,Success
PAY-016447,CUST-0896,2026-06-23,299,Success
PAY-016448,CUST-0897,2024-03-15,29,Success
PAY-016449,CUST-0897,2024-04-14,29,Success
PAY-016450,CUST-0897,2024-05-14,29,Success
PAY-016451,CUST-0897,2024-06-13,29,Success
PAY-016452,CUST-0897,2024-07-13,29,Success
PAY-016453,CUST-0897,2024-08-12,29,Success
PAY-016454,CUST-0897,2024-09-11,29,Success
PAY-016455,CUST-0897,2024-10-11,29,Success
PAY-016456,CUST-0897,2024-11-10,29,Success
PAY-016457,CUST-0897,2024-12-10,29,Success
PAY-016458,CUST-0897,2025-01-09,29,Success
PAY-016459,CUST-0897,2025-02-08,29,Failed
PAY-016460,CUST-0897,2025-03-10,29,Success
PAY-016461,CUST-0897,2025-04-09,29,Success
PAY-016462,CUST-0897,2025-05-09,29,Success
PAY-016463,CUST-0897,2025-06-08,29,Success
PAY-016464,CUST-0897,2025-07-08,29,Success
PAY-016465,CUST-0897,2025-08-07,29,Success
PAY-016466,CUST-0897,2025-09-06,29,Success
PAY-016467,CUST-0897,2025-10-06,29,Success
PAY-016468,CUST-0897,2025-11-05,29,Success
PAY-016469,CUST-0897,2025-12-05,29,Success
PAY-016470,CUST-0897,2026-01-04,29,Success
PAY-016471,CUST-0897,2026-02-03,29,Success
PAY-016472,CUST-0897,2026-03-05,29,Success
PAY-016473,CUST-0897,2026-04-04,29,Success
PAY-016474,CUST-0897,2026-05-04,29,Success
PAY-016475,CUST-0897,2026-06-03,29,Success
PAY-016476,CUST-0898,2024-08-10,99,Failed
PAY-016477,CUST-0898,2024-09-09,99,Success
PAY-016478,CUST-0898,2024-10-09,99,Success
PAY-016479,CUST-0899,2024-06-02,29,Success
PAY-016480,CUST-0899,2024-07-02,29,Success
PAY-016481,CUST-0899,2024-08-01,29,Success
PAY-016482,CUST-0899,2024-08-31,29,Success
PAY-016483,CUST-0899,2024-09-30,29,Success
PAY-016484,CUST-0899,2024-10-30,29,Success
PAY-016485,CUST-0899,2024-11-29,29,Success
PAY-016486,CUST-0899,2024-12-29,29,Success
PAY-016487,CUST-0899,2025-01-28,29,Success
PAY-016488,CUST-0899,2025-02-27,29,Success
PAY-016489,CUST-0899,2025-03-29,29,Success
PAY-016490,CUST-0899,2025-04-28,29,Success
PAY-016491,CUST-0899,2025-05-28,29,Failed
PAY-016492,CUST-0899,2025-06-27,29,Success
PAY-016493,CUST-0899,2025-07-27,29,Success
PAY-016494,CUST-0899,2025-08-26,29,Success
PAY-016495,CUST-0899,2025-09-25,29,Success
PAY-016496,CUST-0899,2025-10-25,29,Success
PAY-016497,CUST-0899,2025-11-24,29,Success
PAY-016498,CUST-0899,2025-12-24,29,Success
PAY-016499,CUST-0899,2026-01-23,29,Success
PAY-016500,CUST-0899,2026-02-22,29,Success
PAY-016501,CUST-0899,2026-03-24,29,Success
PAY-016502,CUST-0899,2026-04-23,29,Success
PAY-016503,CUST-0899,2026-05-23,29,Success
PAY-016504,CUST-0899,2026-06-22,29,Success
PAY-016505,CUST-0900,2024-07-03,99,Success
PAY-016506,CUST-0900,2024-08-02,99,Success
PAY-016507,CUST-0900,2024-09-01,99,Success
PAY-016508,CUST-0900,2024-10-01,99,Success
PAY-016509,CUST-0900,2024-10-31,99,Success
PAY-016510,CUST-0900,2024-11-30,99,Success
PAY-016511,CUST-0900,2024-12-30,99,Success
PAY-016512,CUST-0900,2025-01-29,99,Success
PAY-016513,CUST-0900,2025-02-28,99,Success
PAY-016514,CUST-0900,2025-03-30,99,Success
PAY-016515,CUST-0900,2025-04-29,99,Success
PAY-016516,CUST-0900,2025-05-29,99,Failed
PAY-016517,CUST-0900,2025-06-28,99,Success
PAY-016518,CUST-0900,2025-07-28,99,Success
PAY-016519,CUST-0900,2025-08-27,99,Success
PAY-016520,CUST-0900,2025-09-26,99,Failed
PAY-016521,CUST-0900,2025-10-26,99,Success
PAY-016522,CUST-0900,2025-11-25,99,Success
PAY-016523,CUST-0900,2025-12-25,99,Success
PAY-016524,CUST-0900,2026-01-24,99,Success
PAY-016525,CUST-0900,2026-02-23,99,Success
PAY-016526,CUST-0900,2026-03-25,99,Success
PAY-016527,CUST-0900,2026-04-24,99,Success
PAY-016528,CUST-0900,2026-05-24,99,Success
PAY-016529,CUST-0900,2026-06-23,99,Success
PAY-016530,CUST-0901,2025-01-04,299,Success
PAY-016531,CUST-0901,2025-02-03,299,Success
PAY-016532,CUST-0901,2025-03-05,299,Success
PAY-016533,CUST-0901,2025-04-04,299,Success
PAY-016534,CUST-0901,2025-05-04,299,Success
PAY-016535,CUST-0901,2025-06-03,299,Success
PAY-016536,CUST-0901,2025-07-03,299,Success
PAY-016537,CUST-0901,2025-08-02,299,Success
PAY-016538,CUST-0901,2025-09-01,299,Success
PAY-016539,CUST-0901,2025-10-01,299,Success
PAY-016540,CUST-0901,2025-10-31,299,Success
PAY-016541,CUST-0901,2025-11-30,299,Success
PAY-016542,CUST-0901,2025-12-30,299,Success
PAY-016543,CUST-0901,2026-01-29,299,Success
PAY-016544,CUST-0901,2026-02-28,299,Success
PAY-016545,CUST-0901,2026-03-30,299,Success
PAY-016546,CUST-0901,2026-04-29,299,Success
PAY-016547,CUST-0901,2026-05-29,299,Success
PAY-016548,CUST-0901,2026-06-28,299,Success
PAY-016549,CUST-0902,2024-08-22,29,Success
PAY-016550,CUST-0902,2024-09-21,29,Success
PAY-016551,CUST-0902,2024-10-21,29,Success
PAY-016552,CUST-0902,2024-11-20,29,Success
PAY-016553,CUST-0902,2024-12-20,29,Success
PAY-016554,CUST-0902,2025-01-19,29,Success
PAY-016555,CUST-0902,2025-02-18,29,Success
PAY-016556,CUST-0902,2025-03-20,29,Success
PAY-016557,CUST-0902,2025-04-19,29,Success
PAY-016558,CUST-0902,2025-05-19,29,Success
PAY-016559,CUST-0902,2025-06-18,29,Success
PAY-016560,CUST-0902,2025-07-18,29,Success
PAY-016561,CUST-0902,2025-08-17,29,Success
PAY-016562,CUST-0902,2025-09-16,29,Success
PAY-016563,CUST-0902,2025-10-16,29,Success
PAY-016564,CUST-0902,2025-11-15,29,Success
PAY-016565,CUST-0902,2025-12-15,29,Success
PAY-016566,CUST-0902,2026-01-14,29,Success
PAY-016567,CUST-0902,2026-02-13,29,Success
PAY-016568,CUST-0902,2026-03-15,29,Success
PAY-016569,CUST-0902,2026-04-14,29,Success
PAY-016570,CUST-0902,2026-05-14,29,Success
PAY-016571,CUST-0902,2026-06-13,29,Success
PAY-016572,CUST-0903,2024-06-04,29,Success
PAY-016573,CUST-0903,2024-07-04,29,Success
PAY-016574,CUST-0903,2024-08-03,29,Success
PAY-016575,CUST-0903,2024-09-02,29,Success
PAY-016576,CUST-0903,2024-10-02,29,Success
PAY-016577,CUST-0903,2024-11-01,29,Success
PAY-016578,CUST-0903,2024-12-01,29,Failed
PAY-016579,CUST-0903,2024-12-31,29,Success
PAY-016580,CUST-0903,2025-01-30,29,Success
PAY-016581,CUST-0903,2025-03-01,29,Success
PAY-016582,CUST-0903,2025-03-31,29,Success
PAY-016583,CUST-0903,2025-04-30,29,Success
PAY-016584,CUST-0903,2025-05-30,29,Success
PAY-016585,CUST-0903,2025-06-29,29,Success
PAY-016586,CUST-0903,2025-07-29,29,Success
PAY-016587,CUST-0903,2025-08-28,29,Success
PAY-016588,CUST-0903,2025-09-27,29,Success
PAY-016589,CUST-0903,2025-10-27,29,Success
PAY-016590,CUST-0903,2025-11-26,29,Success
PAY-016591,CUST-0903,2025-12-26,29,Success
PAY-016592,CUST-0903,2026-01-25,29,Success
PAY-016593,CUST-0903,2026-02-24,29,Success
PAY-016594,CUST-0903,2026-03-26,29,Success
PAY-016595,CUST-0903,2026-04-25,29,Success
PAY-016596,CUST-0903,2026-05-25,29,Success
PAY-016597,CUST-0903,2026-06-24,29,Success
PAY-016598,CUST-0904,2024-06-19,29,Success
PAY-016599,CUST-0904,2024-07-19,29,Success
PAY-016600,CUST-0904,2024-08-18,29,Success
PAY-016601,CUST-0904,2024-09-17,29,Success
PAY-016602,CUST-0904,2024-10-17,29,Success
PAY-016603,CUST-0904,2024-11-16,29,Success
PAY-016604,CUST-0904,2024-12-16,29,Success
PAY-016605,CUST-0904,2025-01-15,29,Success
PAY-016606,CUST-0904,2025-02-14,29,Success
PAY-016607,CUST-0904,2025-03-16,29,Success
PAY-016608,CUST-0904,2025-04-15,29,Success
PAY-016609,CUST-0904,2025-05-15,29,Success
PAY-016610,CUST-0904,2025-06-14,29,Success
PAY-016611,CUST-0904,2025-07-14,29,Success
PAY-016612,CUST-0904,2025-08-13,29,Success
PAY-016613,CUST-0904,2025-09-12,29,Success
PAY-016614,CUST-0904,2025-10-12,29,Success
PAY-016615,CUST-0904,2025-11-11,29,Success
PAY-016616,CUST-0904,2025-12-11,29,Success
PAY-016617,CUST-0904,2026-01-10,29,Failed
PAY-016618,CUST-0904,2026-02-09,29,Success
PAY-016619,CUST-0904,2026-03-11,29,Success
PAY-016620,CUST-0904,2026-04-10,29,Success
PAY-016621,CUST-0904,2026-05-10,29,Success
PAY-016622,CUST-0904,2026-06-09,29,Success
PAY-016623,CUST-0905,2024-08-13,29,Success
PAY-016624,CUST-0905,2024-09-12,29,Success
PAY-016625,CUST-0905,2024-10-12,29,Success
PAY-016626,CUST-0905,2024-11-11,29,Success
PAY-016627,CUST-0905,2024-12-11,29,Success
PAY-016628,CUST-0905,2025-01-10,29,Success
PAY-016629,CUST-0905,2025-02-09,29,Success
PAY-016630,CUST-0905,2025-03-11,29,Success
PAY-016631,CUST-0905,2025-04-10,29,Success
PAY-016632,CUST-0905,2025-05-10,29,Success
PAY-016633,CUST-0905,2025-06-09,29,Success
PAY-016634,CUST-0905,2025-07-09,29,Success
PAY-016635,CUST-0905,2025-08-08,29,Success
PAY-016636,CUST-0905,2025-09-07,29,Success
PAY-016637,CUST-0905,2025-10-07,29,Success
PAY-016638,CUST-0905,2025-11-06,29,Success
PAY-016639,CUST-0905,2025-12-06,29,Success
PAY-016640,CUST-0905,2026-01-05,29,Success
PAY-016641,CUST-0905,2026-02-04,29,Success
PAY-016642,CUST-0905,2026-03-06,29,Success
PAY-016643,CUST-0905,2026-04-05,29,Success
PAY-016644,CUST-0905,2026-05-05,29,Success
PAY-016645,CUST-0905,2026-06-04,29,Success
PAY-016646,CUST-0906,2025-02-21,99,Failed
PAY-016647,CUST-0906,2025-03-23,99,Success
PAY-016648,CUST-0906,2025-04-22,99,Success
PAY-016649,CUST-0906,2025-05-22,99,Success
PAY-016650,CUST-0906,2025-06-21,99,Success
PAY-016651,CUST-0906,2025-07-21,99,Success
PAY-016652,CUST-0906,2025-08-20,99,Success
PAY-016653,CUST-0906,2025-09-19,99,Success
PAY-016654,CUST-0906,2025-10-19,99,Success
PAY-016655,CUST-0906,2025-11-18,99,Success
PAY-016656,CUST-0906,2025-12-18,99,Success
PAY-016657,CUST-0906,2026-01-17,99,Success
PAY-016658,CUST-0906,2026-02-16,99,Success
PAY-016659,CUST-0906,2026-03-18,99,Success
PAY-016660,CUST-0906,2026-04-17,99,Success
PAY-016661,CUST-0906,2026-05-17,99,Success
PAY-016662,CUST-0906,2026-06-16,99,Success
PAY-016663,CUST-0907,2024-06-13,29,Success
PAY-016664,CUST-0907,2024-07-13,29,Success
PAY-016665,CUST-0907,2024-08-12,29,Success
PAY-016666,CUST-0907,2024-09-11,29,Success
PAY-016667,CUST-0907,2024-10-11,29,Success
PAY-016668,CUST-0907,2024-11-10,29,Success
PAY-016669,CUST-0907,2024-12-10,29,Success
PAY-016670,CUST-0907,2025-01-09,29,Success
PAY-016671,CUST-0907,2025-02-08,29,Success
PAY-016672,CUST-0907,2025-03-10,29,Success
PAY-016673,CUST-0908,2024-06-09,299,Success
PAY-016674,CUST-0908,2024-07-09,299,Success
PAY-016675,CUST-0908,2024-08-08,299,Success
PAY-016676,CUST-0908,2024-09-07,299,Success
PAY-016677,CUST-0908,2024-10-07,299,Success
PAY-016678,CUST-0908,2024-11-06,299,Success
PAY-016679,CUST-0908,2024-12-06,299,Success
PAY-016680,CUST-0908,2025-01-05,299,Success
PAY-016681,CUST-0908,2025-02-04,299,Success
PAY-016682,CUST-0908,2025-03-06,299,Success
PAY-016683,CUST-0908,2025-04-05,299,Success
PAY-016684,CUST-0908,2025-05-05,299,Success
PAY-016685,CUST-0908,2025-06-04,299,Success
PAY-016686,CUST-0908,2025-07-04,299,Success
PAY-016687,CUST-0908,2025-08-03,299,Success
PAY-016688,CUST-0908,2025-09-02,299,Success
PAY-016689,CUST-0908,2025-10-02,299,Success
PAY-016690,CUST-0908,2025-11-01,299,Success
PAY-016691,CUST-0908,2025-12-01,299,Success
PAY-016692,CUST-0908,2025-12-31,299,Success
PAY-016693,CUST-0908,2026-01-30,299,Success
PAY-016694,CUST-0908,2026-03-01,299,Success
PAY-016695,CUST-0908,2026-03-31,299,Success
PAY-016696,CUST-0908,2026-04-30,299,Success
PAY-016697,CUST-0908,2026-05-30,299,Success
PAY-016698,CUST-0908,2026-06-29,299,Success
PAY-016699,CUST-0909,2025-05-10,99,Success
PAY-016700,CUST-0909,2025-06-09,99,Success
PAY-016701,CUST-0910,2025-01-11,29,Success
PAY-016702,CUST-0910,2025-02-10,29,Success
PAY-016703,CUST-0910,2025-03-12,29,Success
PAY-016704,CUST-0910,2025-04-11,29,Success
PAY-016705,CUST-0910,2025-05-11,29,Success
PAY-016706,CUST-0910,2025-06-10,29,Success
PAY-016707,CUST-0910,2025-07-10,29,Success
PAY-016708,CUST-0910,2025-08-09,29,Success
PAY-016709,CUST-0910,2025-09-08,29,Success
PAY-016710,CUST-0911,2024-06-15,29,Success
PAY-016711,CUST-0911,2024-07-15,29,Success
PAY-016712,CUST-0911,2024-08-14,29,Success
PAY-016713,CUST-0911,2024-09-13,29,Success
PAY-016714,CUST-0911,2024-10-13,29,Success
PAY-016715,CUST-0911,2024-11-12,29,Success
PAY-016716,CUST-0911,2024-12-12,29,Success
PAY-016717,CUST-0911,2025-01-11,29,Success
PAY-016718,CUST-0911,2025-02-10,29,Success
PAY-016719,CUST-0911,2025-03-12,29,Success
PAY-016720,CUST-0911,2025-04-11,29,Success
PAY-016721,CUST-0911,2025-05-11,29,Success
PAY-016722,CUST-0911,2025-06-10,29,Success
PAY-016723,CUST-0911,2025-07-10,29,Success
PAY-016724,CUST-0911,2025-08-09,29,Success
PAY-016725,CUST-0911,2025-09-08,29,Success
PAY-016726,CUST-0911,2025-10-08,29,Success
PAY-016727,CUST-0911,2025-11-07,29,Success
PAY-016728,CUST-0911,2025-12-07,29,Failed
PAY-016729,CUST-0911,2026-01-06,29,Success
PAY-016730,CUST-0911,2026-02-05,29,Failed
PAY-016731,CUST-0911,2026-03-07,29,Success
PAY-016732,CUST-0911,2026-04-06,29,Success
PAY-016733,CUST-0911,2026-05-06,29,Success
PAY-016734,CUST-0911,2026-06-05,29,Failed
PAY-016735,CUST-0912,2025-02-22,29,Success
PAY-016736,CUST-0912,2025-03-24,29,Failed
PAY-016737,CUST-0912,2025-04-23,29,Success
PAY-016738,CUST-0912,2025-05-23,29,Success
PAY-016739,CUST-0912,2025-06-22,29,Success
PAY-016740,CUST-0912,2025-07-22,29,Success
PAY-016741,CUST-0912,2025-08-21,29,Success
PAY-016742,CUST-0912,2025-09-20,29,Success
PAY-016743,CUST-0912,2025-10-20,29,Success
PAY-016744,CUST-0912,2025-11-19,29,Success
PAY-016745,CUST-0912,2025-12-19,29,Success
PAY-016746,CUST-0912,2026-01-18,29,Success
PAY-016747,CUST-0912,2026-02-17,29,Success
PAY-016748,CUST-0912,2026-03-19,29,Success
PAY-016749,CUST-0912,2026-04-18,29,Success
PAY-016750,CUST-0912,2026-05-18,29,Success
PAY-016751,CUST-0912,2026-06-17,29,Success
PAY-016752,CUST-0913,2024-02-28,99,Success
PAY-016753,CUST-0913,2024-03-29,99,Failed
PAY-016754,CUST-0913,2024-04-28,99,Success
PAY-016755,CUST-0913,2024-05-28,99,Success
PAY-016756,CUST-0913,2024-06-27,99,Success
PAY-016757,CUST-0913,2024-07-27,99,Success
PAY-016758,CUST-0913,2024-08-26,99,Success
PAY-016759,CUST-0913,2024-09-25,99,Success
PAY-016760,CUST-0913,2024-10-25,99,Failed
PAY-016761,CUST-0913,2024-11-24,99,Success
PAY-016762,CUST-0913,2024-12-24,99,Failed
PAY-016763,CUST-0913,2025-01-23,99,Success
PAY-016764,CUST-0913,2025-02-22,99,Success
PAY-016765,CUST-0913,2025-03-24,99,Success
PAY-016766,CUST-0913,2025-04-23,99,Success
PAY-016767,CUST-0913,2025-05-23,99,Success
PAY-016768,CUST-0913,2025-06-22,99,Success
PAY-016769,CUST-0913,2025-07-22,99,Success
PAY-016770,CUST-0913,2025-08-21,99,Success
PAY-016771,CUST-0913,2025-09-20,99,Success
PAY-016772,CUST-0913,2025-10-20,99,Success
PAY-016773,CUST-0913,2025-11-19,99,Success
PAY-016774,CUST-0913,2025-12-19,99,Success
PAY-016775,CUST-0913,2026-01-18,99,Success
PAY-016776,CUST-0913,2026-02-17,99,Success
PAY-016777,CUST-0913,2026-03-19,99,Success
PAY-016778,CUST-0913,2026-04-18,99,Success
PAY-016779,CUST-0913,2026-05-18,99,Success
PAY-016780,CUST-0913,2026-06-17,99,Success
PAY-016781,CUST-0914,2024-12-15,299,Success
PAY-016782,CUST-0914,2025-01-14,299,Success
PAY-016783,CUST-0914,2025-02-13,299,Success
PAY-016784,CUST-0914,2025-03-15,299,Success
PAY-016785,CUST-0914,2025-04-14,299,Success
PAY-016786,CUST-0914,2025-05-14,299,Success
PAY-016787,CUST-0914,2025-06-13,299,Success
PAY-016788,CUST-0914,2025-07-13,299,Success
PAY-016789,CUST-0914,2025-08-12,299,Success
PAY-016790,CUST-0914,2025-09-11,299,Success
PAY-016791,CUST-0914,2025-10-11,299,Success
PAY-016792,CUST-0914,2025-11-10,299,Success
PAY-016793,CUST-0914,2025-12-10,299,Success
PAY-016794,CUST-0914,2026-01-09,299,Success
PAY-016795,CUST-0914,2026-02-08,299,Success
PAY-016796,CUST-0914,2026-03-10,299,Success
PAY-016797,CUST-0914,2026-04-09,299,Success
PAY-016798,CUST-0914,2026-05-09,299,Success
PAY-016799,CUST-0914,2026-06-08,299,Success
PAY-016800,CUST-0915,2025-04-27,99,Success
PAY-016801,CUST-0915,2025-05-27,99,Success
PAY-016802,CUST-0915,2025-06-26,99,Success
PAY-016803,CUST-0915,2025-07-26,99,Success
PAY-016804,CUST-0915,2025-08-25,99,Success
PAY-016805,CUST-0915,2025-09-24,99,Success
PAY-016806,CUST-0915,2025-10-24,99,Success
PAY-016807,CUST-0915,2025-11-23,99,Success
PAY-016808,CUST-0915,2025-12-23,99,Success
PAY-016809,CUST-0915,2026-01-22,99,Success
PAY-016810,CUST-0915,2026-02-21,99,Success
PAY-016811,CUST-0915,2026-03-23,99,Success
PAY-016812,CUST-0915,2026-04-22,99,Success
PAY-016813,CUST-0915,2026-05-22,99,Success
PAY-016814,CUST-0915,2026-06-21,99,Success
PAY-016815,CUST-0916,2025-02-12,99,Success
PAY-016816,CUST-0916,2025-03-14,99,Success
PAY-016817,CUST-0916,2025-04-13,99,Success
PAY-016818,CUST-0916,2025-05-13,99,Success
PAY-016819,CUST-0916,2025-06-12,99,Success
PAY-016820,CUST-0916,2025-07-12,99,Success
PAY-016821,CUST-0916,2025-08-11,99,Success
PAY-016822,CUST-0916,2025-09-10,99,Success
PAY-016823,CUST-0917,2025-02-23,299,Success
PAY-016824,CUST-0917,2025-03-25,299,Success
PAY-016825,CUST-0917,2025-04-24,299,Success
PAY-016826,CUST-0917,2025-05-24,299,Success
PAY-016827,CUST-0917,2025-06-23,299,Success
PAY-016828,CUST-0918,2024-03-12,299,Success
PAY-016829,CUST-0918,2024-04-11,299,Success
PAY-016830,CUST-0918,2024-05-11,299,Success
PAY-016831,CUST-0918,2024-06-10,299,Success
PAY-016832,CUST-0918,2024-07-10,299,Success
PAY-016833,CUST-0918,2024-08-09,299,Success
PAY-016834,CUST-0918,2024-09-08,299,Success
PAY-016835,CUST-0918,2024-10-08,299,Success
PAY-016836,CUST-0918,2024-11-07,299,Success
PAY-016837,CUST-0918,2024-12-07,299,Success
PAY-016838,CUST-0918,2025-01-06,299,Success
PAY-016839,CUST-0918,2025-02-05,299,Success
PAY-016840,CUST-0918,2025-03-07,299,Success
PAY-016841,CUST-0918,2025-04-06,299,Success
PAY-016842,CUST-0918,2025-05-06,299,Success
PAY-016843,CUST-0918,2025-06-05,299,Success
PAY-016844,CUST-0918,2025-07-05,299,Success
PAY-016845,CUST-0918,2025-08-04,299,Success
PAY-016846,CUST-0918,2025-09-03,299,Success
PAY-016847,CUST-0918,2025-10-03,299,Success
PAY-016848,CUST-0918,2025-11-02,299,Success
PAY-016849,CUST-0918,2025-12-02,299,Success
PAY-016850,CUST-0918,2026-01-01,299,Success
PAY-016851,CUST-0918,2026-01-31,299,Success
PAY-016852,CUST-0918,2026-03-02,299,Success
PAY-016853,CUST-0918,2026-04-01,299,Success
PAY-016854,CUST-0918,2026-05-01,299,Success
PAY-016855,CUST-0918,2026-05-31,299,Success
PAY-016856,CUST-0918,2026-06-30,299,Success
PAY-016857,CUST-0919,2024-05-09,99,Success
PAY-016858,CUST-0919,2024-06-08,99,Success
PAY-016859,CUST-0919,2024-07-08,99,Success
PAY-016860,CUST-0919,2024-08-07,99,Success
PAY-016861,CUST-0919,2024-09-06,99,Success
PAY-016862,CUST-0919,2024-10-06,99,Success
PAY-016863,CUST-0919,2024-11-05,99,Success
PAY-016864,CUST-0919,2024-12-05,99,Success
PAY-016865,CUST-0919,2025-01-04,99,Success
PAY-016866,CUST-0919,2025-02-03,99,Success
PAY-016867,CUST-0919,2025-03-05,99,Success
PAY-016868,CUST-0919,2025-04-04,99,Success
PAY-016869,CUST-0919,2025-05-04,99,Success
PAY-016870,CUST-0919,2025-06-03,99,Success
PAY-016871,CUST-0919,2025-07-03,99,Success
PAY-016872,CUST-0919,2025-08-02,99,Success
PAY-016873,CUST-0919,2025-09-01,99,Success
PAY-016874,CUST-0919,2025-10-01,99,Success
PAY-016875,CUST-0919,2025-10-31,99,Success
PAY-016876,CUST-0919,2025-11-30,99,Success
PAY-016877,CUST-0919,2025-12-30,99,Success
PAY-016878,CUST-0919,2026-01-29,99,Success
PAY-016879,CUST-0919,2026-02-28,99,Success
PAY-016880,CUST-0919,2026-03-30,99,Success
PAY-016881,CUST-0919,2026-04-29,99,Success
PAY-016882,CUST-0919,2026-05-29,99,Success
PAY-016883,CUST-0919,2026-06-28,99,Success
PAY-016884,CUST-0920,2025-02-08,99,Success
PAY-016885,CUST-0920,2025-03-10,99,Failed
PAY-016886,CUST-0920,2025-04-09,99,Success
PAY-016887,CUST-0920,2025-05-09,99,Success
PAY-016888,CUST-0920,2025-06-08,99,Success
PAY-016889,CUST-0920,2025-07-08,99,Success
PAY-016890,CUST-0921,2024-08-17,29,Success
PAY-016891,CUST-0921,2024-09-16,29,Success
PAY-016892,CUST-0921,2024-10-16,29,Success
PAY-016893,CUST-0921,2024-11-15,29,Success
PAY-016894,CUST-0921,2024-12-15,29,Success
PAY-016895,CUST-0922,2024-09-30,99,Success
PAY-016896,CUST-0922,2024-10-30,99,Success
PAY-016897,CUST-0922,2024-11-29,99,Success
PAY-016898,CUST-0922,2024-12-29,99,Success
PAY-016899,CUST-0922,2025-01-28,99,Success
PAY-016900,CUST-0922,2025-02-27,99,Success
PAY-016901,CUST-0922,2025-03-29,99,Success
PAY-016902,CUST-0922,2025-04-28,99,Success
PAY-016903,CUST-0923,2025-02-08,299,Success
PAY-016904,CUST-0923,2025-03-10,299,Success
PAY-016905,CUST-0923,2025-04-09,299,Success
PAY-016906,CUST-0923,2025-05-09,299,Success
PAY-016907,CUST-0923,2025-06-08,299,Success
PAY-016908,CUST-0923,2025-07-08,299,Success
PAY-016909,CUST-0923,2025-08-07,299,Success
PAY-016910,CUST-0923,2025-09-06,299,Success
PAY-016911,CUST-0923,2025-10-06,299,Success
PAY-016912,CUST-0923,2025-11-05,299,Success
PAY-016913,CUST-0923,2025-12-05,299,Success
PAY-016914,CUST-0923,2026-01-04,299,Success
PAY-016915,CUST-0923,2026-02-03,299,Success
PAY-016916,CUST-0923,2026-03-05,299,Success
PAY-016917,CUST-0923,2026-04-04,299,Success
PAY-016918,CUST-0923,2026-05-04,299,Success
PAY-016919,CUST-0923,2026-06-03,299,Success
PAY-016920,CUST-0924,2024-02-25,29,Success
PAY-016921,CUST-0924,2024-03-26,29,Success
PAY-016922,CUST-0924,2024-04-25,29,Success
PAY-016923,CUST-0924,2024-05-25,29,Success
PAY-016924,CUST-0924,2024-06-24,29,Success
PAY-016925,CUST-0924,2024-07-24,29,Success
PAY-016926,CUST-0924,2024-08-23,29,Success
PAY-016927,CUST-0924,2024-09-22,29,Success
PAY-016928,CUST-0924,2024-10-22,29,Success
PAY-016929,CUST-0924,2024-11-21,29,Success
PAY-016930,CUST-0924,2024-12-21,29,Failed
PAY-016931,CUST-0924,2025-01-20,29,Success
PAY-016932,CUST-0924,2025-02-19,29,Success
PAY-016933,CUST-0924,2025-03-21,29,Success
PAY-016934,CUST-0924,2025-04-20,29,Success
PAY-016935,CUST-0924,2025-05-20,29,Success
PAY-016936,CUST-0924,2025-06-19,29,Success
PAY-016937,CUST-0924,2025-07-19,29,Success
PAY-016938,CUST-0924,2025-08-18,29,Success
PAY-016939,CUST-0924,2025-09-17,29,Success
PAY-016940,CUST-0924,2025-10-17,29,Success
PAY-016941,CUST-0924,2025-11-16,29,Success
PAY-016942,CUST-0924,2025-12-16,29,Success
PAY-016943,CUST-0924,2026-01-15,29,Success
PAY-016944,CUST-0924,2026-02-14,29,Success
PAY-016945,CUST-0924,2026-03-16,29,Success
PAY-016946,CUST-0924,2026-04-15,29,Success
PAY-016947,CUST-0924,2026-05-15,29,Failed
PAY-016948,CUST-0924,2026-06-14,29,Success
PAY-016949,CUST-0925,2024-03-26,99,Success
PAY-016950,CUST-0925,2024-04-25,99,Success
PAY-016951,CUST-0925,2024-05-25,99,Success
PAY-016952,CUST-0925,2024-06-24,99,Success
PAY-016953,CUST-0925,2024-07-24,99,Success
PAY-016954,CUST-0925,2024-08-23,99,Success
PAY-016955,CUST-0925,2024-09-22,99,Success
PAY-016956,CUST-0925,2024-10-22,99,Success
PAY-016957,CUST-0925,2024-11-21,99,Success
PAY-016958,CUST-0925,2024-12-21,99,Success
PAY-016959,CUST-0925,2025-01-20,99,Success
PAY-016960,CUST-0925,2025-02-19,99,Success
PAY-016961,CUST-0925,2025-03-21,99,Success
PAY-016962,CUST-0925,2025-04-20,99,Success
PAY-016963,CUST-0925,2025-05-20,99,Success
PAY-016964,CUST-0925,2025-06-19,99,Success
PAY-016965,CUST-0925,2025-07-19,99,Success
PAY-016966,CUST-0925,2025-08-18,99,Success
PAY-016967,CUST-0925,2025-09-17,99,Failed
PAY-016968,CUST-0925,2025-10-17,99,Success
PAY-016969,CUST-0925,2025-11-16,99,Failed
PAY-016970,CUST-0925,2025-12-16,99,Success
PAY-016971,CUST-0925,2026-01-15,99,Success
PAY-016972,CUST-0925,2026-02-14,99,Success
PAY-016973,CUST-0925,2026-03-16,99,Success
PAY-016974,CUST-0925,2026-04-15,99,Success
PAY-016975,CUST-0925,2026-05-15,99,Success
PAY-016976,CUST-0925,2026-06-14,99,Success
PAY-016977,CUST-0926,2025-05-10,29,Success
PAY-016978,CUST-0926,2025-06-09,29,Success
PAY-016979,CUST-0926,2025-07-09,29,Success
PAY-016980,CUST-0926,2025-08-08,29,Success
PAY-016981,CUST-0926,2025-09-07,29,Success
PAY-016982,CUST-0926,2025-10-07,29,Success
PAY-016983,CUST-0926,2025-11-06,29,Success
PAY-016984,CUST-0926,2025-12-06,29,Success
PAY-016985,CUST-0926,2026-01-05,29,Success
PAY-016986,CUST-0926,2026-02-04,29,Success
PAY-016987,CUST-0926,2026-03-06,29,Success
PAY-016988,CUST-0926,2026-04-05,29,Success
PAY-016989,CUST-0926,2026-05-05,29,Success
PAY-016990,CUST-0926,2026-06-04,29,Success
PAY-016991,CUST-0927,2024-02-24,29,Success
PAY-016992,CUST-0927,2024-03-25,29,Success
PAY-016993,CUST-0927,2024-04-24,29,Success
PAY-016994,CUST-0927,2024-05-24,29,Success
PAY-016995,CUST-0927,2024-06-23,29,Success
PAY-016996,CUST-0927,2024-07-23,29,Success
PAY-016997,CUST-0927,2024-08-22,29,Success
PAY-016998,CUST-0927,2024-09-21,29,Success
PAY-016999,CUST-0927,2024-10-21,29,Success
PAY-017000,CUST-0927,2024-11-20,29,Success
PAY-017001,CUST-0927,2024-12-20,29,Success
PAY-017002,CUST-0927,2025-01-19,29,Success
PAY-017003,CUST-0927,2025-02-18,29,Success
PAY-017004,CUST-0927,2025-03-20,29,Success
PAY-017005,CUST-0927,2025-04-19,29,Success
PAY-017006,CUST-0927,2025-05-19,29,Success
PAY-017007,CUST-0927,2025-06-18,29,Success
PAY-017008,CUST-0927,2025-07-18,29,Success
PAY-017009,CUST-0927,2025-08-17,29,Success
PAY-017010,CUST-0927,2025-09-16,29,Success
PAY-017011,CUST-0927,2025-10-16,29,Success
PAY-017012,CUST-0927,2025-11-15,29,Success
PAY-017013,CUST-0927,2025-12-15,29,Success
PAY-017014,CUST-0927,2026-01-14,29,Success
PAY-017015,CUST-0927,2026-02-13,29,Success
PAY-017016,CUST-0927,2026-03-15,29,Success
PAY-017017,CUST-0927,2026-04-14,29,Success
PAY-017018,CUST-0927,2026-05-14,29,Success
PAY-017019,CUST-0927,2026-06-13,29,Success
PAY-017020,CUST-0928,2024-05-12,99,Success
PAY-017021,CUST-0928,2024-06-11,99,Success
PAY-017022,CUST-0928,2024-07-11,99,Success
PAY-017023,CUST-0928,2024-08-10,99,Success
PAY-017024,CUST-0928,2024-09-09,99,Success
PAY-017025,CUST-0928,2024-10-09,99,Success
PAY-017026,CUST-0928,2024-11-08,99,Success
PAY-017027,CUST-0928,2024-12-08,99,Success
PAY-017028,CUST-0928,2025-01-07,99,Success
PAY-017029,CUST-0928,2025-02-06,99,Success
PAY-017030,CUST-0928,2025-03-08,99,Success
PAY-017031,CUST-0928,2025-04-07,99,Success
PAY-017032,CUST-0928,2025-05-07,99,Success
PAY-017033,CUST-0928,2025-06-06,99,Success
PAY-017034,CUST-0928,2025-07-06,99,Success
PAY-017035,CUST-0928,2025-08-05,99,Success
PAY-017036,CUST-0928,2025-09-04,99,Success
PAY-017037,CUST-0928,2025-10-04,99,Success
PAY-017038,CUST-0928,2025-11-03,99,Success
PAY-017039,CUST-0928,2025-12-03,99,Success
PAY-017040,CUST-0928,2026-01-02,99,Success
PAY-017041,CUST-0928,2026-02-01,99,Success
PAY-017042,CUST-0928,2026-03-03,99,Success
PAY-017043,CUST-0928,2026-04-02,99,Success
PAY-017044,CUST-0928,2026-05-02,99,Success
PAY-017045,CUST-0928,2026-06-01,99,Success
PAY-017046,CUST-0929,2024-08-16,99,Success
PAY-017047,CUST-0929,2024-09-15,99,Success
PAY-017048,CUST-0929,2024-10-15,99,Success
PAY-017049,CUST-0929,2024-11-14,99,Success
PAY-017050,CUST-0929,2024-12-14,99,Success
PAY-017051,CUST-0929,2025-01-13,99,Success
PAY-017052,CUST-0929,2025-02-12,99,Failed
PAY-017053,CUST-0929,2025-03-14,99,Success
PAY-017054,CUST-0929,2025-04-13,99,Success
PAY-017055,CUST-0929,2025-05-13,99,Success
PAY-017056,CUST-0929,2025-06-12,99,Success
PAY-017057,CUST-0929,2025-07-12,99,Success
PAY-017058,CUST-0929,2025-08-11,99,Success
PAY-017059,CUST-0929,2025-09-10,99,Success
PAY-017060,CUST-0929,2025-10-10,99,Success
PAY-017061,CUST-0929,2025-11-09,99,Success
PAY-017062,CUST-0929,2025-12-09,99,Success
PAY-017063,CUST-0929,2026-01-08,99,Success
PAY-017064,CUST-0929,2026-02-07,99,Success
PAY-017065,CUST-0929,2026-03-09,99,Success
PAY-017066,CUST-0929,2026-04-08,99,Success
PAY-017067,CUST-0929,2026-05-08,99,Success
PAY-017068,CUST-0929,2026-06-07,99,Success
PAY-017069,CUST-0930,2024-08-25,29,Success
PAY-017070,CUST-0930,2024-09-24,29,Success
PAY-017071,CUST-0930,2024-10-24,29,Success
PAY-017072,CUST-0930,2024-11-23,29,Success
PAY-017073,CUST-0930,2024-12-23,29,Success
PAY-017074,CUST-0930,2025-01-22,29,Success
PAY-017075,CUST-0930,2025-02-21,29,Success
PAY-017076,CUST-0930,2025-03-23,29,Success
PAY-017077,CUST-0930,2025-04-22,29,Success
PAY-017078,CUST-0930,2025-05-22,29,Success
PAY-017079,CUST-0930,2025-06-21,29,Success
PAY-017080,CUST-0930,2025-07-21,29,Success
PAY-017081,CUST-0930,2025-08-20,29,Success
PAY-017082,CUST-0930,2025-09-19,29,Success
PAY-017083,CUST-0930,2025-10-19,29,Success
PAY-017084,CUST-0930,2025-11-18,29,Success
PAY-017085,CUST-0930,2025-12-18,29,Success
PAY-017086,CUST-0930,2026-01-17,29,Success
PAY-017087,CUST-0930,2026-02-16,29,Success
PAY-017088,CUST-0930,2026-03-18,29,Success
PAY-017089,CUST-0930,2026-04-17,29,Success
PAY-017090,CUST-0930,2026-05-17,29,Success
PAY-017091,CUST-0930,2026-06-16,29,Success
PAY-017092,CUST-0931,2024-01-13,99,Success
PAY-017093,CUST-0931,2024-02-12,99,Success
PAY-017094,CUST-0931,2024-03-13,99,Success
PAY-017095,CUST-0931,2024-04-12,99,Failed
PAY-017096,CUST-0931,2024-05-12,99,Success
PAY-017097,CUST-0931,2024-06-11,99,Success
PAY-017098,CUST-0931,2024-07-11,99,Success
PAY-017099,CUST-0931,2024-08-10,99,Success
PAY-017100,CUST-0931,2024-09-09,99,Success
PAY-017101,CUST-0931,2024-10-09,99,Success
PAY-017102,CUST-0931,2024-11-08,99,Success
PAY-017103,CUST-0931,2024-12-08,99,Success
PAY-017104,CUST-0931,2025-01-07,99,Success
PAY-017105,CUST-0931,2025-02-06,99,Failed
PAY-017106,CUST-0931,2025-03-08,99,Success
PAY-017107,CUST-0931,2025-04-07,99,Success
PAY-017108,CUST-0931,2025-05-07,99,Success
PAY-017109,CUST-0931,2025-06-06,99,Success
PAY-017110,CUST-0931,2025-07-06,99,Success
PAY-017111,CUST-0931,2025-08-05,99,Success
PAY-017112,CUST-0931,2025-09-04,99,Success
PAY-017113,CUST-0931,2025-10-04,99,Success
PAY-017114,CUST-0931,2025-11-03,99,Success
PAY-017115,CUST-0931,2025-12-03,99,Success
PAY-017116,CUST-0931,2026-01-02,99,Success
PAY-017117,CUST-0931,2026-02-01,99,Success
PAY-017118,CUST-0931,2026-03-03,99,Success
PAY-017119,CUST-0931,2026-04-02,99,Success
PAY-017120,CUST-0931,2026-05-02,99,Success
PAY-017121,CUST-0931,2026-06-01,99,Success
PAY-017122,CUST-0932,2024-05-31,29,Success
PAY-017123,CUST-0932,2024-06-30,29,Success
PAY-017124,CUST-0932,2024-07-30,29,Success
PAY-017125,CUST-0932,2024-08-29,29,Success
PAY-017126,CUST-0932,2024-09-28,29,Success
PAY-017127,CUST-0932,2024-10-28,29,Success
PAY-017128,CUST-0932,2024-11-27,29,Success
PAY-017129,CUST-0932,2024-12-27,29,Success
PAY-017130,CUST-0932,2025-01-26,29,Success
PAY-017131,CUST-0932,2025-02-25,29,Success
PAY-017132,CUST-0932,2025-03-27,29,Success
PAY-017133,CUST-0932,2025-04-26,29,Failed
PAY-017134,CUST-0932,2025-05-26,29,Success
PAY-017135,CUST-0932,2025-06-25,29,Success
PAY-017136,CUST-0932,2025-07-25,29,Success
PAY-017137,CUST-0932,2025-08-24,29,Success
PAY-017138,CUST-0932,2025-09-23,29,Success
PAY-017139,CUST-0932,2025-10-23,29,Success
PAY-017140,CUST-0932,2025-11-22,29,Success
PAY-017141,CUST-0932,2025-12-22,29,Success
PAY-017142,CUST-0932,2026-01-21,29,Success
PAY-017143,CUST-0932,2026-02-20,29,Success
PAY-017144,CUST-0932,2026-03-22,29,Success
PAY-017145,CUST-0932,2026-04-21,29,Success
PAY-017146,CUST-0932,2026-05-21,29,Success
PAY-017147,CUST-0932,2026-06-20,29,Success
PAY-017148,CUST-0933,2024-02-29,299,Success
PAY-017149,CUST-0933,2024-03-30,299,Success
PAY-017150,CUST-0933,2024-04-29,299,Success
PAY-017151,CUST-0933,2024-05-29,299,Success
PAY-017152,CUST-0933,2024-06-28,299,Success
PAY-017153,CUST-0933,2024-07-28,299,Success
PAY-017154,CUST-0933,2024-08-27,299,Success
PAY-017155,CUST-0933,2024-09-26,299,Success
PAY-017156,CUST-0933,2024-10-26,299,Success
PAY-017157,CUST-0933,2024-11-25,299,Success
PAY-017158,CUST-0933,2024-12-25,299,Failed
PAY-017159,CUST-0933,2025-01-24,299,Success
PAY-017160,CUST-0933,2025-02-23,299,Success
PAY-017161,CUST-0933,2025-03-25,299,Success
PAY-017162,CUST-0933,2025-04-24,299,Success
PAY-017163,CUST-0933,2025-05-24,299,Success
PAY-017164,CUST-0933,2025-06-23,299,Success
PAY-017165,CUST-0933,2025-07-23,299,Success
PAY-017166,CUST-0933,2025-08-22,299,Success
PAY-017167,CUST-0933,2025-09-21,299,Success
PAY-017168,CUST-0933,2025-10-21,299,Success
PAY-017169,CUST-0933,2025-11-20,299,Success
PAY-017170,CUST-0933,2025-12-20,299,Success
PAY-017171,CUST-0933,2026-01-19,299,Success
PAY-017172,CUST-0933,2026-02-18,299,Success
PAY-017173,CUST-0933,2026-03-20,299,Success
PAY-017174,CUST-0933,2026-04-19,299,Success
PAY-017175,CUST-0933,2026-05-19,299,Success
PAY-017176,CUST-0933,2026-06-18,299,Success
PAY-017177,CUST-0934,2024-06-08,29,Success
PAY-017178,CUST-0934,2024-07-08,29,Success
PAY-017179,CUST-0934,2024-08-07,29,Success
PAY-017180,CUST-0934,2024-09-06,29,Success
PAY-017181,CUST-0934,2024-10-06,29,Success
PAY-017182,CUST-0934,2024-11-05,29,Success
PAY-017183,CUST-0934,2024-12-05,29,Success
PAY-017184,CUST-0934,2025-01-04,29,Failed
PAY-017185,CUST-0934,2025-02-03,29,Success
PAY-017186,CUST-0934,2025-03-05,29,Success
PAY-017187,CUST-0934,2025-04-04,29,Success
PAY-017188,CUST-0934,2025-05-04,29,Success
PAY-017189,CUST-0934,2025-06-03,29,Success
PAY-017190,CUST-0934,2025-07-03,29,Success
PAY-017191,CUST-0934,2025-08-02,29,Success
PAY-017192,CUST-0934,2025-09-01,29,Success
PAY-017193,CUST-0934,2025-10-01,29,Success
PAY-017194,CUST-0934,2025-10-31,29,Success
PAY-017195,CUST-0934,2025-11-30,29,Success
PAY-017196,CUST-0934,2025-12-30,29,Success
PAY-017197,CUST-0934,2026-01-29,29,Success
PAY-017198,CUST-0934,2026-02-28,29,Success
PAY-017199,CUST-0934,2026-03-30,29,Success
PAY-017200,CUST-0934,2026-04-29,29,Success
PAY-017201,CUST-0934,2026-05-29,29,Failed
PAY-017202,CUST-0934,2026-06-28,29,Success
PAY-017203,CUST-0935,2025-02-05,29,Success
PAY-017204,CUST-0935,2025-03-07,29,Success
PAY-017205,CUST-0935,2025-04-06,29,Success
PAY-017206,CUST-0935,2025-05-06,29,Success
PAY-017207,CUST-0935,2025-06-05,29,Failed
PAY-017208,CUST-0935,2025-07-05,29,Success
PAY-017209,CUST-0935,2025-08-04,29,Success
PAY-017210,CUST-0935,2025-09-03,29,Success
PAY-017211,CUST-0936,2024-06-27,99,Success
PAY-017212,CUST-0936,2024-07-27,99,Success
PAY-017213,CUST-0936,2024-08-26,99,Success
PAY-017214,CUST-0936,2024-09-25,99,Success
PAY-017215,CUST-0936,2024-10-25,99,Success
PAY-017216,CUST-0936,2024-11-24,99,Success
PAY-017217,CUST-0936,2024-12-24,99,Failed
PAY-017218,CUST-0936,2025-01-23,99,Success
PAY-017219,CUST-0936,2025-02-22,99,Success
PAY-017220,CUST-0936,2025-03-24,99,Success
PAY-017221,CUST-0936,2025-04-23,99,Success
PAY-017222,CUST-0936,2025-05-23,99,Success
PAY-017223,CUST-0936,2025-06-22,99,Success
PAY-017224,CUST-0936,2025-07-22,99,Success
PAY-017225,CUST-0936,2025-08-21,99,Success
PAY-017226,CUST-0936,2025-09-20,99,Success
PAY-017227,CUST-0936,2025-10-20,99,Success
PAY-017228,CUST-0936,2025-11-19,99,Success
PAY-017229,CUST-0936,2025-12-19,99,Success
PAY-017230,CUST-0936,2026-01-18,99,Success
PAY-017231,CUST-0936,2026-02-17,99,Success
PAY-017232,CUST-0936,2026-03-19,99,Success
PAY-017233,CUST-0936,2026-04-18,99,Success
PAY-017234,CUST-0936,2026-05-18,99,Success
PAY-017235,CUST-0936,2026-06-17,99,Success
PAY-017236,CUST-0937,2024-08-12,99,Success
PAY-017237,CUST-0937,2024-09-11,99,Success
PAY-017238,CUST-0937,2024-10-11,99,Success
PAY-017239,CUST-0937,2024-11-10,99,Success
PAY-017240,CUST-0937,2024-12-10,99,Success
PAY-017241,CUST-0937,2025-01-09,99,Success
PAY-017242,CUST-0937,2025-02-08,99,Success
PAY-017243,CUST-0937,2025-03-10,99,Success
PAY-017244,CUST-0937,2025-04-09,99,Success
PAY-017245,CUST-0937,2025-05-09,99,Success
PAY-017246,CUST-0937,2025-06-08,99,Success
PAY-017247,CUST-0937,2025-07-08,99,Success
PAY-017248,CUST-0937,2025-08-07,99,Success
PAY-017249,CUST-0937,2025-09-06,99,Success
PAY-017250,CUST-0937,2025-10-06,99,Success
PAY-017251,CUST-0937,2025-11-05,99,Success
PAY-017252,CUST-0937,2025-12-05,99,Success
PAY-017253,CUST-0937,2026-01-04,99,Success
PAY-017254,CUST-0937,2026-02-03,99,Success
PAY-017255,CUST-0937,2026-03-05,99,Success
PAY-017256,CUST-0937,2026-04-04,99,Success
PAY-017257,CUST-0937,2026-05-04,99,Success
PAY-017258,CUST-0937,2026-06-03,99,Success
PAY-017259,CUST-0938,2024-02-04,29,Success
PAY-017260,CUST-0938,2024-03-05,29,Success
PAY-017261,CUST-0938,2024-04-04,29,Success
PAY-017262,CUST-0938,2024-05-04,29,Success
PAY-017263,CUST-0938,2024-06-03,29,Success
PAY-017264,CUST-0938,2024-07-03,29,Success
PAY-017265,CUST-0938,2024-08-02,29,Success
PAY-017266,CUST-0938,2024-09-01,29,Success
PAY-017267,CUST-0938,2024-10-01,29,Success
PAY-017268,CUST-0938,2024-10-31,29,Success
PAY-017269,CUST-0938,2024-11-30,29,Success
PAY-017270,CUST-0938,2024-12-30,29,Success
PAY-017271,CUST-0938,2025-01-29,29,Success
PAY-017272,CUST-0938,2025-02-28,29,Success
PAY-017273,CUST-0938,2025-03-30,29,Success
PAY-017274,CUST-0938,2025-04-29,29,Success
PAY-017275,CUST-0938,2025-05-29,29,Success
PAY-017276,CUST-0938,2025-06-28,29,Failed
PAY-017277,CUST-0938,2025-07-28,29,Success
PAY-017278,CUST-0938,2025-08-27,29,Success
PAY-017279,CUST-0938,2025-09-26,29,Success
PAY-017280,CUST-0938,2025-10-26,29,Success
PAY-017281,CUST-0938,2025-11-25,29,Success
PAY-017282,CUST-0938,2025-12-25,29,Success
PAY-017283,CUST-0938,2026-01-24,29,Success
PAY-017284,CUST-0938,2026-02-23,29,Success
PAY-017285,CUST-0938,2026-03-25,29,Success
PAY-017286,CUST-0938,2026-04-24,29,Success
PAY-017287,CUST-0938,2026-05-24,29,Success
PAY-017288,CUST-0938,2026-06-23,29,Success
PAY-017289,CUST-0939,2025-02-18,29,Success
PAY-017290,CUST-0939,2025-03-20,29,Success
PAY-017291,CUST-0939,2025-04-19,29,Success
PAY-017292,CUST-0939,2025-05-19,29,Success
PAY-017293,CUST-0939,2025-06-18,29,Success
PAY-017294,CUST-0939,2025-07-18,29,Success
PAY-017295,CUST-0939,2025-08-17,29,Success
PAY-017296,CUST-0939,2025-09-16,29,Success
PAY-017297,CUST-0939,2025-10-16,29,Success
PAY-017298,CUST-0939,2025-11-15,29,Success
PAY-017299,CUST-0939,2025-12-15,29,Success
PAY-017300,CUST-0939,2026-01-14,29,Success
PAY-017301,CUST-0939,2026-02-13,29,Success
PAY-017302,CUST-0939,2026-03-15,29,Success
PAY-017303,CUST-0939,2026-04-14,29,Success
PAY-017304,CUST-0939,2026-05-14,29,Success
PAY-017305,CUST-0939,2026-06-13,29,Failed
PAY-017306,CUST-0940,2025-03-10,29,Success
PAY-017307,CUST-0940,2025-04-09,29,Success
PAY-017308,CUST-0940,2025-05-09,29,Success
PAY-017309,CUST-0940,2025-06-08,29,Success
PAY-017310,CUST-0940,2025-07-08,29,Success
PAY-017311,CUST-0940,2025-08-07,29,Success
PAY-017312,CUST-0940,2025-09-06,29,Success
PAY-017313,CUST-0940,2025-10-06,29,Success
PAY-017314,CUST-0940,2025-11-05,29,Success
PAY-017315,CUST-0941,2024-12-12,99,Success
PAY-017316,CUST-0941,2025-01-11,99,Success
PAY-017317,CUST-0941,2025-02-10,99,Success
PAY-017318,CUST-0941,2025-03-12,99,Success
PAY-017319,CUST-0941,2025-04-11,99,Success
PAY-017320,CUST-0941,2025-05-11,99,Success
PAY-017321,CUST-0941,2025-06-10,99,Success
PAY-017322,CUST-0941,2025-07-10,99,Success
PAY-017323,CUST-0941,2025-08-09,99,Success
PAY-017324,CUST-0941,2025-09-08,99,Success
PAY-017325,CUST-0941,2025-10-08,99,Success
PAY-017326,CUST-0941,2025-11-07,99,Success
PAY-017327,CUST-0941,2025-12-07,99,Success
PAY-017328,CUST-0941,2026-01-06,99,Success
PAY-017329,CUST-0941,2026-02-05,99,Success
PAY-017330,CUST-0941,2026-03-07,99,Success
PAY-017331,CUST-0941,2026-04-06,99,Success
PAY-017332,CUST-0941,2026-05-06,99,Success
PAY-017333,CUST-0941,2026-06-05,99,Success
PAY-017334,CUST-0942,2024-09-21,99,Success
PAY-017335,CUST-0942,2024-10-21,99,Success
PAY-017336,CUST-0942,2024-11-20,99,Success
PAY-017337,CUST-0942,2024-12-20,99,Success
PAY-017338,CUST-0942,2025-01-19,99,Success
PAY-017339,CUST-0942,2025-02-18,99,Success
PAY-017340,CUST-0942,2025-03-20,99,Success
PAY-017341,CUST-0942,2025-04-19,99,Success
PAY-017342,CUST-0942,2025-05-19,99,Success
PAY-017343,CUST-0942,2025-06-18,99,Success
PAY-017344,CUST-0942,2025-07-18,99,Success
PAY-017345,CUST-0942,2025-08-17,99,Success
PAY-017346,CUST-0942,2025-09-16,99,Success
PAY-017347,CUST-0942,2025-10-16,99,Success
PAY-017348,CUST-0942,2025-11-15,99,Success
PAY-017349,CUST-0942,2025-12-15,99,Success
PAY-017350,CUST-0942,2026-01-14,99,Success
PAY-017351,CUST-0942,2026-02-13,99,Success
PAY-017352,CUST-0942,2026-03-15,99,Success
PAY-017353,CUST-0942,2026-04-14,99,Success
PAY-017354,CUST-0942,2026-05-14,99,Success
PAY-017355,CUST-0942,2026-06-13,99,Success
PAY-017356,CUST-0943,2024-06-18,29,Success
PAY-017357,CUST-0943,2024-07-18,29,Success
PAY-017358,CUST-0943,2024-08-17,29,Success
PAY-017359,CUST-0943,2024-09-16,29,Success
PAY-017360,CUST-0943,2024-10-16,29,Success
PAY-017361,CUST-0943,2024-11-15,29,Success
PAY-017362,CUST-0943,2024-12-15,29,Success
PAY-017363,CUST-0943,2025-01-14,29,Success
PAY-017364,CUST-0943,2025-02-13,29,Success
PAY-017365,CUST-0943,2025-03-15,29,Success
PAY-017366,CUST-0943,2025-04-14,29,Success
PAY-017367,CUST-0943,2025-05-14,29,Success
PAY-017368,CUST-0943,2025-06-13,29,Success
PAY-017369,CUST-0943,2025-07-13,29,Success
PAY-017370,CUST-0943,2025-08-12,29,Success
PAY-017371,CUST-0943,2025-09-11,29,Success
PAY-017372,CUST-0943,2025-10-11,29,Success
PAY-017373,CUST-0943,2025-11-10,29,Success
PAY-017374,CUST-0943,2025-12-10,29,Success
PAY-017375,CUST-0943,2026-01-09,29,Success
PAY-017376,CUST-0943,2026-02-08,29,Success
PAY-017377,CUST-0943,2026-03-10,29,Success
PAY-017378,CUST-0943,2026-04-09,29,Success
PAY-017379,CUST-0943,2026-05-09,29,Success
PAY-017380,CUST-0943,2026-06-08,29,Success
PAY-017381,CUST-0944,2024-04-28,29,Success
PAY-017382,CUST-0944,2024-05-28,29,Success
PAY-017383,CUST-0944,2024-06-27,29,Success
PAY-017384,CUST-0944,2024-07-27,29,Success
PAY-017385,CUST-0944,2024-08-26,29,Success
PAY-017386,CUST-0944,2024-09-25,29,Success
PAY-017387,CUST-0944,2024-10-25,29,Success
PAY-017388,CUST-0944,2024-11-24,29,Success
PAY-017389,CUST-0944,2024-12-24,29,Success
PAY-017390,CUST-0945,2024-04-05,29,Success
PAY-017391,CUST-0945,2024-05-05,29,Success
PAY-017392,CUST-0945,2024-06-04,29,Success
PAY-017393,CUST-0945,2024-07-04,29,Success
PAY-017394,CUST-0945,2024-08-03,29,Success
PAY-017395,CUST-0945,2024-09-02,29,Success
PAY-017396,CUST-0945,2024-10-02,29,Success
PAY-017397,CUST-0945,2024-11-01,29,Success
PAY-017398,CUST-0945,2024-12-01,29,Success
PAY-017399,CUST-0945,2024-12-31,29,Success
PAY-017400,CUST-0945,2025-01-30,29,Success
PAY-017401,CUST-0945,2025-03-01,29,Success
PAY-017402,CUST-0945,2025-03-31,29,Success
PAY-017403,CUST-0945,2025-04-30,29,Success
PAY-017404,CUST-0945,2025-05-30,29,Failed
PAY-017405,CUST-0945,2025-06-29,29,Success
PAY-017406,CUST-0945,2025-07-29,29,Success
PAY-017407,CUST-0945,2025-08-28,29,Success
PAY-017408,CUST-0945,2025-09-27,29,Success
PAY-017409,CUST-0945,2025-10-27,29,Success
PAY-017410,CUST-0945,2025-11-26,29,Success
PAY-017411,CUST-0945,2025-12-26,29,Success
PAY-017412,CUST-0945,2026-01-25,29,Success
PAY-017413,CUST-0945,2026-02-24,29,Success
PAY-017414,CUST-0945,2026-03-26,29,Success
PAY-017415,CUST-0945,2026-04-25,29,Success
PAY-017416,CUST-0945,2026-05-25,29,Success
PAY-017417,CUST-0945,2026-06-24,29,Success
PAY-017418,CUST-0946,2024-01-15,29,Success
PAY-017419,CUST-0946,2024-02-14,29,Success
PAY-017420,CUST-0946,2024-03-15,29,Success
PAY-017421,CUST-0947,2024-10-30,99,Success
PAY-017422,CUST-0947,2024-11-29,99,Success
PAY-017423,CUST-0947,2024-12-29,99,Success
PAY-017424,CUST-0947,2025-01-28,99,Success
PAY-017425,CUST-0947,2025-02-27,99,Success
PAY-017426,CUST-0947,2025-03-29,99,Success
PAY-017427,CUST-0947,2025-04-28,99,Success
PAY-017428,CUST-0947,2025-05-28,99,Success
PAY-017429,CUST-0947,2025-06-27,99,Success
PAY-017430,CUST-0947,2025-07-27,99,Success
PAY-017431,CUST-0947,2025-08-26,99,Success
PAY-017432,CUST-0947,2025-09-25,99,Success
PAY-017433,CUST-0947,2025-10-25,99,Success
PAY-017434,CUST-0947,2025-11-24,99,Success
PAY-017435,CUST-0947,2025-12-24,99,Success
PAY-017436,CUST-0947,2026-01-23,99,Success
PAY-017437,CUST-0947,2026-02-22,99,Success
PAY-017438,CUST-0947,2026-03-24,99,Success
PAY-017439,CUST-0947,2026-04-23,99,Success
PAY-017440,CUST-0947,2026-05-23,99,Success
PAY-017441,CUST-0947,2026-06-22,99,Success
PAY-017442,CUST-0948,2024-01-03,99,Success
PAY-017443,CUST-0948,2024-02-02,99,Success
PAY-017444,CUST-0948,2024-03-03,99,Success
PAY-017445,CUST-0948,2024-04-02,99,Success
PAY-017446,CUST-0948,2024-05-02,99,Success
PAY-017447,CUST-0948,2024-06-01,99,Success
PAY-017448,CUST-0948,2024-07-01,99,Success
PAY-017449,CUST-0948,2024-07-31,99,Success
PAY-017450,CUST-0948,2024-08-30,99,Success
PAY-017451,CUST-0948,2024-09-29,99,Success
PAY-017452,CUST-0948,2024-10-29,99,Success
PAY-017453,CUST-0948,2024-11-28,99,Success
PAY-017454,CUST-0948,2024-12-28,99,Success
PAY-017455,CUST-0948,2025-01-27,99,Success
PAY-017456,CUST-0948,2025-02-26,99,Success
PAY-017457,CUST-0948,2025-03-28,99,Success
PAY-017458,CUST-0948,2025-04-27,99,Success
PAY-017459,CUST-0948,2025-05-27,99,Success
PAY-017460,CUST-0948,2025-06-26,99,Success
PAY-017461,CUST-0948,2025-07-26,99,Success
PAY-017462,CUST-0948,2025-08-25,99,Success
PAY-017463,CUST-0948,2025-09-24,99,Success
PAY-017464,CUST-0948,2025-10-24,99,Success
PAY-017465,CUST-0948,2025-11-23,99,Success
PAY-017466,CUST-0948,2025-12-23,99,Success
PAY-017467,CUST-0948,2026-01-22,99,Success
PAY-017468,CUST-0948,2026-02-21,99,Success
PAY-017469,CUST-0948,2026-03-23,99,Success
PAY-017470,CUST-0948,2026-04-22,99,Success
PAY-017471,CUST-0948,2026-05-22,99,Success
PAY-017472,CUST-0948,2026-06-21,99,Success
PAY-017473,CUST-0949,2024-05-22,29,Success
PAY-017474,CUST-0949,2024-06-21,29,Success
PAY-017475,CUST-0949,2024-07-21,29,Success
PAY-017476,CUST-0949,2024-08-20,29,Success
PAY-017477,CUST-0949,2024-09-19,29,Success
PAY-017478,CUST-0949,2024-10-19,29,Success
PAY-017479,CUST-0949,2024-11-18,29,Success
PAY-017480,CUST-0949,2024-12-18,29,Success
PAY-017481,CUST-0949,2025-01-17,29,Success
PAY-017482,CUST-0949,2025-02-16,29,Success
PAY-017483,CUST-0949,2025-03-18,29,Success
PAY-017484,CUST-0949,2025-04-17,29,Success
PAY-017485,CUST-0949,2025-05-17,29,Success
PAY-017486,CUST-0949,2025-06-16,29,Success
PAY-017487,CUST-0949,2025-07-16,29,Success
PAY-017488,CUST-0949,2025-08-15,29,Success
PAY-017489,CUST-0949,2025-09-14,29,Success
PAY-017490,CUST-0949,2025-10-14,29,Success
PAY-017491,CUST-0949,2025-11-13,29,Success
PAY-017492,CUST-0949,2025-12-13,29,Success
PAY-017493,CUST-0949,2026-01-12,29,Success
PAY-017494,CUST-0949,2026-02-11,29,Success
PAY-017495,CUST-0949,2026-03-13,29,Success
PAY-017496,CUST-0949,2026-04-12,29,Success
PAY-017497,CUST-0949,2026-05-12,29,Success
PAY-017498,CUST-0949,2026-06-11,29,Success
PAY-017499,CUST-0950,2025-02-13,299,Success
PAY-017500,CUST-0950,2025-03-15,299,Success
PAY-017501,CUST-0950,2025-04-14,299,Success
PAY-017502,CUST-0950,2025-05-14,299,Success
PAY-017503,CUST-0950,2025-06-13,299,Success
PAY-017504,CUST-0950,2025-07-13,299,Success
PAY-017505,CUST-0950,2025-08-12,299,Failed
PAY-017506,CUST-0950,2025-09-11,299,Success
PAY-017507,CUST-0950,2025-10-11,299,Success
PAY-017508,CUST-0950,2025-11-10,299,Success
PAY-017509,CUST-0950,2025-12-10,299,Success
PAY-017510,CUST-0950,2026-01-09,299,Success
PAY-017511,CUST-0950,2026-02-08,299,Success
PAY-017512,CUST-0950,2026-03-10,299,Success
PAY-017513,CUST-0950,2026-04-09,299,Success
PAY-017514,CUST-0950,2026-05-09,299,Success
PAY-017515,CUST-0950,2026-06-08,299,Success
PAY-017516,CUST-0951,2024-06-15,99,Success
PAY-017517,CUST-0951,2024-07-15,99,Success
PAY-017518,CUST-0951,2024-08-14,99,Success
PAY-017519,CUST-0951,2024-09-13,99,Success
PAY-017520,CUST-0951,2024-10-13,99,Success
PAY-017521,CUST-0951,2024-11-12,99,Success
PAY-017522,CUST-0951,2024-12-12,99,Success
PAY-017523,CUST-0951,2025-01-11,99,Success
PAY-017524,CUST-0951,2025-02-10,99,Success
PAY-017525,CUST-0951,2025-03-12,99,Success
PAY-017526,CUST-0951,2025-04-11,99,Success
PAY-017527,CUST-0951,2025-05-11,99,Success
PAY-017528,CUST-0951,2025-06-10,99,Success
PAY-017529,CUST-0951,2025-07-10,99,Success
PAY-017530,CUST-0951,2025-08-09,99,Success
PAY-017531,CUST-0951,2025-09-08,99,Success
PAY-017532,CUST-0951,2025-10-08,99,Success
PAY-017533,CUST-0951,2025-11-07,99,Success
PAY-017534,CUST-0951,2025-12-07,99,Success
PAY-017535,CUST-0951,2026-01-06,99,Success
PAY-017536,CUST-0951,2026-02-05,99,Success
PAY-017537,CUST-0951,2026-03-07,99,Success
PAY-017538,CUST-0951,2026-04-06,99,Success
PAY-017539,CUST-0951,2026-05-06,99,Success
PAY-017540,CUST-0951,2026-06-05,99,Success
PAY-017541,CUST-0952,2024-02-28,99,Success
PAY-017542,CUST-0952,2024-03-29,99,Success
PAY-017543,CUST-0952,2024-04-28,99,Success
PAY-017544,CUST-0952,2024-05-28,99,Success
PAY-017545,CUST-0952,2024-06-27,99,Success
PAY-017546,CUST-0952,2024-07-27,99,Success
PAY-017547,CUST-0952,2024-08-26,99,Success
PAY-017548,CUST-0952,2024-09-25,99,Success
PAY-017549,CUST-0952,2024-10-25,99,Success
PAY-017550,CUST-0953,2024-09-27,29,Success
PAY-017551,CUST-0953,2024-10-27,29,Success
PAY-017552,CUST-0954,2024-11-08,299,Success
PAY-017553,CUST-0954,2024-12-08,299,Failed
PAY-017554,CUST-0954,2025-01-07,299,Success
PAY-017555,CUST-0954,2025-02-06,299,Success
PAY-017556,CUST-0954,2025-03-08,299,Success
PAY-017557,CUST-0954,2025-04-07,299,Success
PAY-017558,CUST-0954,2025-05-07,299,Success
PAY-017559,CUST-0954,2025-06-06,299,Success
PAY-017560,CUST-0954,2025-07-06,299,Success
PAY-017561,CUST-0954,2025-08-05,299,Success
PAY-017562,CUST-0954,2025-09-04,299,Success
PAY-017563,CUST-0954,2025-10-04,299,Success
PAY-017564,CUST-0954,2025-11-03,299,Success
PAY-017565,CUST-0954,2025-12-03,299,Success
PAY-017566,CUST-0954,2026-01-02,299,Success
PAY-017567,CUST-0954,2026-02-01,299,Success
PAY-017568,CUST-0954,2026-03-03,299,Success
PAY-017569,CUST-0954,2026-04-02,299,Success
PAY-017570,CUST-0954,2026-05-02,299,Success
PAY-017571,CUST-0954,2026-06-01,299,Success
PAY-017572,CUST-0955,2024-06-27,299,Success
PAY-017573,CUST-0955,2024-07-27,299,Success
PAY-017574,CUST-0955,2024-08-26,299,Success
PAY-017575,CUST-0955,2024-09-25,299,Success
PAY-017576,CUST-0956,2024-11-12,99,Success
PAY-017577,CUST-0956,2024-12-12,99,Success
PAY-017578,CUST-0956,2025-01-11,99,Success
PAY-017579,CUST-0956,2025-02-10,99,Success
PAY-017580,CUST-0956,2025-03-12,99,Success
PAY-017581,CUST-0957,2025-04-15,99,Success
PAY-017582,CUST-0957,2025-05-15,99,Success
PAY-017583,CUST-0957,2025-06-14,99,Success
PAY-017584,CUST-0957,2025-07-14,99,Success
PAY-017585,CUST-0957,2025-08-13,99,Success
PAY-017586,CUST-0957,2025-09-12,99,Success
PAY-017587,CUST-0957,2025-10-12,99,Success
PAY-017588,CUST-0957,2025-11-11,99,Failed
PAY-017589,CUST-0957,2025-12-11,99,Success
PAY-017590,CUST-0958,2024-06-09,29,Success
PAY-017591,CUST-0958,2024-07-09,29,Success
PAY-017592,CUST-0958,2024-08-08,29,Success
PAY-017593,CUST-0958,2024-09-07,29,Success
PAY-017594,CUST-0958,2024-10-07,29,Success
PAY-017595,CUST-0958,2024-11-06,29,Success
PAY-017596,CUST-0958,2024-12-06,29,Success
PAY-017597,CUST-0958,2025-01-05,29,Success
PAY-017598,CUST-0958,2025-02-04,29,Success
PAY-017599,CUST-0958,2025-03-06,29,Success
PAY-017600,CUST-0958,2025-04-05,29,Success
PAY-017601,CUST-0958,2025-05-05,29,Success
PAY-017602,CUST-0958,2025-06-04,29,Success
PAY-017603,CUST-0958,2025-07-04,29,Success
PAY-017604,CUST-0958,2025-08-03,29,Success
PAY-017605,CUST-0958,2025-09-02,29,Success
PAY-017606,CUST-0958,2025-10-02,29,Success
PAY-017607,CUST-0958,2025-11-01,29,Success
PAY-017608,CUST-0958,2025-12-01,29,Success
PAY-017609,CUST-0958,2025-12-31,29,Success
PAY-017610,CUST-0958,2026-01-30,29,Success
PAY-017611,CUST-0958,2026-03-01,29,Success
PAY-017612,CUST-0958,2026-03-31,29,Success
PAY-017613,CUST-0958,2026-04-30,29,Success
PAY-017614,CUST-0958,2026-05-30,29,Success
PAY-017615,CUST-0958,2026-06-29,29,Success
PAY-017616,CUST-0959,2024-06-05,99,Success
PAY-017617,CUST-0959,2024-07-05,99,Success
PAY-017618,CUST-0959,2024-08-04,99,Success
PAY-017619,CUST-0959,2024-09-03,99,Success
PAY-017620,CUST-0959,2024-10-03,99,Success
PAY-017621,CUST-0959,2024-11-02,99,Success
PAY-017622,CUST-0959,2024-12-02,99,Success
PAY-017623,CUST-0959,2025-01-01,99,Success
PAY-017624,CUST-0959,2025-01-31,99,Success
PAY-017625,CUST-0959,2025-03-02,99,Success
PAY-017626,CUST-0959,2025-04-01,99,Success
PAY-017627,CUST-0959,2025-05-01,99,Success
PAY-017628,CUST-0959,2025-05-31,99,Success
PAY-017629,CUST-0959,2025-06-30,99,Success
PAY-017630,CUST-0959,2025-07-30,99,Success
PAY-017631,CUST-0959,2025-08-29,99,Success
PAY-017632,CUST-0959,2025-09-28,99,Success
PAY-017633,CUST-0959,2025-10-28,99,Success
PAY-017634,CUST-0959,2025-11-27,99,Success
PAY-017635,CUST-0959,2025-12-27,99,Success
PAY-017636,CUST-0959,2026-01-26,99,Success
PAY-017637,CUST-0959,2026-02-25,99,Success
PAY-017638,CUST-0959,2026-03-27,99,Failed
PAY-017639,CUST-0959,2026-04-26,99,Success
PAY-017640,CUST-0959,2026-05-26,99,Success
PAY-017641,CUST-0959,2026-06-25,99,Success
PAY-017642,CUST-0960,2024-07-10,29,Success
PAY-017643,CUST-0960,2024-08-09,29,Success
PAY-017644,CUST-0960,2024-09-08,29,Success
PAY-017645,CUST-0960,2024-10-08,29,Success
PAY-017646,CUST-0960,2024-11-07,29,Success
PAY-017647,CUST-0960,2024-12-07,29,Success
PAY-017648,CUST-0960,2025-01-06,29,Success
PAY-017649,CUST-0960,2025-02-05,29,Success
PAY-017650,CUST-0960,2025-03-07,29,Success
PAY-017651,CUST-0960,2025-04-06,29,Success
PAY-017652,CUST-0960,2025-05-06,29,Success
PAY-017653,CUST-0960,2025-06-05,29,Success
PAY-017654,CUST-0960,2025-07-05,29,Success
PAY-017655,CUST-0960,2025-08-04,29,Success
PAY-017656,CUST-0960,2025-09-03,29,Success
PAY-017657,CUST-0960,2025-10-03,29,Success
PAY-017658,CUST-0960,2025-11-02,29,Failed
PAY-017659,CUST-0960,2025-12-02,29,Failed
PAY-017660,CUST-0960,2026-01-01,29,Success
PAY-017661,CUST-0960,2026-01-31,29,Success
PAY-017662,CUST-0960,2026-03-02,29,Success
PAY-017663,CUST-0960,2026-04-01,29,Success
PAY-017664,CUST-0960,2026-05-01,29,Success
PAY-017665,CUST-0960,2026-05-31,29,Success
PAY-017666,CUST-0960,2026-06-30,29,Success
PAY-017667,CUST-0961,2024-08-02,99,Success
PAY-017668,CUST-0961,2024-09-01,99,Success
PAY-017669,CUST-0961,2024-10-01,99,Success
PAY-017670,CUST-0961,2024-10-31,99,Success
PAY-017671,CUST-0961,2024-11-30,99,Success
PAY-017672,CUST-0961,2024-12-30,99,Success
PAY-017673,CUST-0961,2025-01-29,99,Success
PAY-017674,CUST-0961,2025-02-28,99,Success
PAY-017675,CUST-0961,2025-03-30,99,Success
PAY-017676,CUST-0961,2025-04-29,99,Success
PAY-017677,CUST-0961,2025-05-29,99,Success
PAY-017678,CUST-0961,2025-06-28,99,Success
PAY-017679,CUST-0961,2025-07-28,99,Success
PAY-017680,CUST-0961,2025-08-27,99,Success
PAY-017681,CUST-0961,2025-09-26,99,Failed
PAY-017682,CUST-0961,2025-10-26,99,Success
PAY-017683,CUST-0961,2025-11-25,99,Success
PAY-017684,CUST-0961,2025-12-25,99,Success
PAY-017685,CUST-0961,2026-01-24,99,Success
PAY-017686,CUST-0961,2026-02-23,99,Success
PAY-017687,CUST-0961,2026-03-25,99,Success
PAY-017688,CUST-0961,2026-04-24,99,Success
PAY-017689,CUST-0961,2026-05-24,99,Success
PAY-017690,CUST-0961,2026-06-23,99,Success
PAY-017691,CUST-0962,2024-08-04,29,Success
PAY-017692,CUST-0962,2024-09-03,29,Success
PAY-017693,CUST-0962,2024-10-03,29,Success
PAY-017694,CUST-0962,2024-11-02,29,Success
PAY-017695,CUST-0962,2024-12-02,29,Success
PAY-017696,CUST-0962,2025-01-01,29,Success
PAY-017697,CUST-0962,2025-01-31,29,Success
PAY-017698,CUST-0962,2025-03-02,29,Success
PAY-017699,CUST-0962,2025-04-01,29,Success
PAY-017700,CUST-0962,2025-05-01,29,Success
PAY-017701,CUST-0962,2025-05-31,29,Success
PAY-017702,CUST-0962,2025-06-30,29,Success
PAY-017703,CUST-0963,2024-11-21,29,Success
PAY-017704,CUST-0963,2024-12-21,29,Success
PAY-017705,CUST-0963,2025-01-20,29,Success
PAY-017706,CUST-0963,2025-02-19,29,Success
PAY-017707,CUST-0963,2025-03-21,29,Success
PAY-017708,CUST-0964,2024-09-07,299,Failed
PAY-017709,CUST-0964,2024-10-07,299,Success
PAY-017710,CUST-0964,2024-11-06,299,Success
PAY-017711,CUST-0964,2024-12-06,299,Success
PAY-017712,CUST-0964,2025-01-05,299,Success
PAY-017713,CUST-0964,2025-02-04,299,Success
PAY-017714,CUST-0964,2025-03-06,299,Success
PAY-017715,CUST-0964,2025-04-05,299,Failed
PAY-017716,CUST-0964,2025-05-05,299,Success
PAY-017717,CUST-0964,2025-06-04,299,Success
PAY-017718,CUST-0964,2025-07-04,299,Success
PAY-017719,CUST-0964,2025-08-03,299,Success
PAY-017720,CUST-0964,2025-09-02,299,Success
PAY-017721,CUST-0964,2025-10-02,299,Success
PAY-017722,CUST-0964,2025-11-01,299,Failed
PAY-017723,CUST-0964,2025-12-01,299,Success
PAY-017724,CUST-0964,2025-12-31,299,Success
PAY-017725,CUST-0964,2026-01-30,299,Success
PAY-017726,CUST-0964,2026-03-01,299,Success
PAY-017727,CUST-0964,2026-03-31,299,Success
PAY-017728,CUST-0964,2026-04-30,299,Success
PAY-017729,CUST-0964,2026-05-30,299,Success
PAY-017730,CUST-0964,2026-06-29,299,Success
PAY-017731,CUST-0965,2024-04-05,29,Success
PAY-017732,CUST-0965,2024-05-05,29,Success
PAY-017733,CUST-0965,2024-06-04,29,Success
PAY-017734,CUST-0965,2024-07-04,29,Success
PAY-017735,CUST-0965,2024-08-03,29,Success
PAY-017736,CUST-0965,2024-09-02,29,Success
PAY-017737,CUST-0965,2024-10-02,29,Success
PAY-017738,CUST-0965,2024-11-01,29,Success
PAY-017739,CUST-0965,2024-12-01,29,Success
PAY-017740,CUST-0965,2024-12-31,29,Success
PAY-017741,CUST-0965,2025-01-30,29,Success
PAY-017742,CUST-0965,2025-03-01,29,Success
PAY-017743,CUST-0965,2025-03-31,29,Success
PAY-017744,CUST-0965,2025-04-30,29,Success
PAY-017745,CUST-0965,2025-05-30,29,Success
PAY-017746,CUST-0965,2025-06-29,29,Success
PAY-017747,CUST-0965,2025-07-29,29,Success
PAY-017748,CUST-0965,2025-08-28,29,Success
PAY-017749,CUST-0965,2025-09-27,29,Success
PAY-017750,CUST-0965,2025-10-27,29,Success
PAY-017751,CUST-0965,2025-11-26,29,Success
PAY-017752,CUST-0965,2025-12-26,29,Success
PAY-017753,CUST-0965,2026-01-25,29,Success
PAY-017754,CUST-0965,2026-02-24,29,Success
PAY-017755,CUST-0965,2026-03-26,29,Success
PAY-017756,CUST-0965,2026-04-25,29,Success
PAY-017757,CUST-0965,2026-05-25,29,Success
PAY-017758,CUST-0965,2026-06-24,29,Success
PAY-017759,CUST-0966,2024-11-13,29,Success
PAY-017760,CUST-0966,2024-12-13,29,Success
PAY-017761,CUST-0966,2025-01-12,29,Success
PAY-017762,CUST-0966,2025-02-11,29,Success
PAY-017763,CUST-0966,2025-03-13,29,Success
PAY-017764,CUST-0966,2025-04-12,29,Success
PAY-017765,CUST-0967,2025-05-02,29,Success
PAY-017766,CUST-0967,2025-06-01,29,Success
PAY-017767,CUST-0967,2025-07-01,29,Success
PAY-017768,CUST-0967,2025-07-31,29,Success
PAY-017769,CUST-0967,2025-08-30,29,Success
PAY-017770,CUST-0967,2025-09-29,29,Success
PAY-017771,CUST-0967,2025-10-29,29,Success
PAY-017772,CUST-0967,2025-11-28,29,Success
PAY-017773,CUST-0967,2025-12-28,29,Success
PAY-017774,CUST-0967,2026-01-27,29,Success
PAY-017775,CUST-0967,2026-02-26,29,Success
PAY-017776,CUST-0967,2026-03-28,29,Success
PAY-017777,CUST-0967,2026-04-27,29,Success
PAY-017778,CUST-0967,2026-05-27,29,Success
PAY-017779,CUST-0967,2026-06-26,29,Success
PAY-017780,CUST-0968,2024-03-10,29,Success
PAY-017781,CUST-0968,2024-04-09,29,Success
PAY-017782,CUST-0968,2024-05-09,29,Success
PAY-017783,CUST-0968,2024-06-08,29,Success
PAY-017784,CUST-0968,2024-07-08,29,Success
PAY-017785,CUST-0968,2024-08-07,29,Success
PAY-017786,CUST-0968,2024-09-06,29,Success
PAY-017787,CUST-0968,2024-10-06,29,Success
PAY-017788,CUST-0968,2024-11-05,29,Success
PAY-017789,CUST-0968,2024-12-05,29,Success
PAY-017790,CUST-0968,2025-01-04,29,Success
PAY-017791,CUST-0968,2025-02-03,29,Success
PAY-017792,CUST-0968,2025-03-05,29,Success
PAY-017793,CUST-0968,2025-04-04,29,Success
PAY-017794,CUST-0968,2025-05-04,29,Success
PAY-017795,CUST-0968,2025-06-03,29,Success
PAY-017796,CUST-0968,2025-07-03,29,Success
PAY-017797,CUST-0968,2025-08-02,29,Success
PAY-017798,CUST-0968,2025-09-01,29,Success
PAY-017799,CUST-0968,2025-10-01,29,Success
PAY-017800,CUST-0968,2025-10-31,29,Success
PAY-017801,CUST-0968,2025-11-30,29,Success
PAY-017802,CUST-0968,2025-12-30,29,Success
PAY-017803,CUST-0968,2026-01-29,29,Success
PAY-017804,CUST-0968,2026-02-28,29,Success
PAY-017805,CUST-0968,2026-03-30,29,Success
PAY-017806,CUST-0968,2026-04-29,29,Success
PAY-017807,CUST-0968,2026-05-29,29,Success
PAY-017808,CUST-0968,2026-06-28,29,Success
PAY-017809,CUST-0969,2025-05-08,299,Success
PAY-017810,CUST-0969,2025-06-07,299,Success
PAY-017811,CUST-0969,2025-07-07,299,Success
PAY-017812,CUST-0969,2025-08-06,299,Success
PAY-017813,CUST-0969,2025-09-05,299,Success
PAY-017814,CUST-0969,2025-10-05,299,Success
PAY-017815,CUST-0969,2025-11-04,299,Success
PAY-017816,CUST-0969,2025-12-04,299,Success
PAY-017817,CUST-0969,2026-01-03,299,Success
PAY-017818,CUST-0969,2026-02-02,299,Success
PAY-017819,CUST-0969,2026-03-04,299,Success
PAY-017820,CUST-0969,2026-04-03,299,Success
PAY-017821,CUST-0969,2026-05-03,299,Success
PAY-017822,CUST-0969,2026-06-02,299,Success
PAY-017823,CUST-0970,2024-12-16,29,Success
PAY-017824,CUST-0970,2025-01-15,29,Success
PAY-017825,CUST-0970,2025-02-14,29,Success
PAY-017826,CUST-0970,2025-03-16,29,Success
PAY-017827,CUST-0970,2025-04-15,29,Success
PAY-017828,CUST-0970,2025-05-15,29,Success
PAY-017829,CUST-0970,2025-06-14,29,Success
PAY-017830,CUST-0970,2025-07-14,29,Success
PAY-017831,CUST-0970,2025-08-13,29,Success
PAY-017832,CUST-0970,2025-09-12,29,Success
PAY-017833,CUST-0970,2025-10-12,29,Success
PAY-017834,CUST-0970,2025-11-11,29,Success
PAY-017835,CUST-0970,2025-12-11,29,Success
PAY-017836,CUST-0970,2026-01-10,29,Success
PAY-017837,CUST-0970,2026-02-09,29,Success
PAY-017838,CUST-0970,2026-03-11,29,Success
PAY-017839,CUST-0970,2026-04-10,29,Success
PAY-017840,CUST-0970,2026-05-10,29,Success
PAY-017841,CUST-0970,2026-06-09,29,Success
PAY-017842,CUST-0971,2024-12-29,99,Failed
PAY-017843,CUST-0971,2025-01-28,99,Success
PAY-017844,CUST-0971,2025-02-27,99,Success
PAY-017845,CUST-0971,2025-03-29,99,Success
PAY-017846,CUST-0971,2025-04-28,99,Success
PAY-017847,CUST-0971,2025-05-28,99,Success
PAY-017848,CUST-0971,2025-06-27,99,Success
PAY-017849,CUST-0971,2025-07-27,99,Success
PAY-017850,CUST-0971,2025-08-26,99,Success
PAY-017851,CUST-0971,2025-09-25,99,Success
PAY-017852,CUST-0971,2025-10-25,99,Success
PAY-017853,CUST-0972,2024-03-26,29,Success
PAY-017854,CUST-0972,2024-04-25,29,Success
PAY-017855,CUST-0972,2024-05-25,29,Success
PAY-017856,CUST-0972,2024-06-24,29,Success
PAY-017857,CUST-0972,2024-07-24,29,Success
PAY-017858,CUST-0973,2025-02-11,29,Failed
PAY-017859,CUST-0973,2025-03-13,29,Failed
PAY-017860,CUST-0973,2025-04-12,29,Success
PAY-017861,CUST-0973,2025-05-12,29,Success
PAY-017862,CUST-0973,2025-06-11,29,Success
PAY-017863,CUST-0973,2025-07-11,29,Success
PAY-017864,CUST-0973,2025-08-10,29,Success
PAY-017865,CUST-0973,2025-09-09,29,Success
PAY-017866,CUST-0973,2025-10-09,29,Failed
PAY-017867,CUST-0973,2025-11-08,29,Success
PAY-017868,CUST-0973,2025-12-08,29,Success
PAY-017869,CUST-0973,2026-01-07,29,Success
PAY-017870,CUST-0973,2026-02-06,29,Success
PAY-017871,CUST-0973,2026-03-08,29,Success
PAY-017872,CUST-0973,2026-04-07,29,Success
PAY-017873,CUST-0973,2026-05-07,29,Success
PAY-017874,CUST-0973,2026-06-06,29,Success
PAY-017875,CUST-0974,2024-01-17,99,Success
PAY-017876,CUST-0974,2024-02-16,99,Success
PAY-017877,CUST-0974,2024-03-17,99,Success
PAY-017878,CUST-0974,2024-04-16,99,Success
PAY-017879,CUST-0974,2024-05-16,99,Success
PAY-017880,CUST-0974,2024-06-15,99,Success
PAY-017881,CUST-0974,2024-07-15,99,Success
PAY-017882,CUST-0974,2024-08-14,99,Success
PAY-017883,CUST-0974,2024-09-13,99,Success
PAY-017884,CUST-0974,2024-10-13,99,Success
PAY-017885,CUST-0974,2024-11-12,99,Success
PAY-017886,CUST-0974,2024-12-12,99,Success
PAY-017887,CUST-0974,2025-01-11,99,Success
PAY-017888,CUST-0974,2025-02-10,99,Success
PAY-017889,CUST-0974,2025-03-12,99,Success
PAY-017890,CUST-0974,2025-04-11,99,Success
PAY-017891,CUST-0974,2025-05-11,99,Success
PAY-017892,CUST-0974,2025-06-10,99,Success
PAY-017893,CUST-0974,2025-07-10,99,Success
PAY-017894,CUST-0974,2025-08-09,99,Success
PAY-017895,CUST-0974,2025-09-08,99,Success
PAY-017896,CUST-0974,2025-10-08,99,Success
PAY-017897,CUST-0974,2025-11-07,99,Success
PAY-017898,CUST-0974,2025-12-07,99,Success
PAY-017899,CUST-0974,2026-01-06,99,Success
PAY-017900,CUST-0974,2026-02-05,99,Success
PAY-017901,CUST-0974,2026-03-07,99,Failed
PAY-017902,CUST-0974,2026-04-06,99,Success
PAY-017903,CUST-0974,2026-05-06,99,Success
PAY-017904,CUST-0974,2026-06-05,99,Success
PAY-017905,CUST-0975,2024-10-02,99,Success
PAY-017906,CUST-0975,2024-11-01,99,Success
PAY-017907,CUST-0975,2024-12-01,99,Success
PAY-017908,CUST-0975,2024-12-31,99,Success
PAY-017909,CUST-0975,2025-01-30,99,Success
PAY-017910,CUST-0975,2025-03-01,99,Success
PAY-017911,CUST-0975,2025-03-31,99,Success
PAY-017912,CUST-0975,2025-04-30,99,Success
PAY-017913,CUST-0975,2025-05-30,99,Success
PAY-017914,CUST-0975,2025-06-29,99,Success
PAY-017915,CUST-0975,2025-07-29,99,Success
PAY-017916,CUST-0975,2025-08-28,99,Success
PAY-017917,CUST-0975,2025-09-27,99,Success
PAY-017918,CUST-0975,2025-10-27,99,Success
PAY-017919,CUST-0975,2025-11-26,99,Success
PAY-017920,CUST-0975,2025-12-26,99,Success
PAY-017921,CUST-0975,2026-01-25,99,Success
PAY-017922,CUST-0975,2026-02-24,99,Success
PAY-017923,CUST-0975,2026-03-26,99,Success
PAY-017924,CUST-0975,2026-04-25,99,Failed
PAY-017925,CUST-0975,2026-05-25,99,Success
PAY-017926,CUST-0975,2026-06-24,99,Success
PAY-017927,CUST-0976,2025-02-03,99,Success
PAY-017928,CUST-0976,2025-03-05,99,Success
PAY-017929,CUST-0976,2025-04-04,99,Success
PAY-017930,CUST-0976,2025-05-04,99,Success
PAY-017931,CUST-0976,2025-06-03,99,Success
PAY-017932,CUST-0976,2025-07-03,99,Success
PAY-017933,CUST-0976,2025-08-02,99,Success
PAY-017934,CUST-0976,2025-09-01,99,Success
PAY-017935,CUST-0976,2025-10-01,99,Success
PAY-017936,CUST-0976,2025-10-31,99,Success
PAY-017937,CUST-0976,2025-11-30,99,Success
PAY-017938,CUST-0976,2025-12-30,99,Success
PAY-017939,CUST-0976,2026-01-29,99,Success
PAY-017940,CUST-0976,2026-02-28,99,Success
PAY-017941,CUST-0976,2026-03-30,99,Success
PAY-017942,CUST-0976,2026-04-29,99,Success
PAY-017943,CUST-0976,2026-05-29,99,Success
PAY-017944,CUST-0976,2026-06-28,99,Success
PAY-017945,CUST-0977,2024-10-08,99,Success
PAY-017946,CUST-0977,2024-11-07,99,Success
PAY-017947,CUST-0977,2024-12-07,99,Success
PAY-017948,CUST-0977,2025-01-06,99,Success
PAY-017949,CUST-0977,2025-02-05,99,Success
PAY-017950,CUST-0977,2025-03-07,99,Success
PAY-017951,CUST-0977,2025-04-06,99,Success
PAY-017952,CUST-0977,2025-05-06,99,Failed
PAY-017953,CUST-0977,2025-06-05,99,Success
PAY-017954,CUST-0977,2025-07-05,99,Success
PAY-017955,CUST-0977,2025-08-04,99,Success
PAY-017956,CUST-0977,2025-09-03,99,Success
PAY-017957,CUST-0977,2025-10-03,99,Success
PAY-017958,CUST-0977,2025-11-02,99,Success
PAY-017959,CUST-0977,2025-12-02,99,Success
PAY-017960,CUST-0977,2026-01-01,99,Success
PAY-017961,CUST-0977,2026-01-31,99,Success
PAY-017962,CUST-0977,2026-03-02,99,Success
PAY-017963,CUST-0977,2026-04-01,99,Success
PAY-017964,CUST-0977,2026-05-01,99,Success
PAY-017965,CUST-0977,2026-05-31,99,Success
PAY-017966,CUST-0977,2026-06-30,99,Success
PAY-017967,CUST-0978,2024-05-17,299,Success
PAY-017968,CUST-0978,2024-06-16,299,Success
PAY-017969,CUST-0978,2024-07-16,299,Success
PAY-017970,CUST-0978,2024-08-15,299,Success
PAY-017971,CUST-0978,2024-09-14,299,Success
PAY-017972,CUST-0978,2024-10-14,299,Success
PAY-017973,CUST-0978,2024-11-13,299,Success
PAY-017974,CUST-0978,2024-12-13,299,Success
PAY-017975,CUST-0978,2025-01-12,299,Success
PAY-017976,CUST-0978,2025-02-11,299,Success
PAY-017977,CUST-0978,2025-03-13,299,Success
PAY-017978,CUST-0978,2025-04-12,299,Success
PAY-017979,CUST-0978,2025-05-12,299,Success
PAY-017980,CUST-0978,2025-06-11,299,Success
PAY-017981,CUST-0978,2025-07-11,299,Success
PAY-017982,CUST-0978,2025-08-10,299,Success
PAY-017983,CUST-0978,2025-09-09,299,Success
PAY-017984,CUST-0978,2025-10-09,299,Success
PAY-017985,CUST-0978,2025-11-08,299,Success
PAY-017986,CUST-0978,2025-12-08,299,Success
PAY-017987,CUST-0978,2026-01-07,299,Success
PAY-017988,CUST-0978,2026-02-06,299,Success
PAY-017989,CUST-0978,2026-03-08,299,Success
PAY-017990,CUST-0978,2026-04-07,299,Success
PAY-017991,CUST-0978,2026-05-07,299,Success
PAY-017992,CUST-0978,2026-06-06,299,Success
PAY-017993,CUST-0979,2025-01-24,29,Success
PAY-017994,CUST-0979,2025-02-23,29,Success
PAY-017995,CUST-0979,2025-03-25,29,Success
PAY-017996,CUST-0979,2025-04-24,29,Success
PAY-017997,CUST-0979,2025-05-24,29,Success
PAY-017998,CUST-0979,2025-06-23,29,Success
PAY-017999,CUST-0979,2025-07-23,29,Success
PAY-018000,CUST-0979,2025-08-22,29,Success
PAY-018001,CUST-0979,2025-09-21,29,Success
PAY-018002,CUST-0980,2024-08-05,99,Success
PAY-018003,CUST-0980,2024-09-04,99,Success
PAY-018004,CUST-0980,2024-10-04,99,Success
PAY-018005,CUST-0980,2024-11-03,99,Success
PAY-018006,CUST-0981,2024-06-01,299,Success
PAY-018007,CUST-0981,2024-07-01,299,Success
PAY-018008,CUST-0981,2024-07-31,299,Success
PAY-018009,CUST-0981,2024-08-30,299,Success
PAY-018010,CUST-0981,2024-09-29,299,Success
PAY-018011,CUST-0981,2024-10-29,299,Success
PAY-018012,CUST-0981,2024-11-28,299,Success
PAY-018013,CUST-0981,2024-12-28,299,Success
PAY-018014,CUST-0981,2025-01-27,299,Success
PAY-018015,CUST-0981,2025-02-26,299,Success
PAY-018016,CUST-0981,2025-03-28,299,Success
PAY-018017,CUST-0981,2025-04-27,299,Success
PAY-018018,CUST-0981,2025-05-27,299,Success
PAY-018019,CUST-0981,2025-06-26,299,Success
PAY-018020,CUST-0981,2025-07-26,299,Success
PAY-018021,CUST-0981,2025-08-25,299,Success
PAY-018022,CUST-0981,2025-09-24,299,Success
PAY-018023,CUST-0981,2025-10-24,299,Success
PAY-018024,CUST-0981,2025-11-23,299,Success
PAY-018025,CUST-0981,2025-12-23,299,Success
PAY-018026,CUST-0981,2026-01-22,299,Success
PAY-018027,CUST-0981,2026-02-21,299,Success
PAY-018028,CUST-0981,2026-03-23,299,Success
PAY-018029,CUST-0981,2026-04-22,299,Success
PAY-018030,CUST-0981,2026-05-22,299,Success
PAY-018031,CUST-0981,2026-06-21,299,Success
PAY-018032,CUST-0982,2024-05-14,29,Success
PAY-018033,CUST-0982,2024-06-13,29,Success
PAY-018034,CUST-0982,2024-07-13,29,Success
PAY-018035,CUST-0982,2024-08-12,29,Success
PAY-018036,CUST-0982,2024-09-11,29,Success
PAY-018037,CUST-0982,2024-10-11,29,Success
PAY-018038,CUST-0982,2024-11-10,29,Success
PAY-018039,CUST-0982,2024-12-10,29,Success
PAY-018040,CUST-0982,2025-01-09,29,Success
PAY-018041,CUST-0982,2025-02-08,29,Success
PAY-018042,CUST-0982,2025-03-10,29,Success
PAY-018043,CUST-0982,2025-04-09,29,Success
PAY-018044,CUST-0982,2025-05-09,29,Success
PAY-018045,CUST-0982,2025-06-08,29,Success
PAY-018046,CUST-0982,2025-07-08,29,Success
PAY-018047,CUST-0982,2025-08-07,29,Success
PAY-018048,CUST-0982,2025-09-06,29,Success
PAY-018049,CUST-0982,2025-10-06,29,Success
PAY-018050,CUST-0982,2025-11-05,29,Success
PAY-018051,CUST-0982,2025-12-05,29,Success
PAY-018052,CUST-0982,2026-01-04,29,Success
PAY-018053,CUST-0982,2026-02-03,29,Success
PAY-018054,CUST-0982,2026-03-05,29,Success
PAY-018055,CUST-0982,2026-04-04,29,Failed
PAY-018056,CUST-0982,2026-05-04,29,Success
PAY-018057,CUST-0982,2026-06-03,29,Success
PAY-018058,CUST-0983,2024-08-12,99,Success
PAY-018059,CUST-0983,2024-09-11,99,Success
PAY-018060,CUST-0983,2024-10-11,99,Success
PAY-018061,CUST-0983,2024-11-10,99,Success
PAY-018062,CUST-0983,2024-12-10,99,Success
PAY-018063,CUST-0983,2025-01-09,99,Success
PAY-018064,CUST-0983,2025-02-08,99,Success
PAY-018065,CUST-0983,2025-03-10,99,Success
PAY-018066,CUST-0983,2025-04-09,99,Success
PAY-018067,CUST-0983,2025-05-09,99,Success
PAY-018068,CUST-0983,2025-06-08,99,Success
PAY-018069,CUST-0983,2025-07-08,99,Success
PAY-018070,CUST-0983,2025-08-07,99,Success
PAY-018071,CUST-0984,2024-04-17,29,Success
PAY-018072,CUST-0984,2024-05-17,29,Success
PAY-018073,CUST-0984,2024-06-16,29,Success
PAY-018074,CUST-0984,2024-07-16,29,Success
PAY-018075,CUST-0984,2024-08-15,29,Success
PAY-018076,CUST-0984,2024-09-14,29,Success
PAY-018077,CUST-0984,2024-10-14,29,Success
PAY-018078,CUST-0984,2024-11-13,29,Success
PAY-018079,CUST-0984,2024-12-13,29,Success
PAY-018080,CUST-0984,2025-01-12,29,Success
PAY-018081,CUST-0984,2025-02-11,29,Success
PAY-018082,CUST-0984,2025-03-13,29,Success
PAY-018083,CUST-0984,2025-04-12,29,Success
PAY-018084,CUST-0984,2025-05-12,29,Success
PAY-018085,CUST-0984,2025-06-11,29,Success
PAY-018086,CUST-0984,2025-07-11,29,Success
PAY-018087,CUST-0984,2025-08-10,29,Success
PAY-018088,CUST-0984,2025-09-09,29,Success
PAY-018089,CUST-0984,2025-10-09,29,Success
PAY-018090,CUST-0984,2025-11-08,29,Success
PAY-018091,CUST-0984,2025-12-08,29,Success
PAY-018092,CUST-0984,2026-01-07,29,Success
PAY-018093,CUST-0984,2026-02-06,29,Success
PAY-018094,CUST-0984,2026-03-08,29,Success
PAY-018095,CUST-0984,2026-04-07,29,Success
PAY-018096,CUST-0984,2026-05-07,29,Success
PAY-018097,CUST-0984,2026-06-06,29,Success
PAY-018098,CUST-0985,2024-03-25,29,Success
PAY-018099,CUST-0985,2024-04-24,29,Success
PAY-018100,CUST-0985,2024-05-24,29,Success
PAY-018101,CUST-0985,2024-06-23,29,Success
PAY-018102,CUST-0985,2024-07-23,29,Success
PAY-018103,CUST-0985,2024-08-22,29,Success
PAY-018104,CUST-0985,2024-09-21,29,Success
PAY-018105,CUST-0985,2024-10-21,29,Success
PAY-018106,CUST-0985,2024-11-20,29,Success
PAY-018107,CUST-0985,2024-12-20,29,Failed
PAY-018108,CUST-0985,2025-01-19,29,Success
PAY-018109,CUST-0985,2025-02-18,29,Success
PAY-018110,CUST-0985,2025-03-20,29,Success
PAY-018111,CUST-0985,2025-04-19,29,Success
PAY-018112,CUST-0985,2025-05-19,29,Success
PAY-018113,CUST-0985,2025-06-18,29,Success
PAY-018114,CUST-0985,2025-07-18,29,Success
PAY-018115,CUST-0985,2025-08-17,29,Success
PAY-018116,CUST-0985,2025-09-16,29,Success
PAY-018117,CUST-0985,2025-10-16,29,Success
PAY-018118,CUST-0985,2025-11-15,29,Success
PAY-018119,CUST-0985,2025-12-15,29,Success
PAY-018120,CUST-0985,2026-01-14,29,Success
PAY-018121,CUST-0985,2026-02-13,29,Success
PAY-018122,CUST-0985,2026-03-15,29,Success
PAY-018123,CUST-0985,2026-04-14,29,Success
PAY-018124,CUST-0985,2026-05-14,29,Success
PAY-018125,CUST-0985,2026-06-13,29,Success
PAY-018126,CUST-0986,2025-02-20,99,Success
PAY-018127,CUST-0986,2025-03-22,99,Failed
PAY-018128,CUST-0986,2025-04-21,99,Success
PAY-018129,CUST-0986,2025-05-21,99,Success
PAY-018130,CUST-0986,2025-06-20,99,Success
PAY-018131,CUST-0986,2025-07-20,99,Success
PAY-018132,CUST-0986,2025-08-19,99,Success
PAY-018133,CUST-0986,2025-09-18,99,Success
PAY-018134,CUST-0986,2025-10-18,99,Success
PAY-018135,CUST-0986,2025-11-17,99,Failed
PAY-018136,CUST-0987,2024-10-18,29,Success
PAY-018137,CUST-0987,2024-11-17,29,Success
PAY-018138,CUST-0987,2024-12-17,29,Success
PAY-018139,CUST-0987,2025-01-16,29,Success
PAY-018140,CUST-0987,2025-02-15,29,Success
PAY-018141,CUST-0987,2025-03-17,29,Success
PAY-018142,CUST-0987,2025-04-16,29,Success
PAY-018143,CUST-0987,2025-05-16,29,Success
PAY-018144,CUST-0987,2025-06-15,29,Success
PAY-018145,CUST-0987,2025-07-15,29,Success
PAY-018146,CUST-0987,2025-08-14,29,Success
PAY-018147,CUST-0987,2025-09-13,29,Success
PAY-018148,CUST-0987,2025-10-13,29,Success
PAY-018149,CUST-0987,2025-11-12,29,Success
PAY-018150,CUST-0987,2025-12-12,29,Success
PAY-018151,CUST-0987,2026-01-11,29,Success
PAY-018152,CUST-0987,2026-02-10,29,Success
PAY-018153,CUST-0987,2026-03-12,29,Success
PAY-018154,CUST-0987,2026-04-11,29,Success
PAY-018155,CUST-0987,2026-05-11,29,Success
PAY-018156,CUST-0987,2026-06-10,29,Success
PAY-018157,CUST-0988,2024-11-01,29,Success
PAY-018158,CUST-0988,2024-12-01,29,Success
PAY-018159,CUST-0988,2024-12-31,29,Success
PAY-018160,CUST-0988,2025-01-30,29,Success
PAY-018161,CUST-0988,2025-03-01,29,Success
PAY-018162,CUST-0988,2025-03-31,29,Success
PAY-018163,CUST-0988,2025-04-30,29,Success
PAY-018164,CUST-0988,2025-05-30,29,Success
PAY-018165,CUST-0988,2025-06-29,29,Success
PAY-018166,CUST-0988,2025-07-29,29,Success
PAY-018167,CUST-0988,2025-08-28,29,Failed
PAY-018168,CUST-0988,2025-09-27,29,Success
PAY-018169,CUST-0988,2025-10-27,29,Success
PAY-018170,CUST-0989,2024-12-26,299,Success
PAY-018171,CUST-0989,2025-01-25,299,Success
PAY-018172,CUST-0989,2025-02-24,299,Success
PAY-018173,CUST-0989,2025-03-26,299,Success
PAY-018174,CUST-0989,2025-04-25,299,Success
PAY-018175,CUST-0989,2025-05-25,299,Success
PAY-018176,CUST-0989,2025-06-24,299,Success
PAY-018177,CUST-0989,2025-07-24,299,Success
PAY-018178,CUST-0989,2025-08-23,299,Success
PAY-018179,CUST-0989,2025-09-22,299,Success
PAY-018180,CUST-0989,2025-10-22,299,Success
PAY-018181,CUST-0989,2025-11-21,299,Success
PAY-018182,CUST-0989,2025-12-21,299,Success
PAY-018183,CUST-0989,2026-01-20,299,Success
PAY-018184,CUST-0989,2026-02-19,299,Success
PAY-018185,CUST-0989,2026-03-21,299,Success
PAY-018186,CUST-0989,2026-04-20,299,Success
PAY-018187,CUST-0989,2026-05-20,299,Success
PAY-018188,CUST-0989,2026-06-19,299,Success
PAY-018189,CUST-0990,2024-10-20,99,Success
PAY-018190,CUST-0990,2024-11-19,99,Success
PAY-018191,CUST-0990,2024-12-19,99,Success
PAY-018192,CUST-0990,2025-01-18,99,Success
PAY-018193,CUST-0990,2025-02-17,99,Success
PAY-018194,CUST-0991,2024-03-10,99,Success
PAY-018195,CUST-0991,2024-04-09,99,Success
PAY-018196,CUST-0991,2024-05-09,99,Success
PAY-018197,CUST-0991,2024-06-08,99,Success
PAY-018198,CUST-0991,2024-07-08,99,Success
PAY-018199,CUST-0991,2024-08-07,99,Success
PAY-018200,CUST-0991,2024-09-06,99,Success
PAY-018201,CUST-0991,2024-10-06,99,Success
PAY-018202,CUST-0991,2024-11-05,99,Success
PAY-018203,CUST-0991,2024-12-05,99,Success
PAY-018204,CUST-0992,2024-05-21,99,Failed
PAY-018205,CUST-0992,2024-06-20,99,Success
PAY-018206,CUST-0992,2024-07-20,99,Success
PAY-018207,CUST-0992,2024-08-19,99,Success
PAY-018208,CUST-0992,2024-09-18,99,Success
PAY-018209,CUST-0992,2024-10-18,99,Success
PAY-018210,CUST-0992,2024-11-17,99,Success
PAY-018211,CUST-0992,2024-12-17,99,Success
PAY-018212,CUST-0992,2025-01-16,99,Success
PAY-018213,CUST-0992,2025-02-15,99,Success
PAY-018214,CUST-0992,2025-03-17,99,Success
PAY-018215,CUST-0992,2025-04-16,99,Success
PAY-018216,CUST-0992,2025-05-16,99,Success
PAY-018217,CUST-0992,2025-06-15,99,Success
PAY-018218,CUST-0992,2025-07-15,99,Success
PAY-018219,CUST-0992,2025-08-14,99,Success
PAY-018220,CUST-0992,2025-09-13,99,Success
PAY-018221,CUST-0992,2025-10-13,99,Success
PAY-018222,CUST-0992,2025-11-12,99,Success
PAY-018223,CUST-0992,2025-12-12,99,Success
PAY-018224,CUST-0992,2026-01-11,99,Success
PAY-018225,CUST-0992,2026-02-10,99,Success
PAY-018226,CUST-0992,2026-03-12,99,Failed
PAY-018227,CUST-0992,2026-04-11,99,Success
PAY-018228,CUST-0992,2026-05-11,99,Success
PAY-018229,CUST-0992,2026-06-10,99,Success
PAY-018230,CUST-0993,2024-05-07,29,Success
PAY-018231,CUST-0993,2024-06-06,29,Success
PAY-018232,CUST-0993,2024-07-06,29,Success
PAY-018233,CUST-0993,2024-08-05,29,Success
PAY-018234,CUST-0993,2024-09-04,29,Success
PAY-018235,CUST-0993,2024-10-04,29,Success
PAY-018236,CUST-0994,2025-02-28,29,Success
PAY-018237,CUST-0994,2025-03-30,29,Success
PAY-018238,CUST-0994,2025-04-29,29,Success
PAY-018239,CUST-0994,2025-05-29,29,Success
PAY-018240,CUST-0994,2025-06-28,29,Success
PAY-018241,CUST-0994,2025-07-28,29,Failed
PAY-018242,CUST-0994,2025-08-27,29,Success
PAY-018243,CUST-0994,2025-09-26,29,Success
PAY-018244,CUST-0994,2025-10-26,29,Success
PAY-018245,CUST-0994,2025-11-25,29,Success
PAY-018246,CUST-0994,2025-12-25,29,Success
PAY-018247,CUST-0994,2026-01-24,29,Success
PAY-018248,CUST-0994,2026-02-23,29,Success
PAY-018249,CUST-0994,2026-03-25,29,Success
PAY-018250,CUST-0994,2026-04-24,29,Success
PAY-018251,CUST-0994,2026-05-24,29,Success
PAY-018252,CUST-0994,2026-06-23,29,Success
PAY-018253,CUST-0995,2024-09-07,29,Failed
PAY-018254,CUST-0995,2024-10-07,29,Success
PAY-018255,CUST-0995,2024-11-06,29,Success
PAY-018256,CUST-0995,2024-12-06,29,Success
PAY-018257,CUST-0995,2025-01-05,29,Success
PAY-018258,CUST-0995,2025-02-04,29,Success
PAY-018259,CUST-0995,2025-03-06,29,Success
PAY-018260,CUST-0995,2025-04-05,29,Failed
PAY-018261,CUST-0995,2025-05-05,29,Success
PAY-018262,CUST-0995,2025-06-04,29,Success
PAY-018263,CUST-0995,2025-07-04,29,Success
PAY-018264,CUST-0995,2025-08-03,29,Success
PAY-018265,CUST-0995,2025-09-02,29,Success
PAY-018266,CUST-0995,2025-10-02,29,Success
PAY-018267,CUST-0995,2025-11-01,29,Success
PAY-018268,CUST-0995,2025-12-01,29,Success
PAY-018269,CUST-0995,2025-12-31,29,Success
PAY-018270,CUST-0995,2026-01-30,29,Success
PAY-018271,CUST-0995,2026-03-01,29,Success
PAY-018272,CUST-0995,2026-03-31,29,Success
PAY-018273,CUST-0995,2026-04-30,29,Success
PAY-018274,CUST-0995,2026-05-30,29,Success
PAY-018275,CUST-0995,2026-06-29,29,Success
PAY-018276,CUST-0996,2024-11-17,99,Success
PAY-018277,CUST-0996,2024-12-17,99,Success
PAY-018278,CUST-0996,2025-01-16,99,Success
PAY-018279,CUST-0996,2025-02-15,99,Success
PAY-018280,CUST-0996,2025-03-17,99,Success
PAY-018281,CUST-0996,2025-04-16,99,Success
PAY-018282,CUST-0996,2025-05-16,99,Success
PAY-018283,CUST-0996,2025-06-15,99,Success
PAY-018284,CUST-0996,2025-07-15,99,Success
PAY-018285,CUST-0996,2025-08-14,99,Success
PAY-018286,CUST-0996,2025-09-13,99,Success
PAY-018287,CUST-0996,2025-10-13,99,Success
PAY-018288,CUST-0996,2025-11-12,99,Success
PAY-018289,CUST-0996,2025-12-12,99,Success
PAY-018290,CUST-0996,2026-01-11,99,Success
PAY-018291,CUST-0996,2026-02-10,99,Success
PAY-018292,CUST-0996,2026-03-12,99,Success
PAY-018293,CUST-0996,2026-04-11,99,Success
PAY-018294,CUST-0996,2026-05-11,99,Success
PAY-018295,CUST-0996,2026-06-10,99,Failed
PAY-018296,CUST-0997,2024-08-19,99,Success
PAY-018297,CUST-0997,2024-09-18,99,Success
PAY-018298,CUST-0997,2024-10-18,99,Success
PAY-018299,CUST-0997,2024-11-17,99,Success
PAY-018300,CUST-0997,2024-12-17,99,Success
PAY-018301,CUST-0997,2025-01-16,99,Success
PAY-018302,CUST-0997,2025-02-15,99,Success
PAY-018303,CUST-0997,2025-03-17,99,Success
PAY-018304,CUST-0997,2025-04-16,99,Success
PAY-018305,CUST-0997,2025-05-16,99,Success
PAY-018306,CUST-0997,2025-06-15,99,Success
PAY-018307,CUST-0997,2025-07-15,99,Success
PAY-018308,CUST-0997,2025-08-14,99,Success
PAY-018309,CUST-0997,2025-09-13,99,Success
PAY-018310,CUST-0997,2025-10-13,99,Success
PAY-018311,CUST-0997,2025-11-12,99,Success
PAY-018312,CUST-0997,2025-12-12,99,Success
PAY-018313,CUST-0997,2026-01-11,99,Success
PAY-018314,CUST-0997,2026-02-10,99,Success
PAY-018315,CUST-0997,2026-03-12,99,Success
PAY-018316,CUST-0997,2026-04-11,99,Success
PAY-018317,CUST-0997,2026-05-11,99,Success
PAY-018318,CUST-0997,2026-06-10,99,Failed
PAY-018319,CUST-0998,2024-07-25,29,Success
PAY-018320,CUST-0998,2024-08-24,29,Success
PAY-018321,CUST-0998,2024-09-23,29,Success
PAY-018322,CUST-0998,2024-10-23,29,Success
PAY-018323,CUST-0998,2024-11-22,29,Success
PAY-018324,CUST-0998,2024-12-22,29,Success
PAY-018325,CUST-0998,2025-01-21,29,Success
PAY-018326,CUST-0999,2024-08-20,299,Success
PAY-018327,CUST-0999,2024-09-19,299,Success
PAY-018328,CUST-0999,2024-10-19,299,Success
PAY-018329,CUST-0999,2024-11-18,299,Success
PAY-018330,CUST-0999,2024-12-18,299,Success
PAY-018331,CUST-0999,2025-01-17,299,Success
PAY-018332,CUST-0999,2025-02-16,299,Success
PAY-018333,CUST-0999,2025-03-18,299,Success
PAY-018334,CUST-0999,2025-04-17,299,Success
PAY-018335,CUST-0999,2025-05-17,299,Success
PAY-018336,CUST-0999,2025-06-16,299,Success
PAY-018337,CUST-0999,2025-07-16,299,Success
PAY-018338,CUST-0999,2025-08-15,299,Success
PAY-018339,CUST-0999,2025-09-14,299,Failed
PAY-018340,CUST-0999,2025-10-14,299,Success
PAY-018341,CUST-0999,2025-11-13,299,Success
PAY-018342,CUST-0999,2025-12-13,299,Success
PAY-018343,CUST-0999,2026-01-12,299,Success
PAY-018344,CUST-0999,2026-02-11,299,Success
PAY-018345,CUST-0999,2026-03-13,299,Success
PAY-018346,CUST-0999,2026-04-12,299,Success
PAY-018347,CUST-0999,2026-05-12,299,Success
PAY-018348,CUST-0999,2026-06-11,299,Success
PAY-018349,CUST-1000,2024-10-24,29,Success
PAY-018350,CUST-1000,2024-11-23,29,Success
PAY-018351,CUST-1000,2024-12-23,29,Failed
PAY-018352,CUST-1000,2025-01-22,29,Success
PAY-018353,CUST-1000,2025-02-21,29,Success
PAY-018354,CUST-1000,2025-03-23,29,Success
PAY-018355,CUST-1000,2025-04-22,29,Success
PAY-018356,CUST-1000,2025-05-22,29,Failed
PAY-018357,CUST-1000,2025-06-21,29,Success
PAY-018358,CUST-1000,2025-07-21,29,Success
PAY-018359,CUST-1000,2025-08-20,29,Success
PAY-018360,CUST-1000,2025-09-19,29,Success
PAY-018361,CUST-1000,2025-10-19,29,Success
PAY-018362,CUST-1000,2025-11-18,29,Success
PAY-018363,CUST-1000,2025-12-18,29,Success
PAY-018364,CUST-1000,2026-01-17,29,Success
PAY-018365,CUST-1000,2026-02-16,29,Success
PAY-018366,CUST-1000,2026-03-18,29,Success
PAY-018367,CUST-1000,2026-04-17,29,Success
PAY-018368,CUST-1000,2026-05-17,29,Success
PAY-018369,CUST-1000,2026-06-16,29,Success
